date,parameter,value,unit,measurement_id,qualifier
1894-01-01,00060,17.0,ft^3/s,4c2cbae9-6a8e-4c58-aaee-53de0dd64010,
1895-01-01,00060,25.0,ft^3/s,bed3e8ef-27f1-4564-81be-452e3be432ca,
1898-03-26,00060,20.0,ft^3/s,812f680d-e1c9-42d3-890d-e4eda0919c6c,
1898-05-03,00060,30.0,ft^3/s,742384d6-b1ca-4167-8597-5fcb68cffbe8,
1898-12-23,00060,19.0,ft^3/s,59e4b510-a508-41c7-ab17-37d980b710d7,
1898-12-24,00060,19.0,ft^3/s,5d64d895-20a1-4cb9-b06d-fef5dfce80be,
1900-08-01,00060,69.0,ft^3/s,4064b23c-ee89-44ff-bf5d-7d09d9920d7b,
1900-12-01,00060,33.0,ft^3/s,d8928829-0a80-4660-8e19-deb7e4a277cb,
1902-06-01,00060,19.0,ft^3/s,74393f1e-2811-43cd-8d78-ecf12951f91d,
1902-08-01,00060,19.0,ft^3/s,e900c3f3-cfad-4f1e-8fcc-d56df2fb99d8,
1903-06-01,00060,69.0,ft^3/s,a46cd3dd-f53b-4cdb-bfde-8da3552ad1df,
1904-06-01,00060,43.0,ft^3/s,1d66a4ca-a0db-4648-86ea-6f7742974545,
1905-07-01,00060,65.0,ft^3/s,a07b6230-72cd-400b-8e8d-9525de53061e,
1906-06-01,00060,24.0,ft^3/s,cacf440b-8f6e-4fe7-ae91-e23c215c845b,
1910-08-01,00060,19.0,ft^3/s,03c3b824-740b-435e-a7ac-5defe9d5a2f0,
1916-08-29,00060,33.0,ft^3/s,07cea93f-82d8-47db-aea8-05201840b23d,
1916-08-31,00060,30.0,ft^3/s,e7b13098-689e-486c-a7eb-f3361d05d372,
1916-09-02,00060,30.0,ft^3/s,cc0f9f37-88d0-4010-8d35-c65bb42a81b5,
1916-09-06,00060,28.0,ft^3/s,37b20282-4864-4ed8-91b2-eda9ea538119,
1917-02-23,00060,17.0,ft^3/s,6e7ecb74-f2e3-4f04-95e9-c267529396ee,
1924-10-09,00060,7.64,ft^3/s,714d8fa2-0caf-457a-8537-1047812321fb,
1926-11-05,00060,35.6,ft^3/s,f0f636b5-96b5-4e04-9e52-cb482e639158,
1926-12-17,00060,34.0,ft^3/s,16675205-978a-40bc-9292-7f87906e6aeb,
1927-01-29,00060,33.6,ft^3/s,bf16fac1-6ee3-4b03-a285-1c948f29f5d3,
1927-03-19,00060,49.9,ft^3/s,0123dae4-e87a-4085-87ad-3027d5c179f4,
1927-05-10,00060,44.0,ft^3/s,2a37c9cf-b8ab-46e8-9592-2e0735bc1848,
1927-07-06,00060,36.0,ft^3/s,f405d1e4-86bd-4d5f-bff2-f2a374112062,
1927-08-18,00060,24.4,ft^3/s,5bbf1c5c-fdae-4720-9aca-602d5338a36a,
1927-11-25,00060,27.3,ft^3/s,fa330a46-499b-4251-9ec5-786ed6a123dd,
1928-01-09,00060,30.2,ft^3/s,1025767f-3a89-49fe-8ba7-e4dd8930a97f,
1928-02-11,00060,32.2,ft^3/s,c3b3ad4b-225d-4e18-8d9e-1ee1cf9f26e1,
1928-03-28,00060,48.2,ft^3/s,0ce3b9e1-41b8-4a3b-a529-88b4166cc375,
1928-04-07,00060,30.0,ft^3/s,4420e94e-43e2-43a6-a970-0f680c6b2464,
1928-06-14,00060,33.4,ft^3/s,da760494-0f12-45c6-adfe-d11c9a60b7c6,
1928-07-11,00060,26.4,ft^3/s,8d23a156-90d9-4820-b536-6ab7a843eab0,
1928-07-23,00060,20.2,ft^3/s,4abf8ea2-a828-4e7a-ae13-addfa0d9b75e,
1928-08-18,00060,18.8,ft^3/s,a206817c-09b6-4583-b392-5606c8c16a7f,
1928-08-28,00060,19.5,ft^3/s,29c7fc5c-f811-449b-abd2-ccb8d9fdaa28,
1928-09-18,00060,17.8,ft^3/s,dd432442-7d71-4455-9ae8-b38df493a5c6,
1928-10-22,00060,17.1,ft^3/s,79eae66f-f7cf-4524-b73b-0bda119db4cf,
1929-01-18,00060,21.5,ft^3/s,b93159f9-7ddc-4662-b59d-fd30ec3bc2b9,
1929-03-22,00060,21.5,ft^3/s,a32da1ec-99aa-4814-a309-3a976f27e7aa,
1929-04-29,00060,37.4,ft^3/s,1666dc0e-0d6b-47cd-8174-5d83aa55ae34,
1929-06-18,00060,83.8,ft^3/s,cc84b711-b2c9-4781-9b05-f73f4f56918a,
1929-07-19,00060,67.8,ft^3/s,67d40503-c462-4cf6-8a78-d54b213f9a8b,
1929-08-26,00060,43.3,ft^3/s,521cc363-df3d-4a12-9034-6977b70e21ec,
1929-11-20,00060,27.9,ft^3/s,7993b6db-d0e7-421c-adc3-cd5d0b571083,
1930-01-04,00060,23.4,ft^3/s,bcaab636-5faa-45b3-9884-69e10264b717,
1930-02-13,00060,22.5,ft^3/s,8f7da745-28d9-4411-b749-9ebd3dcd8a7f,
1930-03-21,00060,28.9,ft^3/s,a3a975b1-76d0-45c6-837a-53330ad05fa4,
1930-04-05,00060,24.2,ft^3/s,9088a2df-b356-4062-a12c-0363e3dd20bb,
1930-07-11,00060,36.5,ft^3/s,70a9c876-7b50-44ab-99ec-22950a372949,
1930-07-29,00060,28.4,ft^3/s,668ea24d-fee8-4fc0-8f1c-1b91015e18c7,
1930-08-12,00060,24.0,ft^3/s,19ebf904-4553-4dd1-aaaa-e5be7788ec8b,
1930-09-15,00060,20.4,ft^3/s,f71fb4a1-4055-4ca5-a5ad-29da2aaa8c4e,
1932-10-08,00060,22.7,ft^3/s,81211f06-47a6-4b28-8179-c14a268d8c5c,
1933-02-11,00060,27.4,ft^3/s,317e3791-473f-4f5a-b7f9-46916b70fe17,
1933-03-20,00060,32.2,ft^3/s,9245c045-ecaa-4611-8c17-152527ff00fc,
1933-04-24,00060,26.5,ft^3/s,19afc13d-6d9a-433f-bc16-1ac07375a11a,
1933-05-12,00060,25.4,ft^3/s,ed3c97aa-9da2-42bf-ac98-323e1816efd7,
1933-07-14,00060,23.5,ft^3/s,2f5a2342-4c5a-4bff-8a17-20ab71a6940f,
1933-08-26,00060,25.9,ft^3/s,ea5a9949-897e-43b1-bc09-d4bf1fc51cb0,
1933-09-22,00060,24.2,ft^3/s,590cb823-211b-42a5-8595-3e60c9b8d8d9,
1933-10-21,00060,24.3,ft^3/s,922bf6d5-8d0e-44d7-b87e-3840176b512f,
1933-11-25,00060,21.1,ft^3/s,c00854fa-0285-452d-b21e-edcc11d67da1,
1934-01-21,00060,25.1,ft^3/s,c8894e6d-90a4-4087-9c15-e06026b2ca5d,
1934-02-22,00060,52.5,ft^3/s,3a2bceb6-4b9e-44b0-bf80-63507360b252,
1934-04-02,00060,67.2,ft^3/s,d9445b7a-e70a-402f-b4a6-7e49c94d820b,
1934-06-16,00060,59.2,ft^3/s,95e52f83-ba4b-4325-8bbd-cf3a125cca86,
1934-07-17,00060,33.5,ft^3/s,0926be68-7938-40db-82a6-bbc7fb0819aa,
1934-08-13,00060,26.6,ft^3/s,66b992fe-4550-4b64-99d0-e9dca2674407,
1934-08-30,00060,24.2,ft^3/s,f2f7139b-da6e-40d4-a8fd-c4d39435045b,
1934-09-22,00060,22.1,ft^3/s,cfb7bfcb-1961-4750-afcd-4c5cb61eaa52,
1934-10-22,00060,20.8,ft^3/s,8eb834ca-296c-4085-a03d-3f9c5952b557,
1934-12-03,00060,21.7,ft^3/s,e2f58eff-fcb6-4519-921c-9a30d7d11c02,
1935-01-07,00060,24.1,ft^3/s,a1b284fe-945e-428f-9204-02ac7b2ba124,
1935-01-26,00060,22.3,ft^3/s,ea362614-5226-4bf8-92f5-65e6112d5a5a,
1935-03-02,00060,31.2,ft^3/s,d291a386-2191-42fa-b1de-f8fc80751395,
1935-03-16,00060,30.6,ft^3/s,8baf5252-82ea-4329-9da5-5ab41fdbe7d6,
1935-04-06,00060,25.2,ft^3/s,e61913cf-b6cf-403e-bd3a-883b41c38412,
1935-04-20,00060,22.6,ft^3/s,1b9d9d01-90e7-4a59-a361-2a999ac28beb,
1935-07-06,00060,81.0,ft^3/s,231506d4-e787-46a4-9778-4e43d74bc169,
1935-08-07,00060,62.5,ft^3/s,c97e70dc-6f20-4a5e-925f-aa3250c8cd45,
1935-10-04,00060,55.9,ft^3/s,5017915c-f01f-4097-90f3-b1c5324be620,
1935-11-25,00060,37.1,ft^3/s,e4a5db5c-ef51-4e30-a90b-5cfae363afbf,
1935-12-23,00060,33.8,ft^3/s,37a3000f-933f-43c7-a0e1-029c660f2b92,
1936-01-11,00060,30.4,ft^3/s,a75167b4-5eca-4712-a0fe-2387a414bab0,
1936-02-12,00060,30.0,ft^3/s,11e4ee3c-6bf2-45ad-8656-ac1b6fbb24d2,
1936-03-07,00060,18.3,ft^3/s,dc01607f-401f-4e1e-a77e-177063069b38,
1936-03-30,00060,25.9,ft^3/s,b5cbdf47-17a2-48b1-9eb9-23758911ee8e,
1936-04-23,00060,20.9,ft^3/s,0a0dfdd4-399b-4612-89e1-aa983954b43e,
1936-05-12,00060,19.8,ft^3/s,a9e2d13d-b702-46f5-a044-0a654f3794c4,
1936-06-05,00060,46.6,ft^3/s,b93bc2f4-958c-4444-95a9-949e5cb8fa7e,
1936-06-23,00060,37.4,ft^3/s,1d934dd6-1d4e-4229-af95-3d7794a976c2,
1936-07-14,00060,69.8,ft^3/s,7b674d0f-d11d-48a2-b2ab-fd3ab03eabfd,
1936-08-24,00060,41.2,ft^3/s,8ddbf735-3298-49f0-9f44-7136c941b4db,
1936-10-17,00060,47.5,ft^3/s,0d236e6b-b1c3-4096-a3fa-bd32af36fb5c,
1936-11-20,00060,42.9,ft^3/s,335b9e2c-b1f5-45f7-b8a6-6bb9f4ba55db,
1936-12-06,00060,53.0,ft^3/s,8e607b02-8737-48a7-b95b-34caaec7fd9c,
1936-12-19,00060,46.2,ft^3/s,b00e904b-c252-4673-b5f0-ee9ef61f2929,
1937-01-23,00060,63.4,ft^3/s,d57a3881-958d-4184-9b64-c0551ee6e7e6,
1937-02-06,00060,52.3,ft^3/s,4d797172-add1-4163-9cfc-dc801c35ede5,
1937-02-24,00060,44.9,ft^3/s,882c0a52-5f2a-435f-90ac-73c5f3b6ca93,
1937-03-17,00060,58.9,ft^3/s,acb9b37b-2e8f-4c31-a955-fb1afcec5e3d,
1937-04-21,00060,42.5,ft^3/s,5059c114-8276-45ba-9f7c-a657f4793383,
1937-05-16,00060,48.5,ft^3/s,5667bd9e-923b-480b-9e18-57277a60bf85,
1937-06-10,00060,65.0,ft^3/s,7f6c5499-e583-4bae-9435-21af9dddc66c,
1937-06-21,00060,62.7,ft^3/s,aee3b432-1567-4dbf-a2b0-b4d0569691be,
1937-07-02,00060,53.9,ft^3/s,a77327d5-48dc-481e-900d-ca3420223f21,
1937-07-12,00060,46.2,ft^3/s,d20e1871-2250-444d-9618-ec53ef88ee0d,
1937-07-17,00060,45.0,ft^3/s,b2e5f3b8-8b4a-4edf-bace-d0812b25f8d1,
1937-07-24,00060,42.6,ft^3/s,74600a37-a78a-4e03-9f02-b87301106095,
1937-08-04,00060,37.6,ft^3/s,440a9ea6-d481-4b0f-94ce-89f3ce0580bb,
1937-08-20,00060,32.5,ft^3/s,81ca21b2-79bb-4afd-9023-bfa7b4216159,
1937-09-07,00060,31.4,ft^3/s,36f0f0c3-d499-4c0c-8291-afb91cf01d53,
1937-10-01,00060,25.6,ft^3/s,d20b7dd0-aed7-4c0a-a124-7031924039f9,
1937-10-29,00060,26.3,ft^3/s,a1b45e26-d303-4f51-8813-3fd54c43811e,
1937-11-18,00060,23.5,ft^3/s,f2a93b7f-f559-4335-bde5-aba37eb5f632,
1938-01-07,00060,49.0,ft^3/s,3e60f823-6a6e-42fd-8672-c91a2ff5a061,
1938-02-14,00060,69.3,ft^3/s,c6f84913-f467-4b95-a0e8-e2c5ad20d211,
1938-03-15,00060,65.8,ft^3/s,a8d78f60-335c-465b-aa2c-684adeab1cd1,
1938-04-11,00060,59.0,ft^3/s,890bbabd-5a34-48c5-a953-e1829f7f2bdc,
1938-05-30,00060,82.8,ft^3/s,980ad618-dd72-4921-849a-b20ce9656d60,
1938-06-27,00060,60.0,ft^3/s,4d912c20-915d-4c29-8857-0976bbd95668,
1938-09-28,00060,30.4,ft^3/s,e79a058d-e1d7-41be-be17-ecc2799c69b3,
1938-10-15,00060,24.7,ft^3/s,121f30a6-d4a1-4f69-bb6e-d6b5510c9fb7,
1938-11-14,00060,23.9,ft^3/s,a36f90b7-377c-4556-9780-cce6fd90f4e6,
1939-01-03,00060,24.0,ft^3/s,812a7f08-be56-4d0e-909b-629b3525391c,
1939-01-28,00060,23.3,ft^3/s,06ec8605-6a9f-4a93-9128-d1b2c3e3841e,
1939-02-16,00060,23.0,ft^3/s,e4d2ab1d-b220-4cfb-82c8-da29b1e511d8,
1939-03-23,00060,16.8,ft^3/s,a265e4ad-8994-4e4e-93d1-92cf8a0e258a,
1939-04-12,00060,18.8,ft^3/s,d29c9df9-4941-4331-abf6-73308054364f,
1939-05-03,00060,19.1,ft^3/s,24da525a-ce44-462b-a79a-242469dd3319,
1939-06-05,00060,13.9,ft^3/s,65b3866f-fb3a-4b92-a19b-48cc974eed2e,
1939-07-28,00060,18.0,ft^3/s,c1bf994c-0f8c-43e2-b7aa-bcdbba7191b4,
1939-09-14,00060,16.0,ft^3/s,eac0d644-df52-4dc8-bdcb-e288c0af876c,
1939-11-01,00060,16.5,ft^3/s,486b1eef-e15c-4abf-8a20-ede9d6eaf1b2,
1939-11-09,00060,12.4,ft^3/s,d3fc849d-e099-44cc-9396-8431131b5a52,
1939-11-14,00060,16.0,ft^3/s,25a66ef5-1e69-4fa1-a80e-5808a27c54a1,
1939-11-24,00060,17.9,ft^3/s,c958f775-bcdd-498f-87ba-a785ef822517,
1939-12-02,00060,15.6,ft^3/s,36a1c178-c478-4f15-b2d3-6f22b4dd304f,
1939-12-09,00060,14.5,ft^3/s,ce006ff2-f7a8-4a19-ad85-b5a902e8a54d,
1939-12-13,00060,14.2,ft^3/s,2277749c-d3dc-4eb7-b443-1ee949b63cb8,
1939-12-29,00060,15.6,ft^3/s,13f1e9a3-cbe1-4ecd-ae9c-8d3a7a5b2f79,
1940-01-10,00060,12.3,ft^3/s,28a39219-09c6-4bcb-9e39-484da9566bbd,
1940-01-12,00060,13.0,ft^3/s,d105cfce-338e-4e65-81a7-c0fb2ad6e674,
1940-02-05,00060,15.3,ft^3/s,f6d51101-b358-450f-93f3-f8cc7c1a49a0,
1940-02-22,00060,17.3,ft^3/s,da98a5b4-d050-4b59-9ff8-8c9b8efebc20,
1940-03-02,00060,12.9,ft^3/s,9c5046da-ba3f-4bf1-aa47-385d590fa77f,
1940-03-13,00060,15.6,ft^3/s,270dd023-d877-4e25-a409-a6e055474ded,
1940-03-22,00060,14.3,ft^3/s,8851b9d0-16b1-4a69-b3bd-432845b6cea8,
1940-03-30,00060,14.7,ft^3/s,789bd103-753c-4dbf-bf5b-f69428624d88,
1940-04-11,00060,14.9,ft^3/s,93e8085d-883f-4133-9797-3f8d2e42d2a9,
1940-04-20,00060,15.9,ft^3/s,29eb5e92-b8f6-46d6-bb40-0b23cb32954e,
1940-04-30,00060,23.8,ft^3/s,200f2b2e-f504-49d0-8b0f-a2245ae17176,
1940-05-11,00060,17.7,ft^3/s,a5926f7a-32d8-4687-8fa4-832f6de9e2c5,
1940-05-20,00060,17.8,ft^3/s,60cda635-2aa7-4009-98bc-88ae557427f2,
1940-05-27,00060,17.2,ft^3/s,31b1bc5c-7ef0-4a53-ab81-84d53b1b2905,
1940-06-04,00060,16.7,ft^3/s,d76e5995-ae50-4153-bbf0-cd1592a7e541,
1940-06-12,00060,18.9,ft^3/s,4dcf49dd-4d24-4995-ad49-afebcc2faff6,
1940-06-26,00060,31.9,ft^3/s,eaa7b206-a2a1-4282-bcc5-c8b593abd0c1,
1940-07-17,00060,47.3,ft^3/s,1d42864e-49d7-402f-9c20-119d78e72dad,
1940-07-29,00060,35.9,ft^3/s,e8f49878-4c65-45f9-b871-957e6dcf8f4e,
1940-08-13,00060,37.8,ft^3/s,ad1a61ff-5260-4ece-be7e-80a0507e7180,
1940-08-23,00060,27.3,ft^3/s,201c2179-0241-46ba-aece-f2bcc71289e2,
1940-08-23,00060,28.8,ft^3/s,d9f936f0-da22-42bd-aacc-0864c1fd77fe,
1940-08-30,00060,16.5,ft^3/s,e0943c63-cdcc-46ce-a274-d6e5b3fdac26,
1940-09-07,00060,23.4,ft^3/s,db51a4b8-dc90-4f57-920a-0d1a06dadf19,
1940-09-13,00060,24.8,ft^3/s,8e7c3402-278e-41d3-b856-63e2190883d8,
1940-09-28,00060,23.9,ft^3/s,6cb28720-100a-4d5a-ae5a-bfabd04b05aa,
1958-10-02,00060,58.0,ft^3/s,2210b217-1b7c-4b48-8863-05868dc1efbd,
1958-10-03,00060,58.0,ft^3/s,3b1c1f9f-527d-46d3-ba91-6788949f8177,
1958-11-08,00060,84.0,ft^3/s,5e02a34b-6242-4c32-9e55-681292f62c6c,
1958-11-09,00060,84.0,ft^3/s,159ccff4-661d-4438-a5bb-96ed918cda9e,
1958-12-15,00060,79.5,ft^3/s,c6ac1964-3457-4356-8588-80bc7f891ec1,
1958-12-16,00060,79.5,ft^3/s,67db7abe-dc12-4ec6-b040-bce271d4c895,
1958-12-22,00060,85.1,ft^3/s,cdb50661-519e-4b5d-bb5f-b072ea575956,
1958-12-23,00060,85.1,ft^3/s,6eedc226-f0cf-4fe3-bd79-d93e61ffa14c,
1958-12-30,00060,72.5,ft^3/s,7b446a76-2d2a-45be-b691-00401f0a0aeb,
1958-12-31,00060,72.5,ft^3/s,dfc748b1-f8a8-4d11-8393-1f88fc2dc3dc,
1959-02-10,00060,71.0,ft^3/s,c7858e64-c00b-4503-890e-78f858d101b5,
1959-02-11,00060,71.0,ft^3/s,dd80057f-2c59-411e-9d73-c745e43c2052,
1959-03-13,00060,55.9,ft^3/s,d0943e60-1c6f-4734-ae03-a3c95cfc35cd,
1959-03-14,00060,55.9,ft^3/s,b2741b6b-ba5b-4b4a-b315-41c324444ad7,
1959-03-18,00060,63.0,ft^3/s,e7111e41-6314-4053-b829-f49013b1ed44,
1959-03-19,00060,63.0,ft^3/s,f88107b9-7d77-4732-b3a5-d99a4e5f6890,
1959-04-23,00060,81.6,ft^3/s,4e7eac2e-a193-41f3-8871-0e5a16432571,
1959-04-24,00060,81.6,ft^3/s,1402b815-31e4-4357-abbf-f147c1c46f75,
1959-05-30,00060,63.1,ft^3/s,0a1ff645-d31c-4d89-9a51-b4e94ed0b089,
1959-05-31,00060,63.1,ft^3/s,87fbca83-5717-4ad9-a2f7-b256b5cc11d7,
1959-07-07,00060,57.3,ft^3/s,5408046e-7ba6-476e-bdfc-816174e8cfc0,
1959-07-08,00060,57.3,ft^3/s,1368cb6d-b81c-4d6b-be49-dfa8cd67eafb,
1959-08-17,00060,32.3,ft^3/s,22127831-ebbf-4de8-8c5e-09668f7b6f98,
1959-08-18,00060,32.3,ft^3/s,81b5cbad-08ad-4bb5-aec8-13dde2287037,
1959-08-20,00060,41.1,ft^3/s,7605760f-860a-4eb4-a2d6-e2f1503f0ad4,
1959-08-21,00060,41.1,ft^3/s,3fd6361c-e411-42cf-b25b-bab1bcf976ac,
1959-09-11,00060,42.6,ft^3/s,03c318c4-0310-4a6e-b7bc-7dd3f86de145,
1959-09-12,00060,42.6,ft^3/s,00cacd59-d462-45e6-a6ba-10619bd2678f,
1959-12-10,00060,49.7,ft^3/s,9b6cbb22-4e1d-4e36-a4f4-33a4413a4262,
1959-12-11,00060,49.7,ft^3/s,eb0da686-fcfd-47a6-bb7d-804e8344be1c,
1960-01-18,00060,62.0,ft^3/s,6ba591e0-0976-4baa-8571-c635d8b60f2c,
1960-01-19,00060,62.0,ft^3/s,a403c97c-55ff-4392-a30c-2bbe6d518b9b,
1960-02-20,00060,77.6,ft^3/s,7ff55055-aaec-4185-856c-1c841937a919,
1960-02-21,00060,77.6,ft^3/s,a8ba09ce-428e-41b8-aed4-ca8e9313522f,
1960-03-23,00060,70.9,ft^3/s,20a955ee-1403-4e34-b184-ce3836f6c94f,
1960-03-24,00060,70.9,ft^3/s,b7b31bab-fe7a-49f7-83cb-440d78cb2722,
1960-04-23,00060,64.8,ft^3/s,39305761-5fd2-4a83-9adc-29ede214d196,
1960-04-24,00060,64.8,ft^3/s,d0db7eb4-81be-44a7-93df-63972a663470,
1960-05-25,00060,55.9,ft^3/s,f1402a80-de54-4e28-882d-9064be1037cf,
1960-05-26,00060,55.9,ft^3/s,163b3668-115f-40d7-9a26-a44beeee222b,
1960-06-28,00060,52.7,ft^3/s,ed6ff23e-98cc-42f5-9588-c158cacca8fc,
1960-06-29,00060,52.7,ft^3/s,70e51de3-64c6-4657-929c-a9b6513cc4de,
1960-07-22,00060,48.6,ft^3/s,053c54f0-1a11-4849-b6a9-9abb379e6956,
1960-07-22,00060,43.4,ft^3/s,cd625879-1465-409f-82b0-2132df3c04fd,
1960-07-23,00060,48.6,ft^3/s,2727317f-ae2f-4527-a12f-34793fb0a007,
1960-07-25,00060,49.6,ft^3/s,66ea5147-9f07-40fd-bfef-898af86fed6b,
1960-07-26,00060,47.3,ft^3/s,5063703d-a240-4145-b145-26504fa09451,
1960-07-26,00060,45.8,ft^3/s,a515692a-9d2b-4120-9365-386b2691e142,
1960-07-27,00060,43.4,ft^3/s,64dd3306-3c1a-48f3-b3b9-5beed44ee8ed,
1960-09-07,00060,52.5,ft^3/s,ab7223b5-0fef-412c-a013-916db85954c7,
1960-09-08,00060,52.5,ft^3/s,d7a78542-d696-416d-bab2-847993d96b1e,
1960-10-13,00060,46.2,ft^3/s,f50c6136-5a71-48eb-b831-094446d1cd66,
1960-10-14,00060,46.2,ft^3/s,bf2c630e-4796-4497-8c24-7f4fc5af4c8e,
1960-12-27,00060,88.3,ft^3/s,829aec52-1900-4a7a-9f98-5105a96c388a,
1960-12-28,00060,88.3,ft^3/s,3e180074-b39f-4840-ad0f-36aad356834a,
1961-01-26,00060,89.9,ft^3/s,b0875849-c288-40cf-89d9-ae3557db79e7,
1961-01-27,00060,89.9,ft^3/s,cc36763e-ee95-4c98-a67d-bf46f50d7acb,
1961-03-03,00060,100.0,ft^3/s,71f6f17d-2e36-4c41-b837-bbde35bfd2e7,
1961-03-04,00060,100.0,ft^3/s,09dd23fd-62a3-48df-a1c2-528fef37dc5a,
1961-05-05,00060,94.1,ft^3/s,5dae8f7b-273a-424f-9b7c-c3e553b82880,
1961-05-06,00060,94.1,ft^3/s,ebb1db5a-34ee-42d9-a8cb-1aee75aaacf9,
1961-06-05,00060,72.4,ft^3/s,ba09938c-899e-4a89-9561-d81f1654c857,
1961-06-06,00060,72.4,ft^3/s,39833be7-931a-4ba9-8586-2069584718f6,
1961-08-01,00060,144.0,ft^3/s,e9905d17-7d28-4a89-9a1f-c1881f974813,
1961-08-02,00060,144.0,ft^3/s,1f5443f2-fe6c-4207-98ea-28198eb21365,
1962-01-26,00060,53.5,ft^3/s,344264fc-a36d-47af-8ca5-9da6484d2af9,
1962-01-27,00060,53.5,ft^3/s,b6384a11-b2c2-4720-bd17-fc36f7a098d7,
1962-02-23,00060,59.2,ft^3/s,005b9b67-be14-46f9-b09f-af65f16d960c,
1962-02-24,00060,59.2,ft^3/s,89eefe32-44d2-4f88-a6a1-fccedef9db62,
1962-07-12,00060,39.0,ft^3/s,61763d35-09c5-4b35-8b41-5b5e4587b3fd,
1962-07-12,00065,2.13,ft,346c168c-6e46-4100-90fa-833583a5bd64,
1962-07-13,00060,39.0,ft^3/s,37046e47-b857-4204-9086-ee390120e5c4,
1962-12-06,00060,33.6,ft^3/s,90e380a2-8623-4b83-b566-32df79905106,
1962-12-06,00065,2.22,ft,685b14e9-f8d8-43f9-8422-c7481f40777e,
1962-12-07,00060,33.6,ft^3/s,d5deca15-c389-483e-aeff-2a05b8c420e7,
1963-01-03,00060,44.4,ft^3/s,25d45ba1-26d2-41af-83a4-e3576f26749d,
1963-01-03,00065,2.4,ft,dbc5e4a0-2f74-4b59-97b8-ed67a451013d,
1963-01-04,00060,44.4,ft^3/s,55de02ce-970e-4291-ba7d-0ca0efa032f5,
1963-02-06,00060,50.1,ft^3/s,413d0b5d-e0fc-486f-8e9b-1af23440ed53,
1963-02-07,00060,50.1,ft^3/s,4417beb2-4c0c-48e8-907b-0cddbb0d8dac,
1963-03-13,00060,47.0,ft^3/s,58836ce2-a7ff-406c-8c31-8cd00ccfedf0,
1963-03-14,00060,47.0,ft^3/s,e5f8cd99-478d-4d21-9e92-546421de25d1,
1963-04-22,00060,67.2,ft^3/s,2f87180d-7497-4085-addc-38c41675204d,
1963-04-22,00065,2.49,ft,e381c86c-2e75-4750-bcfa-9cf5f2712e4d,
1963-04-23,00060,67.2,ft^3/s,de3cbc97-5b81-45a3-b0d0-49235e6a66d4,
1963-05-23,00060,51.3,ft^3/s,be6e0816-3b6a-499f-8a8e-2bcfd1c73cf9,
1963-05-23,00065,2.37,ft,d10449e1-0efd-4ed2-a564-c4d2392a8ce6,
1963-05-24,00060,51.3,ft^3/s,36b0c852-fb3f-41bb-98fc-081d9e758b45,
1963-07-05,00060,29.5,ft^3/s,41fb2332-8f52-4028-ab49-cfa0710bec2e,
1963-07-05,00065,2.26,ft,3ebf17fc-2ac5-4920-94b5-02eba8e2503c,
1963-07-06,00060,29.5,ft^3/s,baef98ae-bb33-4cac-915d-454f9c876359,
1963-08-02,00060,40.0,ft^3/s,ca8f10de-d140-4c7b-9af2-8739c32b8d88,
1963-08-02,00065,2.15,ft,e0142910-84eb-4699-8df6-3a078357b7a8,
1963-08-03,00060,40.0,ft^3/s,a15149e0-b694-49b3-918e-018cec927f1b,
1963-08-15,00060,32.1,ft^3/s,9369311b-b731-4997-b236-ef42fa6c9918,
1963-08-15,00065,2.12,ft,a5bb5042-b039-4260-b832-731457065f70,
1963-08-16,00060,32.1,ft^3/s,1c860c64-6597-4800-bd17-db1d6fe1d608,
1963-09-24,00060,20.7,ft^3/s,5d7eafa1-1db8-4793-b0db-1925956c2c73,
1963-09-24,00065,2.07,ft,6bd14dc5-d5d7-446e-813b-70433e51b05e,
1963-09-25,00060,20.7,ft^3/s,1f84cee3-4d74-49a8-9cf3-66082d1e78fc,
1963-09-28,00060,21.2,ft^3/s,2c837ba0-db39-4188-8113-a24c1785eb18,
1963-09-28,00065,2.04,ft,f5de41ce-5eba-41be-a86f-567cdb93f873,
1963-09-29,00060,21.2,ft^3/s,719603d6-e940-4760-b934-1c1c1bbfe7a3,
1963-11-21,00060,20.2,ft^3/s,7f16a9a0-264b-400e-95d9-6ed74a9e1e4c,
1963-11-21,00065,2.02,ft,c1fa6ed7-99f6-48a0-a6f7-41097b1ac212,
1963-11-22,00060,20.2,ft^3/s,4e97a5ee-d86b-45a9-9bbb-538dc22aa8fd,
1964-01-02,00060,18.7,ft^3/s,a7f27e57-c4c7-4469-9d0e-d2812c181833,
1964-01-02,00065,2.05,ft,d55cfce2-4562-4e29-bf2e-d57094048499,
1964-01-03,00060,18.7,ft^3/s,7bc3e074-d72d-4b10-a512-ac1ffa28d259,
1964-02-15,00060,20.9,ft^3/s,aa3bd1fc-abfa-4ad5-8a72-eddb48a4dd0e,
1964-02-16,00060,20.9,ft^3/s,2216da2c-8967-4736-996b-4d4c262c7ec0,
1964-03-14,00060,19.0,ft^3/s,8237aac8-ace7-4ccd-b68a-f0af9109b992,
1964-03-15,00060,19.0,ft^3/s,b4975f1b-e8c2-49ce-9f17-6c4e63e3b9ad,
1964-04-09,00060,27.2,ft^3/s,6a879f57-b66b-42f6-ac98-81a144156f52,
1964-04-10,00060,27.2,ft^3/s,4879eee8-b046-40e7-9c73-6f4fde5c3b97,
1964-05-09,00060,0.3,ft^3/s,1f4b0900-cd65-4e00-b22f-b5c0e8c626d8,
1964-05-10,00060,20.2,ft^3/s,162c296f-cfce-4f21-adca-343f94a526c0,
1964-06-11,00060,21.3,ft^3/s,35a5f7f9-5c55-4bce-8679-9a68a81143d4,
1964-06-12,00060,21.3,ft^3/s,135d6ee6-25e8-4dd5-9329-fbf56a418a49,
1964-07-14,00060,20.2,ft^3/s,c14a651f-7e92-44f6-837a-60547bd57726,
1964-07-15,00060,20.2,ft^3/s,8f322fdb-3971-46c6-83dc-5e68544b34f2,
1964-10-17,00060,18.6,ft^3/s,86565ffd-eccf-4e06-b838-c03e783194fc,
1964-10-17,00065,2.4,ft,699e2207-a097-435a-ae5d-729f149d455a,
1964-10-18,00060,18.6,ft^3/s,b5c95152-f054-4512-9052-f587c44875f5,
1965-03-13,00060,66.3,ft^3/s,8b8a3070-9066-4eff-979d-920bfb032003,
1965-03-14,00060,66.3,ft^3/s,a5018bd7-8ba4-4f00-b68c-7753f0398439,
1965-06-02,00060,96.6,ft^3/s,5143d231-effb-4b1c-840f-703a020a380f,
1965-06-03,00060,96.6,ft^3/s,6a166693-08fc-4227-9cee-1c191cb95705,
1965-08-18,00060,75.1,ft^3/s,191dc631-dd74-4f5b-a234-b9e0a45ded89,
1965-08-19,00060,75.1,ft^3/s,8617ef9e-dea1-47a5-bc94-cd0229ecdd26,
1965-12-08,00060,83.0,ft^3/s,84538412-db44-4aa5-aa95-64a4eabfad6d,
1965-12-09,00060,83.0,ft^3/s,8df0e7c1-78b8-4bac-9f4d-ddf22e55b2d5,
1966-03-04,00060,79.0,ft^3/s,03cd1dd3-ed74-4d6f-9c6c-b5ad246dba00,
1966-03-05,00060,79.0,ft^3/s,6fa3a3e2-ccbe-4800-a806-c5af152ce153,
1966-06-10,00060,72.5,ft^3/s,83e2b6aa-f9cf-4527-8e2d-1c9ebf42a19b,
1966-06-11,00060,72.5,ft^3/s,d0c018c1-7e13-42a3-9aec-0ad7da352306,
1966-08-17,00060,45.1,ft^3/s,73e71e76-9c65-435a-a798-791dc19c28e1,
1966-08-18,00060,45.1,ft^3/s,1bc06cf4-17e6-40a2-b76e-7159cb474575,
1966-11-22,00060,26.1,ft^3/s,16159a90-323f-45d7-a254-263e3d5e01f7,
1966-11-23,00060,26.1,ft^3/s,0be62d4f-133b-4015-8f6c-2097fbeae426,
1967-03-07,00060,27.2,ft^3/s,3813fb46-b690-4d95-b06f-02dd069beecd,
1967-03-08,00060,27.2,ft^3/s,d6a1fecb-c5dd-4141-bb1d-d9e31d71ca80,
1967-06-30,00060,17.0,ft^3/s,ce1a2cf8-a18d-4010-8fd2-f156e99a8729,
1967-07-01,00060,17.0,ft^3/s,00edc1f8-3f47-4758-a3cd-d285d2006c9c,
1967-09-27,00060,64.6,ft^3/s,63de6286-d37e-4a7d-b2bb-32ea676952c7,
1967-09-28,00060,64.6,ft^3/s,932a671f-a940-48d9-aedb-76028ecb75f2,
1967-11-13,00060,49.0,ft^3/s,d9400ef6-6e2c-43ec-a216-7ab1550a345e,
1967-11-14,00060,49.0,ft^3/s,3ce1ae96-c2f9-4bcb-8e44-89facc56068f,
1968-03-04,00060,100.0,ft^3/s,c624e56c-313f-47fc-9f62-fa5e8afb3b18,
1968-03-05,00060,100.0,ft^3/s,21e3100d-8244-44e9-8d6b-ce1e3c9f0bab,
1968-06-21,00060,84.5,ft^3/s,4aa4720c-ae2d-451c-8b8b-2ff4cfda31ed,
1968-06-22,00060,84.5,ft^3/s,84e17ee8-2bce-4bc3-98e2-c0f65d12617a,
1968-06-25,00060,90.0,ft^3/s,d245c06a-9b44-4673-b8e5-e586106314bc,
1968-07-25,00060,90.0,ft^3/s,6f34b2ca-cb09-4f4c-b497-6374d2811c42,
1968-09-29,00060,73.6,ft^3/s,15f8b57a-a2a1-4f45-88a5-ec1f3c2b41a7,
1968-09-30,00060,73.6,ft^3/s,d9b18fcb-6c44-4d00-ac29-893f7f7a9043,
1968-12-07,00060,51.4,ft^3/s,fac98e3a-895e-42f1-a68b-1735e7714d23,
1968-12-08,00060,51.4,ft^3/s,55a8a461-f55d-4065-879b-0d5e07f2dfbc,
1969-03-18,00060,74.7,ft^3/s,37a026c9-af5c-4a38-b993-44b28f4aced8,
1969-03-19,00060,74.7,ft^3/s,f72c369e-3ee5-43cf-a9ab-adbf863312c4,
1969-06-04,00060,129.0,ft^3/s,5b7fbd0c-1366-4dff-bfa8-bd6ed3bcf669,
1969-06-05,00060,129.0,ft^3/s,d55d4851-f455-40c4-80aa-92ff95381d7a,
1969-08-13,00060,62.4,ft^3/s,67704a40-7a58-4fd8-88ba-91ea1d7e8a5c,
1969-08-14,00060,62.4,ft^3/s,c5ee79fb-8688-4479-9117-3ac1701b9bb5,
1969-10-16,00060,50.9,ft^3/s,0fb84cd3-db1b-4d7f-854b-54cd15281252,
1969-10-17,00060,50.9,ft^3/s,94bef0b2-8a51-4f9d-af55-9cb5005c3214,
1969-11-05,00060,47.2,ft^3/s,bea3bc02-708b-463c-8fc4-f4d5000a4ccb,
1969-11-06,00060,47.2,ft^3/s,a6d808a1-db38-4346-801d-5e213aac9ee8,
1970-04-08,00060,112.0,ft^3/s,14ef7182-be92-4876-9921-8b058ee4340f,
1970-04-09,00060,112.0,ft^3/s,6922b978-42b0-4b3a-b10c-f72e0589423a,
1970-07-08,00060,99.5,ft^3/s,eac68f1b-b01e-4845-a5f4-e0c44a9a3509,
1970-07-09,00060,99.5,ft^3/s,e926bade-df0d-4b63-b809-c1b6cce17f4f,
1970-10-01,00060,82.1,ft^3/s,624ab47b-ca3b-4309-8b5f-bc037f352a17,
1970-10-02,00060,82.1,ft^3/s,1ef10452-004f-4054-94fc-dfbf6e475b47,
1971-03-18,00060,31.7,ft^3/s,731b16d8-09de-4d9d-a596-a0a8479a618b,
1971-03-19,00060,31.7,ft^3/s,12b3b52a-d5ca-4018-96a1-93ad8481e68f,
1971-04-09,00060,35.6,ft^3/s,8cd8c1d1-e001-4b62-90bd-15b926f1ccc2,
1971-06-09,00060,35.6,ft^3/s,484655be-d3f3-4dbf-844a-20d97f4fc4b9,
1971-07-07,00060,20.9,ft^3/s,73f3612e-54b6-4726-96b2-e2fb5b603754,
1971-07-08,00060,20.9,ft^3/s,336dde8f-ed49-43d8-a9af-cf98658ccd68,
1971-11-29,00060,73.6,ft^3/s,ed531e30-37f7-4ece-b7d6-3ccdd05f15e3,
1971-11-30,00060,73.6,ft^3/s,551a0b72-ea9a-47c9-9a27-b81af8ba6466,
1972-01-24,00060,99.8,ft^3/s,e2bac6cb-256b-4ad1-8dbe-974ceacf9322,
1972-01-25,00060,99.8,ft^3/s,f348c32b-7828-4622-aec8-e3d938771546,
1972-05-05,00060,81.9,ft^3/s,ea805831-482c-4b8d-903c-ccb88dcf1989,
1972-05-06,00060,81.9,ft^3/s,43b652df-390c-46a9-afbc-4bfb693b4d2c,
1972-08-17,00060,80.1,ft^3/s,d7015ba5-bad6-452a-bcc2-587bf99f13ad,
1972-08-18,00060,80.1,ft^3/s,2dec5ee1-2a74-4863-942a-e77f84a177c2,
1972-12-01,00060,75.0,ft^3/s,4e2d9ef0-a1e2-43c5-b999-bed7b219c12a,
1972-12-02,00060,75.0,ft^3/s,7bed0c4c-5c5b-4d9b-b0e8-ac0adf2a48b2,
1973-01-07,00060,95.5,ft^3/s,17d253d2-1736-494d-8afe-c570e0ec419b,
1973-02-28,00060,69.0,ft^3/s,b10beb7a-e28e-4e99-b3b8-54e66720478a,
1973-03-01,00060,69.0,ft^3/s,1fe98904-12d7-4b92-9eaa-0f35334272e0,
1973-05-03,00060,96.7,ft^3/s,79b03516-a7d1-490b-865d-e2eecd2eeba5,
1973-05-29,00060,119.0,ft^3/s,4eb97cf5-688d-4033-9e3c-4459277443d6,
1973-05-30,00060,119.0,ft^3/s,2a64f582-631b-4c61-b0fb-974bee6e2046,
1973-06-19,00060,87.3,ft^3/s,ab2efb8f-e41c-4549-8556-61827ff121e4,
1973-09-11,00060,66.0,ft^3/s,6bb40071-58e6-492d-ad6b-2995e04a06e6,
1973-09-13,00060,87.4,ft^3/s,54687f34-108a-42e3-8e11-259ca4f9371c,
1973-09-14,00060,87.4,ft^3/s,96838cc7-d4fb-4f0b-b950-5d1a3325e14d,
1974-01-07,00060,95.5,ft^3/s,9fbc44d7-0367-45b0-bb01-5cd740c13956,
1974-05-03,00060,96.7,ft^3/s,26f0e509-3d0f-4afc-bef4-2b659b4cf03e,
1974-06-19,00060,87.3,ft^3/s,d1aeda6d-d0a0-4434-8c93-310be4430154,
1974-09-11,00060,66.0,ft^3/s,46ab1d44-5a88-495f-8ee7-a840bd272207,
1975-01-15,00060,96.5,ft^3/s,47f43d9e-ab81-4e96-ab5c-e247854e3f79,
1975-01-16,00060,96.0,ft^3/s,24e61559-c4dd-42b7-9441-6246fef676ce,
1975-03-04,00060,96.4,ft^3/s,7d775662-bdea-4f4a-a023-3af41825bf30,
1975-03-05,00060,96.0,ft^3/s,4d32b7cb-35fb-491d-ac35-954a5b901c62,
1975-04-21,00060,94.7,ft^3/s,b31c0783-74bf-47b9-814c-e0b4d20f1e33,
1975-04-22,00060,95.0,ft^3/s,0e545142-817b-4ad0-9922-05047449b6a0,
1975-06-30,00060,119.0,ft^3/s,23fef055-42ae-47fe-9952-77ad67349cd2,
1975-07-01,00060,119.0,ft^3/s,84c750b5-d117-4c83-bc65-9846d9ec0b8f,
1975-11-03,00060,86.2,ft^3/s,d1dbb5ff-c97a-4adf-84ea-8485cdbe34bc,
1975-11-04,00060,86.0,ft^3/s,da9f2bb7-0ab0-4823-8779-b3b29e58f959,
1976-01-06,00060,66.3,ft^3/s,4c206c60-a6aa-42ea-aedf-86074a3afc85,
1976-01-07,00060,66.0,ft^3/s,f9dc1eba-55f2-49d9-a35a-0bec1d8a0e03,
1976-02-24,00060,55.6,ft^3/s,747a7485-6ef1-43d9-8496-0fc0ef379ed9,
1976-02-25,00060,56.0,ft^3/s,c5e3151d-1b92-4a1e-9644-33d6353c1e92,
1976-09-07,00060,89.1,ft^3/s,ed31d609-dae8-4dc9-8f08-bf41c313a42d,
1976-09-08,00060,89.0,ft^3/s,e4fcb57b-e011-4f99-9611-048ffdd94b3c,
1976-11-03,00060,96.5,ft^3/s,b63a7b09-5f72-4be2-8f1b-927c159e3a3a,
1976-11-04,00060,96.0,ft^3/s,214dac32-ce2b-4dd4-a04d-da6496b2d0be,
1977-03-02,00060,99.1,ft^3/s,c15926d1-c5fc-4b8e-8dac-2b4a25e77586,
1977-03-03,00060,99.0,ft^3/s,d3027063-727e-41f1-ad33-fbcfdfb27aa4,
1977-05-18,00060,105.0,ft^3/s,005199d4-2d96-4d10-90eb-917653c348ab,
1977-05-19,00060,105.0,ft^3/s,366cd247-71f6-408d-9191-99a759a2b99e,
1977-09-22,00060,79.3,ft^3/s,c2059f9b-dcf4-4c07-a199-442ef321cd3b,
1977-09-23,00060,79.0,ft^3/s,3b73ea58-3638-4f5d-bbac-a30e1063124a,
1978-01-16,00060,38.9,ft^3/s,3fc34416-0846-4f52-b9a1-e9951c865906,
1978-01-17,00060,39.0,ft^3/s,09f9aa2c-fd0f-477a-9f0d-2155ea6297c2,
1978-02-28,00060,42.4,ft^3/s,81ae3419-5a90-4eda-9380-090307fc8717,
1978-03-01,00060,42.0,ft^3/s,d2763e93-ac46-45b8-aea0-9668b397758b,
1978-03-28,00060,34.2,ft^3/s,93583433-98aa-4374-a794-8a00bb476ade,
1978-03-28,00065,18.83,ft,68adea2f-5525-4cc5-b481-c967d2e3c433,
1978-04-11,00060,32.4,ft^3/s,db228f9d-7798-4c0d-b088-7c4d13648f72,
1978-04-11,00065,18.85,ft,a80043d1-ac03-44f6-9585-6600146a1755,
1978-06-08,00060,35.3,ft^3/s,f13f782f-edb2-4e11-9004-1033a466c8a1,
1978-06-08,00065,19.0,ft,69d983ce-9586-499e-89f2-b8834d3478cb,
1978-07-18,00060,20.6,ft^3/s,bda8f98e-437d-4d2a-b159-ee1ee1c4ba14,
1978-07-18,00065,18.74,ft,49c93c77-7a78-4355-bdbb-7380782cdfd5,
1978-07-20,00060,19.5,ft^3/s,57fb34b5-da5c-40e2-a7ba-c1b72c6faf45,
1978-07-20,00060,31.4,ft^3/s,a5b44e3a-05a6-4cc2-8a91-15be0b56e892,
1978-07-20,00065,19.16,ft,7c0c8e62-8163-4937-811a-091d25352981,
1978-07-20,00065,14.95,ft,baba2608-0627-488d-b804-defc125a309e,
1978-08-08,00060,25.7,ft^3/s,c46751eb-9652-427b-8286-c7190b6808c5,
1978-08-08,00065,19.06,ft,c6f2618b-6c3f-4582-935a-51fcf7b5a91d,
1978-09-27,00060,26.2,ft^3/s,358c0b68-f318-4593-9813-821940ce3cdb,
1978-09-27,00065,19.07,ft,9c71a32a-7a12-4aa4-8cb0-a13d9c8cc608,
1978-12-05,00060,38.0,ft^3/s,a2893683-010a-4286-89a8-9da9f7692d5e,
1978-12-05,00065,19.29,ft,b7fb50f0-0dc1-4381-918a-1ecce553c0bf,
1979-01-19,00060,68.0,ft^3/s,22ff12d1-1878-4e93-b02b-9da585b8d5f0,
1979-01-19,00065,17.68,ft,90c11233-b31e-4f54-a161-6c9ccafdf778,
1979-02-28,00060,96.8,ft^3/s,aacd0410-1814-4c70-bb0a-28c2eefbecdd,
1979-02-28,00065,18.63,ft,d2157df3-4c5a-495d-9c54-968fc0e51a00,
1979-03-16,00060,85.9,ft^3/s,3280e5c8-b63a-4850-ae57-11580017ab0a,
1979-03-16,00065,18.46,ft,b8ddeb09-c1b2-4685-bca5-8c34ba0d5cce,
1979-04-05,00060,89.3,ft^3/s,cc856190-ee50-4c97-b655-78440f9c38cf,
1979-04-05,00065,22.35,ft,734725a4-4a69-46d6-943c-61718946cafb,
1979-04-25,00060,103.0,ft^3/s,79aaefd3-2ffa-45ab-8796-fe57477b4a3e,
1979-04-25,00065,22.64,ft,5df8702d-8751-4456-bb75-00fe72a8147e,
1979-06-13,00060,105.0,ft^3/s,ca88b6ac-c018-471c-9556-c05eef273577,
1979-06-13,00065,23.06,ft,150d8dcd-f585-4ae6-a016-591564c48b89,
1979-09-19,00060,83.3,ft^3/s,51f27c4a-22ce-41d2-94e7-104567297d9a,
1979-09-19,00065,21.77,ft,8445a592-b9df-44e3-ba75-6091d400027e,
1979-11-05,00060,64.6,ft^3/s,01ef62ab-1652-4c48-b93e-7ec4aa49670d,
1979-11-05,00065,30.78,ft,33855fc8-2d3d-4e1d-8db8-6b78fd22de7d,
1980-01-16,00060,37.8,ft^3/s,266edee1-18bc-44a1-8546-bf49efab1a50,
1980-01-16,00065,32.67,ft,ac5363a1-75e5-4154-ba8e-17d53775b7ac,
1980-07-03,00060,68.1,ft^3/s,7ac49f86-ff22-495f-8cc3-0bb2f825d0f6,
1980-07-03,00065,27.31,ft,e95bee52-5bbe-4cd2-b970-7a09eaf4eb0b,
1980-07-31,00060,51.2,ft^3/s,f7407702-c782-4c6b-9b5c-0f09261c86ce,
1980-07-31,00065,28.03,ft,2ca4d6c7-5e2c-4ecc-9a17-de6eb8dde70d,
1981-04-08,00060,66.0,ft^3/s,a58b8fa6-93c3-4dd3-a699-d4a5cf840e17,
1981-04-08,00065,27.25,ft,3622204f-76fc-4d6b-ae7b-8fe640a9fea5,
1981-07-28,00060,93.2,ft^3/s,8aa0264b-8622-45ab-b1f8-06595392f539,
1981-07-28,00065,25.26,ft,0ead8965-c984-444d-892c-4f982e281e45,
1982-07-14,00060,59.7,ft^3/s,fc3d06dc-aea8-42ed-9965-87e4798beb85,
1982-07-14,00065,27.7,ft,3d83f0ef-6a91-4c77-820a-1a1401d71564,
1984-02-22,00060,33.7,ft^3/s,6c2f3c66-89d9-4bae-a46b-d44c85e8dc79,
1984-02-22,00065,32.98,ft,22ae0db7-a23c-43a9-8d41-32c9d634a2b4,
1985-01-28,00060,72.4,ft^3/s,3d1f907f-0d8e-43c2-9590-3fdd8ff56a94,
1985-01-28,00065,26.77,ft,9c665882-666a-419e-92af-64c0ccb695c8,
1986-07-01,00060,87.9,ft^3/s,d9c8f700-2a71-4e63-ae0d-d0a4ef0cf680,
1986-07-01,00065,26.31,ft,c87cc5e4-2c3b-4e22-9e6f-f6f9a08c645d,
1987-01-15,00060,65.2,ft^3/s,ef840298-7ff9-4b6b-95cd-50324f18c8a6,
1987-01-15,00065,26.78,ft,5503e080-c6ee-4206-9075-82d3e746ce93,
1988-02-11,00060,58.4,ft^3/s,44ab8617-41ed-4939-bb11-d64ee8a0df2b,
1988-02-11,00065,27.52,ft,7b896d5c-c147-419d-8c99-d885a670c0f6,
1989-03-08,00060,24.0,ft^3/s,9e670c5c-d261-41f4-b8cd-fd8f56342ed1,
1989-03-08,00065,33.23,ft,17a04a06-d79b-492b-9a4e-62234b33d107,
1989-04-18,00060,23.0,ft^3/s,cf39c362-c35e-40df-be9f-95a83a726636,
1989-04-18,00065,28.79,ft,7c2d8918-989c-4df3-a6b3-0a60d028349f,
1990-01-03,00060,13.9,ft^3/s,31ccf4e9-06f8-4ae5-8fa7-77bd575edbce,
1990-01-03,00065,28.92,ft,47c367cf-0c71-4886-a1a0-0ddc915ca1ac,
1990-01-04,00060,16.5,ft^3/s,a4b22dd6-8ac2-402d-9c79-4829d18f556b,
1990-01-04,00065,28.92,ft,7668b4e0-bed3-4e8e-8e09-5a4e3f5056ac,
1991-04-12,00060,89.3,ft^3/s,0df96e87-6c4a-4cda-adcc-647443f369bd,
1991-04-12,00065,25.64,ft,c8f5229c-2c06-487b-94a5-6934d663ce5f,
1992-04-22,00060,118.0,ft^3/s,e1036ba7-d961-4877-b22f-4b09d2df4d4a,
1992-04-22,00065,25.17,ft,dfc6ea9e-fe38-4b70-9ce1-8844c23b8628,
1992-05-12,00060,145.0,ft^3/s,2d958ea3-8648-4e8c-b44b-762945934b19,
1992-05-12,00065,24.52,ft,4aa0ccd8-3c8e-4330-90b6-e2e4ab3046c6,
1992-10-09,00060,115.0,ft^3/s,aef97233-d5b6-4cea-b3a9-e52b325c5db1,
1992-10-09,00065,24.94,ft,fb93bea3-097e-451a-8e88-80df619bc29b,
1993-06-03,00060,106.0,ft^3/s,d0f8917a-ec08-475a-b10f-26a2b76a8c35,
1993-06-03,00065,27.94,ft,e392c0c5-f5d9-46f2-adb8-430eb52c7968,
1993-09-23,00060,73.2,ft^3/s,5156645b-ef4b-447c-8a8f-a06ded5905f4,
1993-09-23,00065,27.88,ft,497350da-32e7-4b4e-9ab4-7557912e485c,
1994-06-17,00060,34.8,ft^3/s,cdd5c567-6375-40a0-b203-9128c3a0241a,
1994-06-17,00065,28.84,ft,5cbba536-a013-47fe-9475-0c335bd441d2,
1994-06-27,00060,42.9,ft^3/s,51d0debb-e12a-4eb9-94e5-0eef3bac038d,
1994-06-27,00065,28.51,ft,ec1093d4-5115-4cd4-9469-71bfd4ac6b43,
1994-10-06,00060,24.7,ft^3/s,43ae65a7-4de7-46b6-94f9-1559d9333783,
1994-10-06,00065,19.18,ft,4960a132-2311-480e-a267-9d10633215bc,
1995-07-13,00060,91.9,ft^3/s,00e2be49-719e-4428-8093-d5beac4e2039,
1995-07-13,00065,24.27,ft,8008322d-417a-4b3b-a6e2-cd27a8532a51,
1996-01-24,00060,33.0,ft^3/s,23fb793c-4d72-481b-8f6f-202306437d4a,
1996-01-24,00065,21.46,ft,77d3aa37-098c-4c1d-8116-ef9f3453497e,
1996-05-03,00060,15.1,ft^3/s,8b0d6e3f-b05f-4210-9b02-a5131f091a93,
1996-05-03,00065,21.14,ft,c4f1336b-e4ea-4e91-9740-c0f576bf2123,
1996-05-13,00060,21.4,ft^3/s,6044a545-e11d-4356-ac5d-7c9e630db9e5,
1996-05-13,00065,21.04,ft,faf1bd55-def5-4255-8945-be66a9366947,
1996-05-17,00060,22.3,ft^3/s,4f436e68-7967-48a3-9954-96c14ed921f9,
1996-05-17,00065,21.15,ft,5da306f3-68c8-4caa-956a-322745bd05a7,
1996-05-21,00060,23.8,ft^3/s,993632bc-d97e-4dc9-9b61-6ac1c03d7eca,
1996-05-21,00065,21.15,ft,c136db8e-36d9-49f7-9804-dfe368a35544,
1997-04-15,00060,73.8,ft^3/s,fed2c4a1-8e87-4fee-8847-fb9802915a68,
1997-04-15,00065,23.38,ft,c1d3fd66-6893-419e-b875-90025f7b74dd,
1997-04-21,00060,64.0,ft^3/s,612246ba-6a7b-4b57-91a1-c96b6b689436,
1997-04-21,00065,23.44,ft,164656f2-0b52-44f6-8306-a6ee99355ed0,
1997-07-14,00060,113.0,ft^3/s,5c32d6c2-8073-4501-9130-e78f8b0c3c6e,
1997-07-14,00065,25.47,ft,bf89a036-eb79-4e4a-930f-73a4263a89c3,
1998-01-27,00060,85.1,ft^3/s,ebcea615-10d6-4b5b-8ec0-aee0572b8855,
1998-01-27,00065,23.91,ft,ec1f3bb6-a845-40e9-8dfa-7273f4ff490d,
1999-04-13,00060,81.8,ft^3/s,61873225-ec7b-499b-8ae3-caead75aaf0f,
1999-04-13,00065,23.89,ft,ceb389c1-5b38-4160-b929-3c077ba8f4ac,
1999-07-20,00060,65.8,ft^3/s,59cf1010-98a8-4224-b49a-16f162b37b59,
1999-07-20,00065,22.84,ft,8a88f4d7-defd-496f-beff-6182af7dbf2f,
1999-09-16,00060,39.8,ft^3/s,fbab41b4-df1d-49ab-b58b-8607e50b6c04,
1999-09-16,00065,21.8,ft,a8531d66-7f40-4f19-8323-12fd49355818,
2000-03-15,00060,23.9,ft^3/s,03a59285-2ca3-4afa-b3ac-8bafa5185ac1,
2000-03-15,00065,21.77,ft,6cf9724e-d683-4c00-a621-388b6e575fb7,
2000-08-08,00060,27.5,ft^3/s,da16f28c-a488-49da-948b-aaea04de504f,
2000-08-08,00065,21.81,ft,71b69e94-32cf-4ae2-b8c8-6662f023e92b,
2000-09-25,00060,16.6,ft^3/s,8944746d-82c4-45a9-86e5-04f02493a734,
2000-09-25,00065,21.09,ft,7feaa7db-7853-46f7-ae5e-ee21a343f96b,
2000-09-28,00060,22.8,ft^3/s,9438b52d-62ef-4e82-ba75-535b51e9cadf,
2000-09-28,00065,21.08,ft,10883fa4-5549-4040-829f-c0ba96bab85a,
2000-12-11,00060,88.0,ft^3/s,3d0a047e-4a86-4991-99d9-26fc7bc6b217,
2000-12-11,00065,23.87,ft,63adbb41-004a-4aa4-ad78-a04f58e23dd6,
2001-05-14,00060,84.7,ft^3/s,cb816f6e-4413-47f4-b171-dc532ac7086a,
2001-05-14,00065,24.9,ft,493596b0-a651-4caa-a328-d6275f4fc277,
2001-06-06,00060,99.0,ft^3/s,45c751d9-4ef1-4be0-a24d-0e1061a68113,
2001-06-06,00065,24.62,ft,d6adc7ff-463b-43dd-aa17-cb16d18c5017,
2001-10-02,00060,72.3,ft^3/s,cd3fc0a6-0b66-4a06-8d41-b8744f52dcdf,
2001-10-02,00065,23.05,ft,de9a2128-3191-427e-8c49-ad1aef40d6d6,
2002-02-19,00060,110.0,ft^3/s,96962b49-a786-44c1-979a-c2f35d61d6d3,
2002-02-19,00065,24.92,ft,9ce6b974-e30b-4cab-87aa-a8ba4659d824,
2002-03-04,00060,95.1,ft^3/s,10703b35-8d9e-418f-bff3-58fa03900472,
2002-03-04,00065,21.04,ft,940fbb87-b840-4cc7-a5a0-545e25e98b33,
2002-10-04,00060,74.2,ft^3/s,e6b17d8c-1c61-4676-b11a-2dbcf872222e,
2002-10-04,00065,23.45,ft,fad2853c-1b55-4eb7-838f-9522798a119c,
2002-10-17,00060,81.5,ft^3/s,404bd2eb-cffc-4aa4-83c5-0e615d161104,
2002-10-17,00065,23.21,ft,4a996436-f259-4e4e-8149-477dbf05da26,
2003-05-06,00060,98.2,ft^3/s,b03a134d-59ea-42d3-97b4-c8cb4f29dcad,
2003-05-06,00065,24.74,ft,f03c712b-dbca-4b6f-b6f6-802322410c8d,
2003-08-19,00060,83.9,ft^3/s,17a7a601-4538-4ffb-8da0-70fa87bae651,
2003-08-19,00065,22.86,ft,78a29d9e-8110-439f-a11f-4f1360f320af,
2003-09-24,00060,68.1,ft^3/s,99761234-23e7-4532-bcf8-415b6cda2e1a,
2003-09-24,00065,18.3,ft,694bd5cd-27d9-4ca1-86f2-45a31b3c202b,
2003-10-01,00060,60.9,ft^3/s,3150f74a-45a7-4ef3-ba06-838c18354c06,
2003-10-01,00065,22.06,ft,1ed5bff2-3489-4682-8a9c-d2602b8a2cee,
2003-10-31,00060,52.7,ft^3/s,91c0a842-bf46-4074-9279-e956ad2817f4,
2003-10-31,00065,21.66,ft,e1a512fd-ee18-4cf3-945c-100307b9489a,
2003-11-07,00060,36.2,ft^3/s,5bb3d0b9-2289-4442-be22-2e432ce424ed,
2003-11-07,00065,21.71,ft,35807858-d5ae-42cd-8d4a-370b1a4ab8e0,
2003-11-11,00060,42.9,ft^3/s,b9cfe09e-88f2-4842-9094-9851162d4991,
2003-11-11,00065,21.67,ft,e1b2085a-27ca-452a-909f-258328b19a28,
2004-01-02,00060,38.9,ft^3/s,e086446b-fe05-4edb-ac39-887de0b2403d,
2004-01-02,00065,21.29,ft,f8b3ac80-0b97-4fcb-a1ca-128a4758a90b,
2004-01-27,00060,38.5,ft^3/s,3fa6d4fc-e647-49d5-b900-4eae9174a6a6,
2004-01-27,00065,21.89,ft,a28f1841-0a33-4a93-8fde-972ed1336d1a,
2004-02-20,00060,40.7,ft^3/s,408ba3cc-aac2-457a-8b07-2cdf7625432b,
2004-02-20,00065,22.02,ft,0e0b0bb0-ea4e-487c-926d-16203d0a06aa,
2004-04-01,00060,46.6,ft^3/s,54d1272d-ca8c-4c67-a742-96da5b7fd4c1,
2004-04-01,00065,22.26,ft,0b3647f5-0fa6-40e0-91f7-78e3a7c4e6ab,
2004-05-04,00060,60.2,ft^3/s,3bbc0b8e-381a-4b5e-a36b-ae414ea1b032,
2004-05-04,00065,22.43,ft,46921ef8-e1eb-4a24-8d18-b1d5b144e95a,
2004-05-19,00060,66.4,ft^3/s,fc86d3a2-c726-4628-8528-2dffa330e4af,
2004-05-19,00065,22.54,ft,f4bc69ef-2184-4c4c-9035-26da7f3d3678,
2004-06-15,00060,67.4,ft^3/s,ef9828f2-15aa-4c96-b821-502ff6d71b2e,
2004-06-15,00065,19.97,ft,28bd89cd-3bf7-4c49-88ac-2546574bff7b,
2004-06-16,00060,90.2,ft^3/s,595201b4-8225-446c-8f3f-245a534c24c1,
2004-06-16,00065,19.92,ft,eb1e4e97-9941-4575-92ac-187da9a6b9a1,
2004-06-21,00060,70.0,ft^3/s,c7bd3d3c-1c4d-474d-928f-6e008b0f824f,
2004-06-21,00065,23.16,ft,c0e6ab33-28d5-442c-acae-e5f854e3ead5,
2004-07-16,00060,100.0,ft^3/s,bee9e231-b1b0-4fe3-a6f1-bc71ad8a52bb,
2004-07-16,00065,23.86,ft,0ca4f44a-2cd0-4461-af5e-876d507370c6,
2004-09-08,00060,73.7,ft^3/s,4e01d5d8-18e9-45a3-b274-62bc6c8080d7,
2004-09-08,00065,23.04,ft,eeb176db-3d59-40e4-809f-47e8e7a32213,
2004-10-18,00060,61.1,ft^3/s,a19da424-4bf1-4220-881d-b13f4e9aa336,
2004-10-18,00065,22.38,ft,aed9d343-f061-489b-90c8-52d11f755d67,
2004-12-07,00060,107.0,ft^3/s,0b59ac94-5b87-4af2-b4c1-cfa02824bba2,
2004-12-07,00065,21.04,ft,942c8a3f-b4ee-445c-aca3-189b17dfebfa,
2005-02-16,00060,98.2,ft^3/s,33ff8482-6b72-4871-b75a-5b5c9c0e215b,
2005-02-16,00065,24.48,ft,d8409718-607d-44fd-a8d8-b64c6d3bd1f6,
2005-04-06,00060,113.0,ft^3/s,56868bc5-cc24-4432-86a1-14f4332396ff,
2005-04-06,00065,24.74,ft,ea447e95-ff74-48a4-b4f3-44a503a13747,
2005-05-18,00060,98.4,ft^3/s,f76660a6-37d9-4191-8193-b429ae2a6294,
2005-05-18,00065,24.38,ft,7db49e46-2a1e-45b1-9013-4cb411a355d6,
2005-07-15,00060,83.0,ft^3/s,cbf072a3-55b6-4bab-a43f-eb968c90526a,
2005-07-15,00065,23.83,ft,1c0e317b-ac9e-4d5e-a0fe-f1597136dfe0,
2005-08-31,00060,69.6,ft^3/s,93a2bdf9-7bfa-4b58-bc05-1d1d492770cb,
2005-08-31,00065,22.91,ft,37662fb1-4433-4246-8a8c-a637083b4afd,
2005-10-12,00060,50.5,ft^3/s,55642673-592f-464c-a312-b2fc003ffa05,
2005-10-12,00065,22.5,ft,7099cd0c-a845-479d-a647-4b8c8f77df94,
2005-10-19,00060,47.6,ft^3/s,eb6ede7d-d3ce-4987-991a-95593b679cfd,
2005-10-19,00065,22.3,ft,33a7923b-8357-4222-8766-eb4aae022675,
2005-12-19,00060,43.1,ft^3/s,5f17747a-11d9-4506-a95a-f33daaa8e945,
2005-12-19,00065,22.0,ft,d4c884f4-985b-424a-96aa-a34c257864d2,
2006-01-20,00060,32.0,ft^3/s,b0705f73-a909-4a94-adae-11163fa70830,
2006-01-20,00065,21.84,ft,dd8155ad-8ee8-4bb3-bc81-4344022cf41b,
2006-02-07,00060,29.4,ft^3/s,e21a7c17-388e-4a0c-a2f9-137cdb37b8d0,
2006-02-07,00065,21.76,ft,4862557e-db0f-4575-b55f-23390abc1dc4,
2006-04-04,00060,33.6,ft^3/s,a47fe9a2-e85f-4433-8f09-e0c8c68b8327,
2006-04-04,00065,21.89,ft,0742fd59-83ad-460a-bb4c-735e244d782e,
2006-05-05,00060,35.3,ft^3/s,3e729b16-809f-41ec-ace3-dda2a69dd7bc,
2006-05-05,00065,21.96,ft,4882afae-9989-4556-b219-eac0afb4c53a,
2006-05-17,00060,33.8,ft^3/s,b2568dd7-b8ee-4f39-94ec-30ca9f131487,
2006-05-17,00065,21.97,ft,e85535bb-523b-43ca-8f64-5d5c91812212,
2006-06-28,00060,27.5,ft^3/s,350b2d85-479b-4b56-8dbc-b53b46de1d78,
2006-06-28,00065,21.71,ft,1900c65f-583b-461b-b785-53241f1d0fec,
2006-08-01,00060,22.4,ft^3/s,55a1babf-c73b-4efa-9ca2-7d3e5cf165a9,
2006-08-01,00065,21.62,ft,e06c4b1c-e82b-4f43-90f5-fef711d61bf5,
2006-08-16,00060,21.0,ft^3/s,74c2a1c6-9d74-475c-ada5-931343524815,
2006-08-16,00065,21.56,ft,a574c177-cd36-42c1-8569-8bf8dc59d888,
2006-10-03,00060,25.2,ft^3/s,2296283a-0fdb-4ac5-a01a-524c85aa49e7,
2006-10-03,00065,21.5,ft,8c5daeed-3828-499d-ab4a-8e2d2b5d97e4,
2006-10-06,00060,20.7,ft^3/s,ed2aa566-f448-4029-8155-1d06b7b2479e,
2006-10-06,00065,21.51,ft,654cad6f-fcba-43fb-b223-264001dab56f,
2007-01-19,00060,66.3,ft^3/s,8be7cef0-ed26-4419-85c9-f7d1eb96fb13,
2007-01-19,00065,19.0,ft,0c718949-1c4f-4279-98f8-45f9ce240195,
2007-01-26,00060,72.3,ft^3/s,5f183260-9a4f-407c-96dd-3ba719abba58,
2007-01-26,00065,22.84,ft,a74cf663-a829-4a05-bed1-6ba78ac24991,
2007-04-11,00060,96.3,ft^3/s,4afdf114-1185-48d1-bfd5-7ba27c1437ec,
2007-04-11,00065,23.62,ft,bf673b99-f040-4b7b-8bc8-0bd6d7b6d374,
2007-10-03,00060,92.7,ft^3/s,614ba7b4-6f4f-4416-a971-2538154f04c1,
2007-10-03,00065,24.73,ft,d775eb90-c209-479b-9cda-c79674184570,
2007-12-18,00060,82.1,ft^3/s,d6b71030-2aec-4f53-83c9-3f5c1451133a,
2007-12-18,00065,23.48,ft,0a75e036-36c2-481b-88fe-c9d49836922b,
2008-02-11,00060,60.7,ft^3/s,410749fe-3e0e-4c45-9e56-926cbeedafd6,
2008-02-11,00065,22.45,ft,0f1c3a59-eacd-4184-9525-3bfef1f1986b,
2008-04-15,00060,46.1,ft^3/s,f1285f3b-0101-4612-a9a1-58d4ee2888d9,
2008-04-15,00065,21.86,ft,0c5bf281-3a0c-4b9c-86ae-670acb0c58fb,
2008-05-23,00060,42.7,ft^3/s,ea27084a-17b5-4705-b427-b03350d1523e,
2008-05-23,00065,21.86,ft,e5adc6aa-8c63-4070-a813-c1bfd9f1e4df,
2008-06-13,00060,36.4,ft^3/s,7d136a92-824a-4d48-9613-4a9c69f7afdb,
2008-06-13,00065,21.63,ft,44f846ad-3860-42b8-8305-ce453e768e8e,
2008-06-16,00060,30.5,ft^3/s,509d53ee-47e7-436d-9494-6a21d388c8f1,
2008-06-16,00065,21.62,ft,24277746-504c-4795-b051-fd4766d34e89,
2008-06-17,00060,30.4,ft^3/s,0a1056d1-bf63-4049-b534-8102921be6bf,
2008-06-17,00065,21.62,ft,a06edf7b-6eee-4ee0-82c4-e95bc2a3ef12,
2008-06-19,00060,28.4,ft^3/s,59a05ffd-a564-41d7-900b-219d2a1bf076,
2008-06-19,00065,21.6,ft,cec45dcc-b9da-412f-a609-77c36cf7e239,
2008-06-26,00060,29.3,ft^3/s,5db1c421-79d3-400d-a771-283ae5b96efb,
2008-06-26,00065,21.56,ft,1ad2dc8d-150c-4655-a784-7b06928393a6,
2008-08-14,00060,24.9,ft^3/s,bb7c4f6d-013f-4a38-abc6-b2a7644ac3b7,
2008-08-14,00065,21.72,ft,1cd8cbd4-0d3a-4775-a09a-8890d5769ab5,
2008-08-27,00060,23.2,ft^3/s,6abc7dc9-644d-4649-bd6f-73fa70c118f5,
2008-08-27,00065,21.76,ft,7af5045e-e9ee-4258-bb5e-6c732ca13e02,
2008-10-07,00060,21.4,ft^3/s,f1c0ece2-561b-450c-8686-31e7df220f6d,
2008-10-07,00065,21.63,ft,ca620920-68ee-42fc-8f33-429400e006ec,
2008-10-21,00060,21.0,ft^3/s,5e95b31c-a99b-4b4a-860b-941574b8b965,
2008-10-21,00065,21.7,ft,f742d0bd-8148-4767-bd63-f64c3630714d,
2008-10-31,00060,19.7,ft^3/s,3fac2084-7e9b-4805-8a3a-e46462af313d,
2008-10-31,00065,21.64,ft,a90f33d7-55b2-4ae1-b738-f6b5a2c912d7,
2008-11-07,00060,20.0,ft^3/s,98edc399-3e46-43fc-a09a-8f077bf2ccf7,
2008-11-07,00065,21.66,ft,f6016d24-a1fd-4531-9ba7-81a585a7adc0,
2008-11-12,00060,19.8,ft^3/s,e8d84549-5517-4934-bd4e-d9adb098ed9b,
2008-11-12,00065,21.64,ft,78d6d592-c8c6-4bce-9ebb-0f55475aca8d,
2008-11-20,00060,14.0,ft^3/s,dd850db5-a89a-4336-8d1f-712d06952879,
2008-11-20,00065,21.61,ft,69f74342-24d8-4570-b341-e8c8475bc13e,
2008-11-21,00060,21.6,ft^3/s,8fb02071-8f2a-4733-afc1-986766d0437c,
2008-11-21,00065,21.68,ft,a1a594f8-aeb4-4050-885b-8896e6c959f9,
2008-12-05,00060,20.6,ft^3/s,a9974b0c-dbb4-4f22-a508-f9eee91ca455,
2008-12-05,00065,21.6,ft,c4d4804d-ca64-4a40-9999-65a46a66179f,
2008-12-29,00060,19.5,ft^3/s,eac09bdb-94b1-4249-8dfc-3dfd6a75036e,
2008-12-29,00065,21.55,ft,a253a4c9-c0df-40f2-a3ca-3d43669966cc,
2009-01-07,00060,21.4,ft^3/s,fd5869c1-42da-466c-8551-816c10a6c5e3,
2009-01-07,00065,21.54,ft,c4578072-bf37-46e4-88c3-0c64c4f76e1c,
2009-01-22,00060,16.8,ft^3/s,b05dd76e-eee4-4869-8912-516867892de8,
2009-01-22,00065,21.56,ft,469d5157-c4dc-46f2-9f09-e3ed4804684f,
2009-01-28,00060,19.7,ft^3/s,3abdc17f-b84e-415f-a07c-3bdc1569dc4a,
2009-01-28,00060,16.3,ft^3/s,733de70c-cbcf-45bb-8898-789a45b7a0d9,
2009-01-28,00065,21.52,ft,00680330-a519-4918-84a1-f1590bdef5cd,
2009-01-28,00065,21.52,ft,9ed000ce-2d35-47f7-8a2e-33e3c2087fec,
2009-02-11,00060,24.3,ft^3/s,1454e9e8-20e4-40e2-bc94-0799524c61c5,
2009-02-11,00065,21.63,ft,7741da7c-d311-49b3-ba0b-4b3660bf7187,
2009-03-06,00060,19.1,ft^3/s,709f038b-8a8b-437e-ace7-bd588e2e0ea2,
2009-03-06,00065,21.5,ft,bb693e39-1d5a-4ad7-b582-0aad5a874a45,
2009-03-27,00060,23.6,ft^3/s,3a88d32d-6ead-44a5-b64e-f73aec089fae,
2009-03-27,00065,21.63,ft,2bf720c3-a219-4b0d-bb73-04c048228b07,
2009-04-28,00060,24.6,ft^3/s,57a5fb16-338d-4327-97d5-f683b7302cb8,
2009-04-28,00065,21.66,ft,3f1e65c3-9e86-4a1d-b561-7169e56809c8,
2009-06-01,00060,17.0,ft^3/s,bfc19e14-c039-4118-bdfa-c05fb80a9c06,
2009-06-01,00065,21.53,ft,1e1ea99f-ac06-4817-8363-598455d7ad6b,
2009-07-16,00060,16.3,ft^3/s,e20d401e-b950-4474-a654-be12d7321f77,
2009-07-16,00065,21.47,ft,ffe91f79-ddee-43c2-a6a6-056431eddaa7,
2009-08-18,00060,14.4,ft^3/s,cd062a3f-0095-4269-ab91-ade588bd5b6d,
2009-08-18,00065,21.46,ft,75f0ddb2-cdd7-4ef4-a37d-53aec65fb54a,
2009-08-21,00060,15.9,ft^3/s,007f4c89-7273-4f5c-a5c3-80322c7e5608,
2009-08-21,00065,21.44,ft,e7ef89e6-9c70-49cb-a178-8be7c68aae68,
2009-08-27,00060,16.8,ft^3/s,2951720c-c631-4971-93df-d6bbe2ea6394,
2009-08-27,00065,21.46,ft,c79283a9-a766-4f12-88df-146d5fc570e0,
2009-09-10,00060,17.2,ft^3/s,06f8ee15-91ac-411d-9437-1e145adcae24,
2009-09-10,00065,21.33,ft,eb916b2c-c065-4c8b-9c5c-af77c2d1573d,
2009-09-14,00060,38.8,ft^3/s,4e6b1e99-94e4-45c5-bb99-ae6797958401,
2009-09-14,00065,21.94,ft,1dc3a88c-59c0-4a31-ac33-4b60aa1d9498,
2009-10-14,00060,51.0,ft^3/s,1ed72371-dc51-445b-aad7-81a2cbb1b4d1,
2009-10-14,00065,22.78,ft,a47aa3ae-7d29-47db-aa08-aac3ba47d1f8,
2009-10-15,00060,46.1,ft^3/s,e4d70c20-8268-428a-a135-c0befac919f7,
2009-10-15,00065,22.2,ft,373e590b-1afa-4da5-b2d9-59564fda8077,
2009-11-03,00060,52.3,ft^3/s,c5c37591-1b47-45f5-8e7e-1c5b9ac7c018,
2009-11-03,00065,22.83,ft,785a379d-91ef-4ece-b76a-b37c752575d0,
2009-11-25,00060,59.0,ft^3/s,2cb84cd6-51b9-41cd-9562-c0bf68247bd8,
2009-11-25,00065,19.74,ft,bf33980c-f132-4e50-9914-d811282c4a08,
2009-12-09,00060,73.1,ft^3/s,3bb30be9-a84c-4e85-b7a4-6fb972648780,
2009-12-09,00065,23.22,ft,5b4d73fb-39f5-4348-a88f-8e14c90e87f7,
2010-01-25,00060,79.2,ft^3/s,73ed3aee-afa7-48ed-ae8e-efbfc407e3d0,
2010-01-25,00065,23.46,ft,b4eeb5f3-8261-4fda-9628-1d11d81336c7,
2010-03-18,00060,98.0,ft^3/s,e6a980b3-9d15-4b83-a46e-d24e3cb805f2,
2010-03-18,00065,24.18,ft,73c7f50f-f9f7-4a5e-b449-77b7f8c522a1,
2010-05-24,00060,105.0,ft^3/s,b9d674bc-7c3e-40c8-a9f0-1352cb11719d,
2010-05-24,00065,24.13,ft,3d9afe53-153a-42f6-ac53-8b9d17be3aac,
2010-07-28,00060,98.3,ft^3/s,8273083b-d951-4b5d-b1a7-d503e73fd939,
2010-07-28,00065,23.88,ft,e150018a-cab6-4e93-aa6c-c9f7372d0fdc,
2010-09-22,00060,112.0,ft^3/s,a4f127f6-a44b-499a-ae91-dec56088e65a,
2010-09-22,00065,23.95,ft,c25fa08c-3d6a-41e4-94f6-8678356f611b,
2010-10-20,00060,84.1,ft^3/s,0251ef6f-15a4-4586-be30-e470f1fcbd7b,
2010-10-20,00065,23.66,ft,6257fa84-4791-407e-b37a-1c77d2e09bb4,
2011-01-06,00060,65.2,ft^3/s,84607968-e32c-4f2a-ae0e-6d3016fddc41,
2011-01-06,00065,22.41,ft,10d3bad0-c3bb-4a22-a2fb-7d42f3f7f442,
2011-03-01,00060,48.2,ft^3/s,a60cf6f1-21b4-467f-a2da-389dcc728098,
2011-03-01,00065,22.0,ft,7e7c3f3e-a839-4f5f-a392-3a927df7ad2a,
2011-04-07,00060,44.0,ft^3/s,3577ebf4-0356-4263-b5f7-c616b1487a71,
2011-04-07,00065,21.66,ft,5a3f7379-74a6-4b00-b471-f0e0452607b5,
2011-05-27,00060,29.2,ft^3/s,c6dab136-d117-461c-a509-252070404c36,
2011-05-27,00065,21.39,ft,edf51066-4881-43f4-9894-784af7c39bcb,
2011-06-08,00060,28.7,ft^3/s,c52a25ea-1b6a-4036-8d15-14b43785ded4,
2011-06-08,00065,21.83,ft,036964ce-17df-47bb-a9ce-49389060c392,
2011-07-22,00060,21.7,ft^3/s,9fc21eea-3295-4d4b-99a1-28ed5bdfcb90,
2011-07-22,00065,21.69,ft,763353f9-004f-433b-b867-c4e430d81721,
2011-08-04,00060,20.9,ft^3/s,b92b4d9a-ec98-41db-aae9-f8ee04ff17ce,
2011-08-04,00065,21.78,ft,bc673551-5c52-4c1d-a7c6-a951791d6076,
2011-08-18,00060,24.4,ft^3/s,07c98652-85ca-4b7c-b1b3-adec21a9c533,
2011-08-18,00065,21.65,ft,83b52963-289c-4b3c-aadd-a75f09e59a49,
2011-08-26,00060,19.3,ft^3/s,67d2b59c-d445-4aec-82cc-8f48f0a712b5,
2011-08-26,00065,21.67,ft,1a4e2141-47f9-4931-8530-6eff8b5f0543,
2011-09-02,00060,21.8,ft^3/s,5eb0c2c3-c0e3-43c4-871d-1624c690b2b3,
2011-09-02,00060,17.3,ft^3/s,6e9ea738-9fc7-46a5-aee5-a3eae059bad4,
2011-09-02,00060,20.7,ft^3/s,dc364669-c3bc-479c-88f7-e91dfa3f4cc0,
2011-09-02,00065,21.68,ft,0f62bd0f-4eb2-49cd-aba6-1aef103893fc,
2011-09-02,00065,21.59,ft,54b933f8-7910-40b1-8056-05b77a221027,
2011-09-02,00065,21.65,ft,bbe24fd2-86f6-4d70-9864-29a0cbb5a236,
2011-09-03,00060,18.0,ft^3/s,36b4bbb9-e163-44d8-a1f0-3e641860092d,
2011-09-03,00060,19.4,ft^3/s,3cf9aad1-497c-4813-a02d-ab0507b840d7,
2011-09-03,00060,21.2,ft^3/s,527add56-8523-4992-8acc-4c5d5f208700,
2011-09-03,00060,21.4,ft^3/s,7635a61a-fd5c-4e5d-b761-28541310dc6e,
2011-09-03,00060,19.4,ft^3/s,8923ab60-343c-41f7-8fed-16029ccbaf76,
2011-09-03,00060,18.8,ft^3/s,a5641dc8-b7ef-4206-872a-05b7c4a2bb57,
2011-09-03,00060,18.4,ft^3/s,e533d794-50bb-46ed-9254-b0d4706edaaf,
2011-09-03,00060,21.4,ft^3/s,fd8a8ace-b73c-4226-b8bd-96be2d0be38c,
2011-09-03,00065,21.68,ft,1c6e5852-262d-4a07-afbc-e2aecc857f17,
2011-09-03,00065,21.67,ft,269507da-0216-44f2-8d13-4d4c6a3eb1c4,
2011-09-03,00065,21.67,ft,36e895bd-3aed-45b7-8592-a6ee1f0c2caa,
2011-09-03,00065,21.66,ft,50f27202-6e18-434a-908c-399f4ccf16fe,
2011-09-03,00065,21.67,ft,9d0358b2-8367-4454-86c7-7840a7d6ca3a,
2011-09-03,00065,21.66,ft,bd1899bb-e303-4af2-879f-8a1bc410c6e1,
2011-09-03,00065,21.66,ft,efcc7fd4-1e52-49a5-a736-a563ea9c7c06,
2011-09-03,00065,21.67,ft,f69ae559-a5a5-4241-9cf8-d56d5f8a57c5,
2011-09-09,00060,17.8,ft^3/s,5379e324-9458-4567-923b-c0c32fd043f7,
2011-09-09,00065,21.57,ft,20b5ad69-56a3-4861-8d15-4ee183e3b197,
2011-09-22,00060,17.4,ft^3/s,2d737740-78ad-4a60-aa9c-db230ff2eedd,
2011-09-22,00065,21.56,ft,b9550ecf-eca4-44f8-a744-b8a3a5532aca,
2011-10-03,00060,17.5,ft^3/s,ec2c7747-4c3b-40fd-906c-aef639e703ae,
2011-10-03,00065,21.44,ft,cf15433a-0ecb-4336-a8de-cb7c3aa902f7,
2011-11-02,00060,18.9,ft^3/s,8c5bab02-d083-4760-bb9d-bbb3d5a612ac,
2011-11-02,00060,16.1,ft^3/s,b56b7762-d32d-419b-81e8-fb4601880b1a,
2011-11-02,00065,21.36,ft,7d45afd6-65a0-4634-b3a0-5e57e95d2bc9,
2011-11-02,00065,21.36,ft,db70bd9c-20e6-417e-9fd4-383634e04056,
2011-11-29,00060,19.8,ft^3/s,f1a9befb-8455-480b-994e-23faadcb4310,
2011-11-29,00065,21.62,ft,c0e1fcde-79db-44a3-bc11-d53ba8c3f885,
2011-12-05,00060,28.4,ft^3/s,251c2da4-c9e1-4456-b7c4-701f5684826b,
2011-12-05,00065,21.92,ft,a3021b82-1374-4c74-9eb2-4951252936d6,
2011-12-23,00060,32.8,ft^3/s,a2737a13-90e0-4818-99fc-cdfdccd3d95c,
2011-12-23,00065,21.96,ft,b8c5ae47-b69b-476f-884f-d8b53bb3d3a6,
2011-12-28,00060,29.7,ft^3/s,d80fbe1c-b559-4242-b709-3f356479f3c5,
2011-12-28,00065,21.81,ft,dee54b90-20c8-41ca-83b6-687fac83b44c,
2012-01-06,00060,22.7,ft^3/s,eac408e9-9aff-4fb5-9201-23ead559c862,
2012-01-06,00065,21.76,ft,d63f6af1-989b-4663-bff7-ce517eecc8e2,
2012-01-20,00060,21.2,ft^3/s,c9ac2388-691e-4ef0-adfa-17d2eec5df3b,
2012-01-20,00065,21.66,ft,604017d1-92e8-425f-9baf-d48d61b09f6d,
2012-01-31,00060,58.2,ft^3/s,3e4e3267-ba5c-4c81-a6d8-a5819fc8805f,
2012-01-31,00065,22.15,ft,fcb699a2-b891-4c82-8827-693ae388eb45,
2012-02-23,00060,82.8,ft^3/s,0188c323-fa55-438a-8295-0e4012718f64,
2012-02-23,00065,23.03,ft,2fdeb0d4-fcd2-43f5-b946-42367b23449c,
2012-03-29,00060,100.0,ft^3/s,09d945c0-9169-4408-8c6c-0753f91c29e3,
2012-03-29,00065,23.64,ft,36b7bc9e-3a37-4db4-afe4-34a6670bbe2b,
2012-05-23,00060,90.9,ft^3/s,3edee927-1854-4f6a-a5ef-e956e6f80cd1,
2012-05-23,00065,23.73,ft,aafcd9a9-3826-4b2d-896e-65fd2b5c11f6,
2012-06-28,00060,74.3,ft^3/s,8ca1c6c8-8c42-478e-a397-038f610521e2,
2012-06-28,00065,23.21,ft,0e28f5fe-34d6-40e6-8dd2-63bf8e8078d9,
2012-08-08,00060,78.0,ft^3/s,3fc49bcb-de2a-4d93-9746-c1b4fed6f15e,
2012-08-08,00065,22.95,ft,9f095839-03dd-49cb-adf6-bb1617ce1fdc,
2012-09-05,00060,57.5,ft^3/s,efdf5b98-02d9-41e2-ad0a-889ac9bff632,
2012-09-05,00065,22.24,ft,2433ca34-d496-4b60-85e8-161042fffab8,
2012-10-01,00060,44.0,ft^3/s,b050d5a7-44f8-4abc-882b-934e5047369c,
2012-10-01,00065,21.94,ft,db3345a9-c95d-41b8-be2f-a2201b59cd1e,
2012-10-24,00060,42.0,ft^3/s,983e5ea1-60b0-426f-919a-a49aed272a0f,
2012-10-24,00065,21.64,ft,8e21cc49-ffd5-4bf2-9ea1-22ec12f86846,
2012-11-16,00060,32.9,ft^3/s,a89183b2-7440-4d47-a1dd-32b68524ddfe,
2012-11-16,00065,21.62,ft,03ac5761-6234-4b89-9193-0932db14eb0b,
2012-12-18,00060,29.8,ft^3/s,47dcebb8-5220-442b-b910-4c5d89eaff72,
2012-12-18,00065,21.52,ft,b74f2286-0396-409d-a60b-cf27034571b5,
2013-01-30,00060,25.7,ft^3/s,18214803-dca0-463d-a487-ded5d9732a51,
2013-01-30,00065,21.47,ft,faf7a0b0-5aa5-4b28-83c7-5936431fa7fe,
2013-02-22,00060,26.3,ft^3/s,c200db52-2bc1-4dfb-896b-e06fd97dd8bb,
2013-02-22,00065,21.49,ft,6085633d-8598-4f1b-a16f-5fb50176d249,
2013-03-21,00060,26.7,ft^3/s,acdd2f52-dfb9-4a20-947f-543e03eb6aa0,
2013-03-21,00065,21.49,ft,faab9ec5-f86e-426d-a30b-eeffe508c8c9,
2013-04-22,00060,26.3,ft^3/s,6e462b62-285e-496b-99bb-e56c17f7dba8,
2013-04-22,00065,21.45,ft,38713c54-995b-4845-a5b6-679a78cd81ab,
2013-05-23,00060,22.6,ft^3/s,701c2534-c5cc-43b5-ba30-7ac1419ed054,
2013-05-23,00065,21.28,ft,0e6ebca2-2bcf-4780-9ffd-e8da740634ab,
2013-06-10,00060,23.8,ft^3/s,d6c098da-1f11-4aae-9c08-8a0d0a1d7de6,
2013-06-10,00065,21.34,ft,76ecd09d-5b65-41b6-99c4-72f819443491,
2013-06-18,00060,25.2,ft^3/s,7f48c4cf-ed83-458d-8843-82a0cf89618e,
2013-06-18,00065,21.75,ft,be1b8edf-2f82-42f5-9944-c1f2dc5ce96f,
2013-07-08,00060,21.2,ft^3/s,0e08b788-e7a3-4be8-962f-fe8ab194aa6c,
2013-07-08,00065,21.76,ft,1c29a3d2-85d7-4c62-b662-128935059c80,
2013-08-08,00060,18.8,ft^3/s,97dc3817-f6d4-4dc5-a757-4cfeec498a36,
2013-08-08,00060,18.3,ft^3/s,b4448128-09ee-4d2b-88ec-3e2447dbf004,
2013-08-08,00065,21.67,ft,8b44355e-4caa-4a7b-bdf6-7e8aa550e495,
2013-08-08,00065,21.68,ft,e52b367f-6e24-49eb-9176-488500f2a6ea,
2013-09-03,00060,20.4,ft^3/s,d928b6e2-8b54-4ed8-bbf9-0bfd3255a366,
2013-09-03,00065,21.63,ft,6c18290a-3f3f-48f5-a07d-cf79cff9819e,
2013-09-30,00060,45.3,ft^3/s,36b20628-78a3-44c9-89af-5b0319e355c9,
2013-09-30,00065,22.33,ft,e7cdcc02-6453-4829-b85d-6556caa61dde,
2013-10-24,00060,68.9,ft^3/s,8330aca4-d4a0-4fbf-a360-589099a46747,
2013-10-24,00065,19.32,ft,bd2b1416-91f7-4897-92ca-21dc7ad7981b,
2013-10-25,00060,74.7,ft^3/s,84f6b84e-4b79-4826-98cb-667dcb6e8f38,
2013-10-25,00065,19.25,ft,e980dc1a-886a-40cd-be43-4d88868e59c8,
2013-11-12,00060,102.0,ft^3/s,3930eeda-85f9-4c03-9dec-0664723e6b31,
2013-11-12,00065,23.7,ft,ba655fa7-401a-498e-ad32-8047abc08c87,
2013-12-06,00060,77.6,ft^3/s,56be7adc-560d-4f93-916f-b911db03bc0a,
2013-12-06,00065,23.68,ft,0fd9dc52-9dee-4c6f-b903-af6091af197c,
2014-01-17,00060,74.0,ft^3/s,59e4600c-0e13-44d8-8cd5-8fdb34411823,
2014-01-17,00065,23.19,ft,8c587682-536a-461d-a5fc-e32a6833fe54,
2014-05-01,00060,39.9,ft^3/s,17128cd7-853c-4aa0-8cfe-3aa1f6f53ce3,
2014-05-01,00065,21.71,ft,1fcd7d08-0169-430a-8dd1-9d33c7f29140,
2014-08-08,00060,37.7,ft^3/s,eebeaf1e-8cfc-4132-b35d-44cc5b2336de,
2014-08-08,00065,21.8,ft,7649bdb1-1549-4755-a22e-2a70cb557e50,
2014-09-05,00060,28.5,ft^3/s,e3869369-093a-45e6-9463-130c4df9f77a,
2014-09-05,00065,21.46,ft,0ada1337-0ec8-4976-adcb-a7eaf650a900,
2014-10-30,00060,33.2,ft^3/s,5c40e08a-e933-4b4a-b37e-4a0ae9c6afdc,
2014-10-30,00065,21.53,ft,305fca19-f852-4f5e-829a-37638a47d7cd,
2014-12-23,00060,58.0,ft^3/s,f56a11e7-2f6f-4704-afe8-3bd39adf5a87,
2014-12-23,00065,22.38,ft,090df118-bff2-4ad4-9d21-fbfefc87b6b9,
2015-03-17,00060,91.7,ft^3/s,81128d5a-03de-4a7b-b9bb-5e2915617dff,
2015-03-17,00065,23.7,ft,5f2e61d4-1968-49ba-a8f6-007cddaabbbb,
2015-04-22,00060,92.4,ft^3/s,46edcf6c-0ee4-4556-b208-7a05a55e035a,
2015-04-22,00065,23.79,ft,df9493c8-38f5-4adf-83a1-3aeeca10971a,
2015-06-11,00060,92.9,ft^3/s,2f0c9525-6b71-472e-b549-e1c53664cc55,
2015-06-11,00065,24.99,ft,33af1900-bb6e-4e7f-9b88-492fd35127be,
2015-07-14,00060,115.0,ft^3/s,4db9d135-20d9-485e-995c-50f6f4cef1b5,
2015-07-14,00065,25.08,ft,451271c0-7c02-4c68-ad6b-942882e825f6,
2015-10-21,00060,77.0,ft^3/s,6bfebf3f-1aaa-4ba4-97cf-efc04bbbc5e7,
2015-10-21,00065,23.36,ft,645c83be-4f73-42d3-aa1e-f5f7580479b3,
2015-12-17,00060,104.0,ft^3/s,3035392f-ef41-470a-ae2c-d387391befda,
2015-12-17,00065,24.94,ft,c8a2dc89-235a-466a-aa8b-ce52a2da5587,
2016-03-02,00060,97.1,ft^3/s,bdce6cbd-d4f4-46a0-a022-ecbe88cb5e50,
2016-03-02,00065,21.37,ft,e7ea57da-9178-45c8-9ec3-481c08ad0f50,
2016-06-15,00060,115.0,ft^3/s,e1696437-6f62-4649-89ee-84029caa94c8,
2016-06-15,00065,26.06,ft,1fe85424-d52c-4708-a40e-7923dcc66e72,
2016-09-07,00060,131.0,ft^3/s,0887338b-523f-4c5b-a126-3f95d9d2b285,
2016-09-07,00065,25.85,ft,1c4540af-8f2c-4987-b7d9-e86765b1cf74,
2016-10-28,00060,110.0,ft^3/s,b974c4f9-bbde-4d47-8a25-883a57eaa4ea,
2016-10-28,00065,25.47,ft,a63ed59f-86b8-4d51-9832-dd53cf4885dd,
2016-12-27,00060,108.0,ft^3/s,a5c99866-8244-403a-b979-cb3cda2c9755,
2016-12-27,00065,25.12,ft,81ed3920-11b8-4d11-83da-ac4086c4794d,
2017-03-01,00060,112.0,ft^3/s,473c45dc-5d13-4b62-b34a-08d3de0b763a,
2017-03-01,00065,25.21,ft,26bea85e-9117-4ffe-a990-6ed85b8ad1da,
2017-04-18,00060,107.0,ft^3/s,b8f26652-c6cd-42aa-a5b5-3e5dad053eb0,
2017-04-18,00065,25.39,ft,0b29410e-cbaf-4683-b538-446e4879ed5e,
2017-04-18,00065,25.46,ft,1ddf64af-f9d4-48fd-b707-d4fa08d25221,
2017-04-18,00065,25.4,ft,3af150ed-5756-4fe1-be14-8dfcd91a2cf5,
2017-04-18,00065,25.45,ft,59faef0e-60ba-44b1-ade7-f66a4371cf2f,
2017-04-18,00065,25.4,ft,5a3398ff-0f3f-4738-905f-ea8884b506bb,
2017-04-18,00065,25.45,ft,642bc5a8-7cee-40df-8467-9d19394e19d5,
2017-04-18,00065,25.45,ft,645a39db-a964-4dbb-b84c-50348f873944,
2017-04-18,00065,25.46,ft,6e4f33c4-0f14-49a2-b5f4-a0ed74e1a598,
2017-04-18,00065,25.4,ft,73280463-4ff2-423d-9921-ab4f999f9930,
2017-04-18,00065,25.4,ft,96d8804e-d31b-4e2b-a52d-ecebac0d16c0,
2017-04-18,00065,25.46,ft,a8e53e02-bff6-48d9-99ee-224babb408eb,
2017-04-18,00065,25.4,ft,d069da00-4e2a-4fc2-b02c-b56e3c1c3de0,
2017-04-18,00065,25.45,ft,eb49c0ee-d26a-4a64-9c15-e70db961075e,
2017-04-19,00065,25.39,ft,28d3553c-f679-4426-ba15-b7c929239b6c,
2017-04-19,00065,25.39,ft,4ba058b9-851a-4102-9b8d-cd9310523396,
2017-04-19,00065,25.39,ft,679a8ee7-01db-4601-bf0b-b9075fda9c5d,
2017-05-12,00065,25.24,ft,8739ac3a-7a33-4de8-a965-6ae59f1ac4f9,
2017-05-12,00065,25.24,ft,aeaef3c0-6bdd-4cfc-ac0b-4ec6f308ffc3,
2017-05-12,00065,25.25,ft,fb2e0824-ec13-4610-8227-393935d2e56e,
2017-05-15,00065,25.2,ft,12a6810c-c111-4aa0-a10d-2546ec38dc97,
2017-05-15,00065,25.2,ft,9cbb9668-4479-433b-9421-48e06d84ad07,
2017-05-15,00065,25.2,ft,e13c088a-177c-4f11-9c1f-49f0309c41b1,
2017-05-18,00065,25.15,ft,2589eb72-21cc-4bb5-b22e-6c24a7434b36,
2017-05-18,00065,25.16,ft,7f88c39c-c62a-409e-ad06-d26614c9cd2f,
2017-05-18,00065,25.16,ft,a8a680c6-8580-403b-856a-9783dba249f7,
2017-05-30,00065,25.0,ft,024db9cb-b104-45c1-ad9d-6308511a04d3,
2017-05-30,00065,24.99,ft,1b272012-e7c6-47e1-954b-0d92694ea798,
2017-05-30,00065,24.99,ft,36aba133-0485-436a-a9c5-0221861f4da0,
2017-05-30,00065,25.0,ft,3cabff1a-0fea-4aac-96ea-bbc8532ee67a,
2017-05-30,00065,25.0,ft,41f5792d-2fff-466f-adc2-578afb15a3a5,
2017-05-30,00065,24.99,ft,de878850-e901-4cf0-a271-38103683d368,
2017-06-07,00060,105.0,ft^3/s,76eee715-ef4e-4034-ae4a-56d126fd5189,
2017-06-07,00065,24.99,ft,13830ef6-0123-47d7-af86-23d9358c7bdb,
2017-06-07,00065,25.0,ft,4a06b519-e693-49dd-bb89-a781f02fa744,
2017-06-07,00065,24.99,ft,5b6f0892-4f91-42ba-b977-b99eac4433c0,
2017-06-07,00065,25.0,ft,94026fae-9f73-46ba-a32e-1bbd658be490,
2017-06-07,00065,25.0,ft,befc89e6-df4b-4cc4-8b79-0ab96f237ae6,
2017-06-07,00065,25.0,ft,c07631b5-4a9a-4357-b5f0-f9c5c5a6b52d,
2017-06-07,00065,25.0,ft,db9a6909-22e3-4230-99c5-3891a97ce342,
2017-08-08,00060,92.5,ft^3/s,27561783-2fd6-44da-aa21-f248d5b42a47,
2017-08-08,00065,24.0,ft,08fd0a4a-82f5-4993-a7e5-4c6e4cf4510a,
2017-08-08,00065,24.0,ft,30bdab87-86b4-4aa6-b975-321221439093,
2017-08-08,00065,24.0,ft,56674990-9960-43c7-9786-7c16835f58d3,
2017-08-08,00065,24.0,ft,a94f34e9-f81c-44bf-b1a3-ddba15e89545,
2017-08-08,00065,24.0,ft,bd4716ff-42e1-4508-8379-8edcfaa73706,
2017-08-08,00065,24.01,ft,dbb5025b-0b59-430d-bfc3-7a3107ce63e3,
2017-08-08,00065,24.01,ft,df0f565d-66c6-44dd-93b6-954100d844b2,
2017-10-02,00060,83.7,ft^3/s,751ffdd1-ba1f-42ed-9273-a72abe50717a,
2017-10-02,00065,23.93,ft,250ee98b-7843-4be4-be5e-d185adb9feb7,
2017-10-02,00065,23.94,ft,4b4bb6a8-f1cc-4fb8-a713-a2265f348a2e,
2017-10-02,00065,23.93,ft,bc427d86-cbb0-446d-8833-e9a5c4c1a340,
2017-10-02,00065,23.93,ft,c092a992-9061-484c-b1a3-aba981d33af7,
2017-10-02,00065,23.93,ft,c70985b6-a411-43b0-b758-0aae91f61e81,
2017-10-02,00065,23.93,ft,e8338868-d8b9-4fc4-b08f-e104212e4e08,
2017-10-02,00065,23.93,ft,ef1a43a7-3c2b-41b0-ae80-6d1a10282fdc,
2017-11-13,00060,69.6,ft^3/s,021d1d85-4d1f-47aa-a162-04004f84b538,
2017-11-13,00065,23.19,ft,124d90a5-6380-4bd1-b560-8a4b31fda16d,
2017-11-13,00065,23.19,ft,1fb5dcca-85a1-4c73-8e42-2f815cc76bba,
2017-11-13,00065,23.19,ft,2b0147e8-0b52-4305-83a6-00ed331108d7,
2017-11-13,00065,23.19,ft,2c3cb7dc-dced-422d-910b-2e6d3c178ecb,
2017-11-13,00065,23.19,ft,a03d2b17-c1b8-49c8-981e-ebe96e6eaede,
2017-11-13,00065,23.19,ft,de6fac23-8133-4e15-8ee5-2854c5f81ffe,
2017-11-13,00065,23.19,ft,e0b1c950-865d-41ae-9d5f-c13885712133,
2018-02-02,00060,52.3,ft^3/s,f0e05f67-10fe-4d68-b23a-43beeb3c3587,
2018-02-02,00065,22.22,ft,12efe7ab-1116-4aa3-871d-3e718df8c385,
2018-02-02,00065,22.22,ft,1690c41a-e833-4322-b4fe-f61f9f5f80e2,
2018-02-02,00065,22.22,ft,39a97b27-0ed4-4139-bdde-cfef62e6ae92,
2018-02-02,00065,22.22,ft,418b92cc-ee6d-4f82-88c5-e9e07cd4a59b,
2018-02-02,00065,22.22,ft,9b3d1323-1570-4dfc-b2f1-64f51dbf96c3,
2018-02-02,00065,22.23,ft,c259d74a-b382-4419-a9c2-9625abf23acc,
2018-02-02,00065,22.22,ft,ea51f1bd-cdd3-440b-9d6e-ecb3b015b194,
2018-02-27,00065,19.89,ft,6516b60e-a760-408e-b377-24b5e882c3bb,
2018-02-27,00065,19.88,ft,cd63e681-9657-426c-9446-3741352ea9cb,
2018-02-27,00065,19.89,ft,dc954b18-84dc-4cf2-8fdb-f6a4d7b8f5de,
2018-03-09,00060,47.3,ft^3/s,2fc90354-e5ea-48fa-ba19-b81208e7b327,
2018-03-09,00065,22.11,ft,3ecd15f7-41ae-4119-8100-3d4a2467e10d,
2018-03-09,00065,22.09,ft,9c126c8c-1f29-4a2b-a7e7-ec66afe84728,
2018-03-09,00065,22.12,ft,b6cb8710-9b21-40c8-a617-20f471d8e68b,
2018-03-09,00065,22.12,ft,d02367b2-8ef0-4741-b996-f06483c08f13,
2018-03-09,00065,22.12,ft,d1fa1ce8-1dff-4b85-8614-e2176482fea9,
2018-03-09,00065,22.09,ft,da422efd-c717-4fde-b3f1-604f1b5b79f4,
2018-03-09,00065,22.09,ft,db555f56-7ab7-4333-a8d4-444e6816d7b9,
2018-03-09,00065,22.09,ft,e4a9e7ca-6099-43a0-bd4d-e8c802104c61,
2018-04-02,00065,23.01,ft,50720e59-bfc8-404d-8837-8a2389a8b657,
2018-04-02,00065,23.01,ft,85b05ede-fc65-49b4-906d-329855acfbe9,
2018-04-02,00065,23.01,ft,c9143529-c27f-4e73-9d4f-9a95b5f58a8c,
2018-05-14,00060,60.7,ft^3/s,bb0acfd8-0d93-4d9c-9999-34d15b163942,
2018-05-14,00065,22.67,ft,25695e38-f47f-4031-81c3-3cc290b65b75,
2018-05-14,00065,22.68,ft,42db7797-63e2-46b4-b207-0c37699be3e3,
2018-05-14,00065,22.67,ft,43a3f230-67ea-4c0d-ae65-8643ee6c7894,
2018-05-14,00065,22.67,ft,a44983f5-7602-44de-8367-4ed4626c8c17,
2018-05-14,00065,22.67,ft,be701603-d08d-4e76-9bd4-a41da146e83b,
2018-05-14,00065,22.67,ft,fdc8a25c-32b6-433f-9317-421f58ef8554,
2018-05-14,00065,22.68,ft,ff3c59e3-23fb-4c3e-9690-bfbf7f287935,
2018-06-28,00060,36.4,ft^3/s,e16e15d2-166b-40d7-82b9-7d97db09e52c,
2018-06-28,00065,21.9,ft,028f77da-3956-4e1c-a6e8-fe6985bb0f76,
2018-06-28,00065,21.9,ft,3754bdf2-ff0d-48c5-8a28-24235b7a4402,
2018-06-28,00065,21.91,ft,4774f795-27f5-4eb9-a997-34ec3f17edec,
2018-06-28,00065,21.9,ft,54a2ca9c-fc45-474a-84cb-3478a0c1913e,
2018-06-28,00065,21.9,ft,9428a7f1-2e59-413e-8223-1c55663ae158,
2018-06-28,00065,21.9,ft,acbbdb18-59ae-4368-8dc1-ed40f648ad68,
2018-06-28,00065,21.9,ft,febc2f3f-3a65-413f-9126-4e35abb6769f,
2018-08-01,00060,31.3,ft^3/s,591a8a7b-d082-406c-8e59-85a4e95ed093,
2018-08-01,00065,21.65,ft,080075a6-615c-4eeb-a6ac-26c378dae0c1,
2018-08-01,00065,21.64,ft,292788a9-0d7f-43bd-82c4-30e60438cf84,
2018-08-01,00065,21.65,ft,59bf9639-bd7e-431d-88ec-f5c0dcfa3ae3,
2018-08-01,00065,21.64,ft,87a67f47-eedf-4862-aaf9-6f4eecd93a0e,
2018-08-01,00065,21.64,ft,b3d9e087-c9e6-42c5-9961-2b68d433566d,
2018-08-01,00065,21.64,ft,d97607c8-d09b-4d33-8a88-a3ceac281cf0,
2018-08-01,00065,21.64,ft,e4d9265d-6702-409f-98ca-8772446feb1b,
2018-08-01,00065,21.65,ft,f509a8df-9949-4c41-89cb-e62438a5e6f8,
2018-08-21,00060,29.3,ft^3/s,094e5227-bab2-4dbe-bd63-f6590f2af344,
2018-08-21,00065,21.51,ft,2ba458b2-6c5d-41b3-b852-7f857a9a3129,
2018-08-21,00065,21.51,ft,4edf2319-1978-4032-8530-da1586f0e5f4,
2018-08-21,00065,21.49,ft,64e6774e-fd1f-4ce6-8b00-5943a109c3cd,
2018-08-21,00065,21.51,ft,a21787b3-821e-4690-9c82-c2686a2b9810,
2018-08-21,00065,21.49,ft,b3c92025-5288-441d-91ff-f82ff5b30acb,
2018-08-21,00065,21.51,ft,cc6397a2-5684-4509-8d77-a279d8d7856c,
2018-08-21,00065,21.49,ft,e8f010f8-fff3-4c41-b8da-3db27a44e0b3,
2018-10-12,00065,23.46,ft,0972064d-4d21-4541-8c10-aa9d9aa62b94,
2018-10-12,00065,23.47,ft,151db0f2-b582-4ceb-b02f-3cb1bf312d6b,
2018-10-12,00065,23.46,ft,7202bba1-7eee-440f-b526-d1b9066b4138,
2018-10-12,00065,23.46,ft,81b970b9-3e7e-4ce8-b132-c1958482ff17,
2018-10-12,00065,23.46,ft,86ec99d7-6ede-46e3-a22a-2b9179d181a5,
2018-10-12,00065,23.46,ft,abbffd11-b969-432e-83f8-4b3160e60654,
2018-10-26,00060,89.1,ft^3/s,2310a8be-a2fe-411b-b542-314b488a63a2,
2018-10-26,00065,22.74,ft,2d050060-bcf9-4128-a8f3-14bb642b342d,
2018-10-26,00065,22.73,ft,56921d63-aa7c-4572-8e09-249e5d245a3d,
2018-10-26,00065,22.74,ft,703c21f3-2a88-4843-ba3f-671d5a57f727,
2018-10-26,00065,22.74,ft,78316705-0783-4efc-8305-14398d7e684b,
2018-10-26,00065,22.74,ft,7a07884c-f085-49c3-b845-d0f57067738c,
2018-10-26,00065,22.74,ft,9334662e-13a5-446b-87a5-5e2a692b4848,
2018-10-26,00065,22.73,ft,96b17ffc-b69e-448d-bd3e-af45763839de,
2018-10-26,00065,22.74,ft,9bb8fffd-3928-46e7-a11e-779f862fdc0f,
2018-10-26,00065,22.73,ft,b41336e4-2f5f-43fc-adf2-6e1704bde488,
2018-10-26,00065,22.74,ft,cb4a3bd6-a05a-42b7-8823-6849f70ab44f,
2018-10-26,00065,22.74,ft,d1d51e87-4557-470b-923b-3b99b1e32fbc,
2018-10-29,00065,24.05,ft,1166091c-03a8-46e3-b591-8ebcb36d6af3,
2018-10-29,00065,24.05,ft,68469c67-aa11-431e-aa3a-cb0143b9f942,
2018-10-29,00065,24.05,ft,86836f8e-ec2e-4a96-8744-4938fb083f89,
2018-10-29,00065,24.05,ft,baa112f9-88f2-4524-a633-4f7ac0799d69,
2018-11-19,00060,95.3,ft^3/s,88a8e056-90da-4ee7-9ee6-254a90d8ecd4,
2018-11-19,00065,24.17,ft,2b72f160-844d-4c7e-8cf2-cbc5846914c3,
2018-11-19,00065,24.17,ft,2f261253-a850-491f-80b3-4e1645a42a81,
2018-11-19,00065,24.16,ft,4227819a-8f63-40cf-8ecf-eb985ab6b360,
2018-11-19,00065,24.16,ft,9d8d64ed-6146-4b94-b6e1-ab8820afe7b2,
2018-11-19,00065,24.17,ft,c02d110a-e857-429f-9029-856101591f5e,
2018-11-19,00065,24.17,ft,e4e875ea-67ad-4591-9a71-da9af611a54e,
2018-11-19,00065,24.17,ft,f5c84ed6-a9d7-4737-a528-496f922f89d2,
2018-12-21,00065,24.39,ft,38b6a445-057a-4491-8547-29fe70d4af37,
2018-12-21,00065,24.39,ft,dbf10ee8-d674-4371-921e-550e7fc312ac,
2018-12-21,00065,24.39,ft,f41d7e85-d46e-41cc-8225-5b70e113b748,
2019-02-15,00060,124.0,ft^3/s,318eff07-13de-428b-9ca9-aea97d25421d,
2019-02-15,00065,25.16,ft,10a09061-c7ae-49eb-bd64-65773aa67e46,
2019-02-15,00065,25.16,ft,2fd9a456-b80c-4cc4-8a97-06c1f3f4308f,
2019-02-15,00065,25.16,ft,4fbf1240-e884-4e4c-a0f5-36119e8f0527,
2019-02-15,00065,25.16,ft,7ed99c5f-f58f-4e53-b677-674a0d92a374,
2019-02-15,00065,25.16,ft,9a7f6ce7-be20-4086-a839-61f35e2e547c,
2019-02-15,00065,25.16,ft,fa7ba398-f157-48fb-816a-d9ec35659bc6,
2019-03-08,00065,21.96,ft,0261bda9-a287-464e-9986-0e88bb334f3e,
2019-03-08,00065,21.96,ft,6c95d769-b939-4dd5-aab1-2c68372885ee,
2019-03-08,00065,21.96,ft,c7386010-3da3-437b-a01d-8a915a5e2bb9,
2019-03-18,00060,112.0,ft^3/s,5055ed02-de02-4e0e-81cd-ed54144b2f16,
2019-03-18,00065,25.0,ft,2fa835fb-6f58-4f09-9961-c0bcdc9b50ae,
2019-03-18,00065,25.01,ft,57ff9b83-df95-4790-b47c-c4b7d5479a52,
2019-03-18,00065,25.01,ft,6eb6c559-fa5b-49ed-a632-3c263f69631a,
2019-03-18,00065,25.01,ft,7664cd7d-7d89-4856-bf4d-ffb4d48c7f5c,
2019-03-18,00065,25.01,ft,8544a79a-39f4-4b02-95cb-95aa29b8e23f,
2019-03-18,00065,25.01,ft,a3378fe1-676e-4104-980a-33e377932f16,
2019-03-18,00065,25.01,ft,bb340302-566a-465c-b7ac-242192d82d6a,
2019-03-18,00065,25.0,ft,d98f652b-403a-4a06-a51f-d2c079cf3c99,
2019-04-16,00060,99.5,ft^3/s,10508437-db00-4fa0-bcf3-c40878c1f547,
2019-04-16,00065,24.85,ft,0071bbb3-92e4-49b9-933b-6bc47e5acd6a,
2019-04-16,00065,24.84,ft,0d5e5504-a575-4502-8920-fafacd1d9be7,
2019-04-16,00065,24.84,ft,433dce85-d667-48f7-b36e-0d64c53960f2,
2019-04-16,00065,24.84,ft,5df9c83c-80b4-4815-96aa-ee202a68394c,
2019-04-16,00065,24.84,ft,9a8c9f7e-b048-49e9-93be-6ce329507942,
2019-04-16,00065,24.84,ft,bae44a88-74f5-4614-86a2-8317f8c74513,
2019-04-16,00065,24.84,ft,c0b03f66-5ebd-4d3c-90fe-6bb138349719,
2019-05-20,00060,124.0,ft^3/s,2c71d35c-4cd4-4043-a6b2-291929497856,
2019-05-20,00065,25.6,ft,23859052-ade4-4127-b86d-f880a40bae83,
2019-05-20,00065,25.61,ft,375cc687-c035-40c9-b5e8-a77946f77ac2,
2019-05-20,00065,25.6,ft,3f93df3a-fb90-4fb2-9ea0-d185b2bddc1c,
2019-05-20,00065,25.6,ft,5f87a37d-2015-4f61-b5fc-b75336a34103,
2019-05-20,00065,25.6,ft,95e76851-08c6-4eea-bbfd-130c1978e602,
2019-05-20,00065,25.6,ft,d3076e53-2748-402a-9d35-83f9d0bda4e8,
2019-05-20,00065,25.61,ft,e43b3ace-980f-4ada-93e5-3d9778d9ce3f,
2019-05-22,00060,101.0,ft^3/s,34c83617-ba71-41fd-9e70-80b4dc2e15bf,
2019-05-22,00060,88.4,ft^3/s,e81200a4-98c8-4986-863a-b47d687cb7bf,
2019-05-22,00065,25.61,ft,4a510f71-0b0b-420b-820f-f541ac7706b6,
2019-05-22,00065,25.6,ft,5ead392c-38b9-4b26-935b-a75caca43636,
2019-05-22,00065,25.6,ft,ab58f188-3d97-46e7-9fc6-c1f2fad235c6,
2019-05-22,00065,25.61,ft,c7b5bdfa-3453-474c-8091-07c629c5e310,
2019-05-22,00065,25.6,ft,cdf79a0d-731f-4b4b-8489-f46125d6bc34,
2019-08-05,00060,108.0,ft^3/s,7eaee243-5024-4a3d-a38a-91e6da085124,
2019-08-05,00065,24.91,ft,539168d7-77c5-4b59-b28c-14ba38ae547b,
2019-08-05,00065,24.92,ft,ba1a1bd4-b74f-4e8b-b059-2ed3eefe7245,
2019-08-05,00065,24.93,ft,c3f1e592-9c42-4c9d-bd56-b7229bf136cb,
2019-08-05,00065,24.91,ft,cb3d75f1-b4ba-4f4d-92b4-df3cec75e119,
2019-08-05,00065,24.92,ft,e768e23d-89d9-42db-8edd-99be7071d4bc,
2019-08-05,00065,24.94,ft,ea9e46d1-e773-40c9-9949-2666c3d31796,
2019-08-05,00065,24.93,ft,f1a78638-a18f-4984-ba3d-aebcfa282cbb,
2019-09-23,00060,88.6,ft^3/s,6dff1cd6-eea8-472a-98be-6c6453bab578,
2019-09-23,00065,24.03,ft,67c3fca7-02f6-41f9-92a7-aac2e974c50d,
2019-09-23,00065,24.03,ft,885f9b9f-8c22-471f-a9d4-f4c45f868abd,
2019-09-23,00065,24.03,ft,9a4729af-e7fa-4678-b651-7728b539199a,
2019-09-23,00065,24.03,ft,ac6507b2-8250-4167-ac44-aaba356fafae,
2019-09-23,00065,24.04,ft,c78d735f-1e40-409c-89ac-0352816161cc,
2019-09-23,00065,24.04,ft,d3bec659-62ed-4987-8bc7-8c0af0b24f32,
2019-11-18,00060,60.2,ft^3/s,f744e1f0-f134-4909-a5ad-4636c0b4e8ea,
2019-11-18,00065,22.8,ft,7a237655-fe04-4791-a814-ba4e3e5c5e25,
2019-11-18,00065,22.79,ft,8b25a1a9-2ae2-4106-afd7-224cd4742c32,
2019-11-18,00065,22.79,ft,b644c8a6-b29c-4632-8135-24d85406a29c,
2019-11-18,00065,22.79,ft,f257f343-0232-4a5b-ad74-de79b7a33957,
2019-12-02,00065,22.55,ft,1d2d769e-47cb-4c62-9413-3d2cb8b61cfb,
2019-12-02,00065,22.55,ft,335f12da-7e36-461c-9b39-9bbdfe9b877b,
2020-01-13,00060,45.6,ft^3/s,ca3642ca-b77b-4761-8c66-00f443c2d814,
2020-01-13,00065,22.15,ft,215b0602-4457-43c2-a997-d8271f83a084,
2020-01-13,00065,22.13,ft,597a9a5c-16f2-4a56-a7b4-40232368be46,
2020-01-13,00065,22.14,ft,82446bff-3607-4fe1-8656-e49807a5d128,
2020-01-13,00065,22.12,ft,e83bd6e9-d72a-445e-9b8c-f4aa24c222a8,
2020-01-13,00065,22.14,ft,eec9a685-a335-46e8-97c4-f9cd08bef7c3,
2020-01-29,00065,22.07,ft,a613f395-a361-4aa7-8cc9-56c4ccb03612,
2020-01-29,00065,22.07,ft,e243840d-bac6-4ea3-b480-9f2046bca518,
2020-02-13,00065,22.19,ft,5ccac3c3-8298-4132-9e04-6daba77f4e5e,
2020-02-13,00065,22.18,ft,b7a7c580-8908-4550-ad28-d74f307cc94b,
2020-02-25,00060,44.8,ft^3/s,fd525670-2bb8-45a8-8292-94800a59f78c,
2020-02-25,00065,22.03,ft,108f6232-6997-4219-b485-71bd264ae85d,
2020-02-25,00065,22.03,ft,406364ef-a65c-4828-8116-cfee771a63ab,
2020-02-25,00065,22.03,ft,4fe315f1-0c3d-4da0-9ca8-9119f9045a00,
2020-02-25,00065,22.03,ft,c1b5e77c-8f5b-493a-82c2-83828efcbf9f,
2020-02-25,00065,22.02,ft,d66f30bc-a43c-4576-8b7d-d7546244dd04,
2020-03-06,00065,20.58,ft,12f178b7-2d03-4a5f-923b-7ada11b3e18f,
2020-03-06,00065,20.55,ft,605ea74f-754a-4992-8da1-aab07ef2932c,
2020-03-06,00065,20.52,ft,79889930-3126-4353-9e2d-5829c6ca405d,
2020-03-16,00060,41.7,ft^3/s,053cd24e-80da-45fe-9ad4-58e7e69f7579,
2020-03-16,00065,21.86,ft,308f36a4-ac26-41ea-b2c5-7963b15d412e,
2020-03-16,00065,21.87,ft,99572eb1-57be-4dea-a5d7-742a763a6a79,
2020-03-16,00065,21.88,ft,c2de40bb-895f-478d-93d4-7c23b285a864,
2020-03-16,00065,21.87,ft,c3c61605-fb37-4f0a-9338-468850c94df5,
2020-03-16,00065,21.87,ft,d2d5bfa5-911e-4e4d-8383-568c01b6cf22,
2020-03-27,00065,22.04,ft,e9d3395b-8d12-410c-9c1a-3fac527e3b9a,
2020-04-30,00060,55.5,ft^3/s,f22e27ab-a09b-4b51-844b-f4c2337dcd7c,
2020-04-30,00065,22.26,ft,09f3cb7e-bac8-4e20-ad76-9f5a86515630,
2020-04-30,00065,22.25,ft,76600333-0879-4a5a-b651-5b88df5f41bc,
2020-04-30,00065,22.28,ft,7689ec1a-bb82-414f-bb07-a0a3fddcae94,
2020-04-30,00065,22.27,ft,7ad509ef-cb57-4b20-9c86-089659450663,
2020-04-30,00065,22.26,ft,88f33bf0-c407-4640-9f16-dbe7a7e6ba3c,
2020-04-30,00065,22.28,ft,a00df2cf-14f6-4d81-9ed1-dd5185eecfca,
2020-04-30,00065,22.28,ft,cc930f54-d405-46db-992d-e28a9a3b0219,
2020-07-02,00060,71.7,ft^3/s,ec4fe6c7-27f4-4c90-a074-22316aace24a,
2020-07-02,00065,22.89,ft,2b0e5fc3-f522-4b70-b822-adb2e79ce135,
2020-07-02,00065,22.89,ft,4f217161-8857-45f2-a864-dec814905f36,
2020-07-02,00065,22.89,ft,a4e5b603-cb30-4482-9215-97785e5ec0ba,
2020-07-02,00065,22.89,ft,aa958efb-208c-40ea-a307-0a6836b059b5,
2020-08-17,00060,43.9,ft^3/s,4fa87ade-4dfb-4b07-a5b6-3e55bdd19575,
2020-08-17,00065,22.04,ft,03d84251-7dc8-49b3-9c32-3882f9a87908,
2020-08-17,00065,22.04,ft,2d50b1a7-a6f4-4729-b643-163034a6b92e,
2020-08-17,00065,22.04,ft,47c19038-4905-499c-8ae7-8d03a3c4c6d5,
2020-08-17,00065,22.07,ft,489b7b83-f54d-4e43-9fe9-f44941ada493,
2020-08-17,00065,22.04,ft,5410c94b-064c-438d-ae96-006795f750d4,
2020-08-17,00065,22.04,ft,927f79b1-0bbc-40ad-8ae1-f4165d880eb8,
2020-08-17,00065,22.05,ft,b278ccdf-c300-443e-80ed-904ee982fbd6,
2020-08-17,00065,22.04,ft,bea01dd3-a3b2-405c-ae45-81228692145c,
2020-10-26,00060,35.8,ft^3/s,039817d6-b8ac-4f94-a965-01895161bd19,
2020-10-26,00065,21.74,ft,62aab531-b68c-4e0d-9da5-bf5f8ce5aafa,
2020-10-26,00065,21.75,ft,7c64d52a-d306-42ad-81d7-aeff3e98d2f0,
2020-10-26,00065,21.74,ft,94d8b8b8-93b0-48d2-8385-ef4d8a8162ba,
2020-12-16,00060,29.9,ft^3/s,b1d05de7-b261-42b2-8d7f-3f5b471f6e66,
2020-12-16,00065,21.5,ft,59b320af-78e1-43ce-8b6d-c8492e9cbc0c,
2020-12-16,00065,21.49,ft,9e9f935b-95ab-45ff-b8c2-0ad862327042,
2020-12-16,00065,21.5,ft,b0ce83a5-0ef5-4301-8a9e-cea2a6d8f77f,
2020-12-16,00065,21.5,ft,cb3071e8-1c29-40e1-885f-bf977889dcfe,
2020-12-16,00065,21.5,ft,dde6a88e-6c61-4872-aad7-ffef0d0bd93a,
2021-01-25,00065,21.59,ft,26f2bb48-f0e0-43a7-9c7c-5240e4a74874,
2021-01-25,00065,21.59,ft,46839065-e5bb-4993-aea5-214369be6fb4,
2021-01-25,00065,21.59,ft,8780f4b5-5709-475f-92ae-5fe25ee13f61,
2021-01-25,00065,21.59,ft,aa13f17c-c3d0-401c-bcf8-8ec7ad2808bc,
2021-02-05,00060,31.3,ft^3/s,1c21211e-755a-4fb9-8325-78b716fab7ed,
2021-02-05,00065,21.54,ft,292aef11-957a-4d84-b3ea-2e75308b781c,
2021-02-05,00065,21.54,ft,30c61c4b-e168-4664-82ed-7c18b8bba4e2,
2021-02-05,00065,21.54,ft,482d0882-d08a-4e23-9715-0ac921141455,
2021-02-05,00065,21.54,ft,96139eed-3ff6-4953-8ddf-33a2a17e8aaa,
2021-02-05,00065,21.54,ft,96f9e4e5-f1c4-4aed-b106-d53a1a7ddf10,
2021-03-09,00065,21.54,ft,0beaefab-933e-4fd8-8b3c-23535aecf9f6,
2021-03-09,00065,21.53,ft,c77024c7-5ca6-4e41-a5c2-8515b6946d00,
2021-03-09,00065,21.56,ft,f4eeefbe-ae33-44be-bf0d-8ff8cce661a7,
2021-03-22,00065,21.52,ft,72edaacc-a33f-4b5b-9d22-d8a49cbe4f12,
2021-03-22,00065,21.53,ft,e66c8bb7-b996-42fe-a233-e055777e71f2,
2021-04-01,00060,32.1,ft^3/s,9a6601b6-c74b-4454-9d40-21d60eb5a3a0,
2021-04-01,00065,21.52,ft,01eac173-5986-4b69-b524-0d90865e6909,
2021-04-01,00065,21.52,ft,22567d80-9b60-4a7b-86de-e9715f3257be,
2021-04-01,00065,21.52,ft,54df10f8-e7d5-41a8-ba7f-16a4e8dc4a58,
2021-04-01,00065,21.51,ft,5f01efaa-3700-46c5-8f52-d67ae48fa754,
2021-04-01,00065,21.51,ft,7a18173c-a0ea-4852-bb5d-9399da7b1ea1,
2021-04-01,00065,21.53,ft,9739b025-9f55-44db-82e2-77554c149159,
2021-04-01,00065,21.51,ft,b4dd57b4-7b33-4f24-9ce4-4827f81d7f98,
2021-04-01,00065,21.52,ft,e8696fd7-3640-413b-80e1-0b6891bbfa3b,
2021-05-24,00060,72.8,ft^3/s,d228fb9a-6f5d-4505-8a40-bdb4243e8752,
2021-05-24,00065,23.21,ft,1e6a7522-bff7-4eb5-a044-b37e266bbc51,
2021-05-24,00065,23.13,ft,23c50108-b716-4482-8020-99576df6f076,
2021-05-24,00065,23.11,ft,2733843d-f188-4cf2-959c-71802827d179,
2021-05-24,00065,23.31,ft,3917d2e9-e0e7-4b08-a5b9-cb4b081ff084,
2021-05-24,00065,23.13,ft,3f307e77-bdea-434e-ba2d-b4f385735211,
2021-05-24,00065,23.32,ft,81fff833-c3df-4f7b-995e-c5c00bf69ed2,
2021-05-24,00065,23.31,ft,cbedb091-e8ad-4551-88fa-c5ff747fae5f,
2021-07-23,00060,80.8,ft^3/s,8be2290f-6e85-44e6-9ec0-09978292e69d,
2021-07-23,00065,23.67,ft,0a933673-2a6b-40eb-a598-bf3c5c9e1157,
2021-07-23,00065,23.67,ft,35f520b2-db95-4cb4-b84e-8ec7083b1649,
2021-07-23,00065,23.68,ft,5299db8a-cd6b-4247-81f4-6ff28a9b3c87,
2021-07-23,00065,23.71,ft,a7beec73-f320-464c-9ada-0a046212abd1,
2021-07-23,00065,23.66,ft,b7120655-839d-4dcd-8e0e-996f534573b1,
2021-07-23,00065,23.67,ft,b82d3891-239a-4f1b-b546-6eaa3b0eef58,
2021-07-23,00065,23.63,ft,e7009bd7-4eea-46c1-9b46-60fba23b4bbc,
2021-09-20,00060,55.1,ft^3/s,d3135fd3-ff31-44df-9f6a-2d5d3a871b25,
2021-09-20,00065,22.36,ft,239a8841-bce8-43a8-a816-7f62f18d61ed,
2021-09-20,00065,22.35,ft,25360bb1-b4e7-4024-82c9-53269819e75b,
2021-09-20,00065,22.36,ft,723fbab7-6f51-42f6-b52b-7c9f2530ed24,
2021-09-20,00065,22.34,ft,b593db43-e8c5-4e0a-ae58-0fa03c5fe598,
2021-09-20,00065,22.35,ft,ba351335-ba09-472c-9049-c0b37f470b37,
2021-09-20,00065,22.35,ft,e132dae4-080f-4a4e-9b0c-b1fbb59ce570,
2021-09-20,00065,22.34,ft,ecaefc6d-216e-4398-8d20-ba3e31bd222b,
2021-09-20,00065,22.34,ft,f396f0ec-8f5e-4061-8a47-33c05ddf4f2c,
2021-11-15,00060,83.9,ft^3/s,bc607d02-0b54-437e-aa4b-cb7955514bf9,
2021-11-15,00065,23.73,ft,55101ac1-950e-4e75-ae88-fb9bf18fc1a0,
2021-11-15,00065,23.72,ft,5e20a94a-93b2-4c1b-8bf3-0e2632effa00,
2021-11-15,00065,23.73,ft,ae326d15-9e9a-46d5-b27a-8f821d1304c9,
2021-11-15,00065,23.73,ft,b76037be-3dbe-4519-b4b6-654101f37ce2,
2021-11-15,00065,23.73,ft,d3692518-c476-4a5f-88a0-d9f59cef7519,
2021-11-15,00065,23.73,ft,e219d769-a286-4716-b3fc-f220764ddd71,
2022-01-10,00060,57.0,ft^3/s,cb2a2edf-01e4-4004-8908-a55ee617afb2,
2022-01-10,00065,22.75,ft,35acad38-dea0-481e-b1da-0d1cc824b22b,
2022-01-10,00065,22.75,ft,5b887e29-1cf9-44af-9546-319371eac99e,
2022-01-10,00065,22.74,ft,6f7eb76e-01a1-4793-a1fb-15ce5270ac67,
2022-01-10,00065,22.75,ft,99c86649-ea16-43ed-84eb-2a086e36d848,
2022-03-28,00060,54.5,ft^3/s,44d23418-b260-4d17-8732-b67ec772e0f6,
2022-03-28,00065,22.71,ft,00b403a7-2b5a-477f-ad6b-87b7a6caac19,
2022-03-28,00065,22.7,ft,3cd916fd-5858-434e-89ba-55e2cacc40ed,
2022-03-28,00065,22.7,ft,b09856b5-023a-49e1-9a34-4e676e95c755,
2022-03-28,00065,22.7,ft,febf0a1f-84ec-4678-bdee-377cde572ea7,
2022-05-03,00060,46.5,ft^3/s,46f1142a-94f6-4c2f-a80e-bc3e7c53fa87,
2022-05-03,00065,22.31,ft,13f1163f-8626-491e-bdfa-34df34d7769b,
2022-05-03,00065,22.3,ft,1821864e-0ad5-47a0-b0e1-6287bb61dd86,
2022-05-03,00065,22.31,ft,49d38372-91b6-4e48-8f5d-8988b02548bc,
2022-05-03,00065,22.31,ft,9f17972c-a056-4f16-aa65-f566a2687959,
2022-05-03,00065,22.31,ft,9f6b0cf3-30d3-489e-824e-acd2d85084be,
2022-05-03,00065,22.31,ft,bbdbab27-63b4-47f5-a131-46c702fda682,
2022-05-03,00065,22.3,ft,d5655c98-af9e-425b-afba-c381226f1d04,
2022-06-22,00060,37.0,ft^3/s,deaec028-99da-4508-97b1-54f769e4024e,
2022-06-22,00065,21.67,ft,2af00252-f83e-4e21-9e25-88f2dad93976,
2022-06-22,00065,21.68,ft,559aa36a-797f-4f54-8bd3-53ca3432786d,
2022-06-22,00065,21.68,ft,7f5f8f69-c754-44cb-b1b5-6f0f1b677651,
2022-06-22,00065,21.67,ft,9075b773-cd3b-44b6-8ce6-7c370efbe8e6,
2022-06-22,00065,21.67,ft,926110f1-9985-4054-85f5-27c7969885f0,
2022-06-22,00065,21.68,ft,e4a932a0-f17a-4dc7-a51e-d9ce0e9cc9b9,
2022-06-22,00065,21.67,ft,ef00dff3-99ec-4e0c-a134-334be17cb578,
2022-07-06,00065,21.61,ft,12b21459-34a7-4ef3-9ca5-17640f7ae0aa,
2022-07-06,00065,21.61,ft,5f3a6502-3359-481a-9d32-7de1552d628a,
2022-07-06,00065,21.61,ft,98f795fd-f0df-4866-9314-933fb2438475,
2022-07-06,00065,21.61,ft,e5305e52-8157-4885-8dcf-7be533d31093,
2022-07-11,00060,26.5,ft^3/s,ae0b7a64-6b3b-4960-baee-df2bdf7205ee,
2022-07-11,00060,32.0,ft^3/s,b64d5911-3727-46a1-827f-c860a8e23e1c,
2022-07-11,00065,21.58,ft,06fe7cd1-d7e7-4d50-a254-37e588174c14,
2022-07-11,00065,21.58,ft,0fcf0492-cb28-47f9-90b0-4ff6999756c0,
2022-07-11,00065,21.58,ft,33e68544-4154-4e80-ac55-6d537608ade3,
2022-07-11,00065,21.59,ft,57cddca3-5360-40fe-bae4-cbc8daab2ced,
2022-07-11,00065,21.6,ft,79e3be86-d820-4a88-ba36-232ba7c0ed41,
2022-07-11,00065,21.58,ft,86548b2b-078f-47d3-95fd-a504772d86d0,
2022-07-11,00065,21.58,ft,f8de1fe6-3d19-4aad-b510-8ecb6e5f0e1e,
2022-08-01,00065,21.45,ft,3f511ca3-b89b-4f12-b712-b1c6250011ca,
2022-08-01,00065,21.45,ft,5979f3dc-f743-49cc-8354-b919b0d8da4b,
2022-08-01,00065,21.45,ft,62a0d9f6-e92f-4ff8-ab5c-0e36763012fc,
2022-08-01,00065,21.45,ft,63ee6fe1-215b-46e5-8e32-fb14d83285e8,
2022-08-01,00065,21.45,ft,70c318e3-8d6a-4915-8ac0-59995f199b51,
2022-08-01,00065,21.45,ft,9b50ab4b-fa96-409a-812f-8129e9d68810,
2022-08-01,00065,21.45,ft,9f6386bc-0388-43b6-9e0c-b14411fbd533,
2022-08-01,00065,21.45,ft,afc1eec5-3040-4dd4-8328-3c18718adf9b,
2022-08-16,00060,24.9,ft^3/s,d54629f9-19a2-404b-877f-9a501c58a3ae,
2022-08-16,00060,24.4,ft^3/s,e0677e44-47a5-410a-8f77-7a536c4265f0,
2022-08-16,00065,21.43,ft,212dfbb2-d887-4606-aea0-273805634208,
2022-08-16,00065,21.43,ft,39c831c9-d44a-4e1c-b495-fa6a2c4551a1,
2022-08-16,00065,21.43,ft,9e1b50d5-c063-4ab6-b6ff-461dffea5589,
2022-08-16,00065,21.43,ft,aa07a53f-a260-477a-9645-a3650c348181,
2022-08-16,00065,21.43,ft,dfb4d310-72ee-438c-a157-2c9568bd46db,
2022-08-16,00065,21.43,ft,e801fed9-3b1c-4f6c-9c29-14fa256728d6,
2022-08-16,00065,21.43,ft,f3b44f88-3592-46ab-9eee-f3f21646189a,
2022-09-22,00060,24.7,ft^3/s,842be428-ba3c-460a-9854-a8e8d4876a81,
2022-09-22,00065,21.46,ft,25fce61d-66e0-4ad7-b48e-b86d120266d5,
2022-09-22,00065,21.44,ft,38d316d9-d6ab-49a6-a191-319e4a49b6a4,
2022-09-22,00065,21.43,ft,55d8281b-28be-47cb-89fc-822b86c2feb8,
2022-09-22,00065,21.46,ft,a7b57edd-f62c-492a-a03a-9fb418347af4,
2022-09-22,00065,21.44,ft,e8cc6383-f53b-45be-ab8b-0f9126eca136,
2022-09-22,00065,21.44,ft,f748b5ec-81f6-4ca3-9c26-ee7a05db14ce,
2022-10-26,00060,23.7,ft^3/s,e75fdb77-696c-40ba-9165-050842e9dcd7,
2022-10-26,00065,21.45,ft,16c9aca4-ae7d-4a14-8599-c0698e7fa39f,
2022-10-26,00065,21.44,ft,1d0fd49c-eefa-4d75-9e94-0a4599fde03d,
2022-10-26,00065,21.43,ft,7995359b-d0d7-43a2-b1ec-44a20955e53c,
2022-10-26,00065,21.46,ft,8f375dc1-8b67-44ef-9e69-3f94433c4881,
2022-10-26,00065,21.43,ft,aec5e395-03d8-461f-8bff-59f357aebbfd,
2023-01-19,00060,22.8,ft^3/s,776115c8-add8-4592-8032-cb16a37d9792,
2023-01-19,00065,21.43,ft,21d4147b-4870-4bc3-bc54-70344fc2b22e,
2023-01-19,00065,21.43,ft,3a184c51-fca1-4225-9872-1314f16e744f,
2023-01-19,00065,21.43,ft,5ef19b1a-6341-480e-ae92-e7a0e9f445f1,
2023-01-19,00065,21.43,ft,7338c261-7aed-4c5d-91a7-1ba1b6240c3c,
2023-01-19,00065,21.44,ft,772e4a30-1036-407b-8565-4ca78a5c361f,
2023-01-19,00065,21.43,ft,7fb96bba-bfeb-435b-bbc9-91facaa34a7d,
2023-01-19,00065,21.44,ft,d0d7e169-d1b5-413c-a313-1f590b09fb3c,
2023-03-23,00060,25.2,ft^3/s,5e485810-1007-44c0-8ac6-dd09aaa45760,
2023-03-23,00065,21.46,ft,0c5c93d4-b655-4d58-aaf4-aa4b118d824b,
2023-03-23,00065,21.46,ft,69ecb9ea-79f7-41c4-b14e-296e6934e670,
2023-03-23,00065,21.46,ft,7780af73-d2b1-4bd9-827a-f6bc9a69e3e6,
2023-03-23,00065,21.46,ft,aebb06ce-49de-49b1-80f1-d4b065a89e42,
2023-03-23,00065,21.46,ft,b2cb0baa-5cdb-4696-890c-1eee12293081,
2023-03-23,00065,21.46,ft,eb7e3521-dcb3-42a6-bc06-ebec495d0ab4,
2023-03-23,00065,21.46,ft,fb0b21c2-9422-48c8-870e-b338690671df,
2023-05-23,00060,32.5,ft^3/s,ef84cdb5-5b86-4f98-b501-8dbf64f832e6,
2023-05-23,00060,31.7,ft^3/s,efe7f2f9-9d12-47fa-8b1b-73366b908822,
2023-05-23,00065,21.74,ft,3e594f70-0d33-44f5-bc46-6ba3b3579487,
2023-05-23,00065,21.72,ft,4025bee5-1424-4d62-ad42-3fb657bb4c44,
2023-05-23,00065,21.74,ft,453f1275-6eb8-440a-b842-b8ae007b8602,
2023-05-23,00065,21.74,ft,767de05e-6f2e-4d2e-aefe-0e2a02ec3e38,
2023-05-23,00065,21.73,ft,bd5aefa4-725f-4d51-a41d-d90465c151d2,
2023-05-23,00065,21.74,ft,f908bb18-7c52-4ffd-9ab0-9ae11cd351cc,
2023-06-26,00060,27.0,ft^3/s,0606b4f0-7c60-4fc9-a5ea-5bfd955b25ad,
2023-06-26,00065,21.72,ft,0eed6d49-e363-441c-89b8-f21929f42a12,
2023-06-26,00065,21.71,ft,12ffaa15-b3f5-4803-bee3-3089240c6c7a,
2023-06-26,00065,21.71,ft,86b48bfa-d6e3-498b-9877-a06665a1c91f,
2023-06-26,00065,21.71,ft,d1b81ea3-f156-4cac-b986-a1736add7e25,
2023-06-26,00065,21.71,ft,e785c32b-9c7d-4419-8dc3-8d5685cd9931,
2023-06-26,00065,21.71,ft,f0249516-5880-452a-9619-72b900396f44,
2023-06-26,00065,21.71,ft,f28511df-bde1-459c-9a6c-d73fbc000992,
2023-07-24,00060,15.3,ft^3/s,56dfe750-3d5c-4e61-b288-c485dad2d9f2,
2023-07-24,00060,15.8,ft^3/s,abd8f9ef-7cc4-407e-ad32-00d7949ce0d4,
2023-07-24,00065,21.43,ft,1aeace51-faed-4b99-b6d7-741fa19cb639,
2023-07-24,00065,21.43,ft,3ad29b62-4026-42a6-ba6e-8c97573faf0c,
2023-07-24,00065,21.43,ft,4e26fa2c-7039-4892-86f6-614cd315faba,
2023-07-24,00065,21.43,ft,9348c1b1-11ff-47de-9ae7-f55747f31dc1,
2023-07-24,00065,21.42,ft,9ec983fd-8b82-4d3e-ac99-cedb496a59e7,
2023-07-24,00065,21.42,ft,c466d913-26d2-42a7-acfe-420faa83a1fc,
2023-07-24,00065,21.43,ft,e4e96c34-ed2b-41d6-81c0-96c3440c96e7,
2023-07-24,00065,21.43,ft,f3e16709-f494-4203-b7d6-808a9a81079d,
2023-08-24,00060,17.5,ft^3/s,be48bed6-5e3e-46e8-9e3e-a2c186cc188b,
2023-08-24,00065,21.32,ft,06140473-d035-4573-9066-20211d0bee9f,
2023-08-24,00065,21.32,ft,0fe6e913-4acd-432e-8598-5206c3e221b2,
2023-08-24,00065,21.33,ft,324cd421-14dc-4051-bdfc-784e9ca6ce20,
2023-08-24,00065,21.32,ft,94a3f58c-a163-4c52-97f1-7381cba1a878,
2023-08-24,00065,21.32,ft,bf226ef9-3788-4028-91a9-4da65aadbac9,
2023-08-24,00065,21.32,ft,eca67e0d-5c7c-4cb7-b4f8-e988c3de6248,
2023-08-24,00065,21.33,ft,eeab413d-4542-44c5-b868-88b13a1a337d,
2023-10-02,00060,17.9,ft^3/s,3826f671-17c6-45f0-95d0-a62ffd796173,
2023-10-02,00060,16.0,ft^3/s,3e140de0-f11a-48cc-a539-0b74778bc133,
2023-10-02,00065,21.52,ft,4e9b6b85-baf9-456c-ac7b-8dc730b012a9,
2023-10-02,00065,21.52,ft,7b363b78-d92a-413b-9341-f277addb1e41,
2023-10-02,00065,21.52,ft,854041e3-eb5a-4f38-b4bb-3cc68419bc95,
2023-10-02,00065,21.52,ft,e6fd97d1-6ec0-4ef6-b487-3ea71493762e,
2023-10-02,00065,21.52,ft,e79eace6-d34c-43ba-a31c-01629e772bc6,
2023-10-02,00065,21.52,ft,e87e2397-499e-4e0c-8053-45b9fab7ec24,
2023-10-02,00065,21.51,ft,e9242958-ccd0-4e9b-a1a5-92f45fb271b0,
2023-12-14,00060,18.8,ft^3/s,0516d5c2-ee77-4749-9854-4a40156ffdd7,
2023-12-14,00065,21.6,ft,4157bbce-bd71-4308-97f5-61e689a3eaea,
2023-12-14,00065,21.6,ft,46fd5ba8-2019-408b-beef-b711b8752966,
2023-12-14,00065,21.6,ft,497bfa15-1e5c-4355-9365-ff721b6e7783,
2023-12-14,00065,21.61,ft,4afe6a64-43c2-42a3-8b32-2380b11d404e,
2023-12-14,00065,21.6,ft,51623d3c-544e-4153-abe8-374551b49532,
2023-12-14,00065,21.59,ft,708307d8-d3f6-4694-b203-7de5f5822595,
2023-12-14,00065,21.6,ft,93ae9838-2363-4124-b93f-fbbb1a87dc94,
2023-12-14,00065,21.6,ft,c175d3ef-62e1-436b-b9a9-60484925f37d,
2024-02-08,00060,64.9,ft^3/s,5198fe31-ec3a-43e4-8044-7c794a974f02,
2024-02-08,00060,60.5,ft^3/s,e7ba9681-b260-474a-a05e-53be50f9b4dd,
2024-02-08,00065,23.22,ft,1d3d6a88-4c0e-43ab-bf41-b6cbb7cf5e7d,
2024-02-08,00065,23.22,ft,47f19a54-3b10-43db-b928-fa368a309ac8,
2024-02-08,00065,23.22,ft,5f22a9f2-d4cf-4257-b680-34bf5b8b22f1,
2024-02-08,00065,23.22,ft,83ebbcc8-595f-469b-a48b-19430e429025,
2024-02-08,00065,23.22,ft,b217f64a-f2b1-45bb-b429-bda62bc79311,
2024-02-08,00065,23.23,ft,bc6bb380-a380-448e-bcfe-3b94e26dcb0e,
2024-02-08,00065,23.23,ft,e2dc27f0-9f8e-4d12-8c03-962b0dfbc601,
2024-02-08,00065,23.22,ft,ec1aa6d9-bf86-4d11-84df-74b1e470aa56,
2024-02-15,00065,20.37,ft,55ba9993-9daa-4b58-b365-3b9f33950bca,
2024-02-15,00065,20.47,ft,84c09b4a-60e1-429e-91c4-aba48ec4ae09,
2024-03-18,00060,48.7,ft^3/s,40700145-c555-45f3-abe6-53096d03d03f,
2024-03-18,00065,22.43,ft,056f5be2-88ca-4636-b686-148199edcc20,
2024-03-18,00065,22.42,ft,26709554-d6fb-46c6-8d77-05988e4ab952,
2024-03-18,00065,22.42,ft,41b06311-1244-4671-bb89-fdd1f6496402,
2024-03-18,00065,22.42,ft,53c04fcc-a6f7-48f3-aff1-96377ba6ab5d,
2024-03-18,00065,22.42,ft,57593cb8-ec8b-41c0-80d4-aa5dc932f7d5,
2024-03-18,00065,22.42,ft,5ec7d937-b94a-4cc0-91e4-771982c2a104,
2024-03-18,00065,22.42,ft,9917e021-b22f-42ab-b4fb-68d6354cfc38,
2024-03-18,00065,22.43,ft,c87f9fed-67ef-4359-a4d8-1c5f5250eddb,
2024-03-18,00065,22.41,ft,e7a6612e-4ae6-48a1-9f82-0a7e744f0b5d,
2024-05-21,00060,32.8,ft^3/s,10d466e1-19c1-41ef-8e15-17f53dcc58a0,
2024-05-21,00060,34.0,ft^3/s,4b68dacc-56c1-41eb-8bd7-e77074f79a0d,
2024-05-21,00065,21.77,ft,33deecbc-219b-4072-a87a-a798a3cd17cd,
2024-05-21,00065,21.77,ft,40ad85af-be19-4590-9110-c13fecfed950,
2024-05-21,00065,21.78,ft,5f3ecd29-3423-494d-922f-9351c316ae63,
2024-05-21,00065,21.77,ft,69408d1d-b703-41b4-9011-45b08fc96c32,
2024-05-21,00065,21.78,ft,6a7050a4-2090-4cdc-8592-bf038b0e7db9,
2024-05-21,00065,21.78,ft,774f24f9-827f-466f-b2f6-aeea90b77966,
2024-05-21,00065,21.78,ft,8008584b-c236-495c-9708-ef2afb5bb79c,
2024-05-21,00065,21.77,ft,963bac8c-22d3-402f-aa82-bc1916caad53,
2024-07-17,00060,34.2,ft^3/s,6395b155-b8d3-4dc5-bd30-d2c4d9b2e2f0,
2024-07-17,00060,32.9,ft^3/s,d4227cdd-e0fb-4981-9fdc-18afc1ceaa06,
2024-07-17,00065,21.71,ft,3236aea3-f74c-47af-9ca9-09d919f35b3b,
2024-07-17,00065,21.71,ft,62cb37db-b74e-463b-a648-911debe0dbf3,
2024-07-17,00065,21.72,ft,634669a5-916a-46bd-8a8f-685147ea6559,
2024-07-17,00065,21.7,ft,65173789-e69e-4445-975d-cc70cded4e2d,
2024-07-17,00065,21.71,ft,a0426c47-94eb-4e55-81bb-962f4479969a,
2024-07-17,00065,21.71,ft,a4d88a9f-8966-4dac-b35b-50b470d1bb23,
2024-07-17,00065,21.71,ft,bcd81049-633e-4539-8a47-0794b6a69377,
2024-07-17,00065,21.7,ft,c0f6cc85-e493-45cc-a582-961937587ffa,
2024-07-17,00065,21.72,ft,efb145e1-cfce-4be1-9b18-3d6b7e69a05a,
2024-09-05,00060,21.9,ft^3/s,067bbac6-5aee-431b-9d17-fb4095b6e511,
2024-09-05,00060,22.2,ft^3/s,6b5be98f-aaf8-4ba1-bd33-11dc795f94e9,
2024-09-05,00065,21.46,ft,3b6dfd3b-51b4-41ea-a80b-db24518b7170,
2024-09-05,00065,21.45,ft,471eb103-7c2e-42ff-aa07-55b42de1046a,
2024-09-05,00065,21.45,ft,500dc422-7c1a-45c6-a8d4-2537a5bdb58b,
2024-09-05,00065,21.47,ft,504d9a8e-4f92-461d-bb7f-1a18a184e968,
2024-09-05,00065,21.45,ft,aa2da21a-4b70-416f-914f-e185720df1c6,
2024-09-05,00065,21.45,ft,ee653ab9-8c9d-48a2-adc4-6949ac5acfe1,
2024-09-24,00065,21.57,ft,468a34e6-02c9-4e17-8957-fa2654c1fd9e,
2024-09-24,00065,21.56,ft,6b5e2c3e-5add-404e-a81f-4caf601340e4,
2024-09-24,00065,21.56,ft,bc92a1d8-0d95-4c79-9534-da00699925ae,
2024-09-24,00065,21.57,ft,fbec62ae-d300-4fc5-96aa-07006fbbcfd0,
2024-10-04,00060,19.4,ft^3/s,d6e91d4e-c0d9-497e-afe6-47852e4242e2,
2024-10-04,00065,21.51,ft,321a9413-0bd3-4503-9945-322b76517854,
2024-10-04,00065,21.53,ft,3ad1bcfe-6c67-403e-bfae-205c55e4837d,
2024-10-04,00065,21.53,ft,41916b00-550b-4023-8293-f8050110ed8b,
2024-10-04,00065,21.51,ft,74a9ee69-9809-46e3-ba6a-dbb5f52a17a9,
2024-10-04,00065,21.51,ft,9bbdb8f7-8924-4f07-8293-76672e4a9980,
2024-10-04,00065,21.51,ft,affeee9d-7586-4d27-ad72-402b8a5cdfcb,
2024-10-04,00065,21.51,ft,bcff872a-15b2-4c5f-ace7-2c2ed5396d70,
2024-10-04,00065,21.52,ft,f807fd08-47ae-4921-a8fc-bd82f89f3425,
2024-10-30,00065,21.77,ft,12d7527c-78f6-49ff-919b-88bf41227163,
2024-10-30,00065,21.77,ft,26b52d4f-42c9-4b22-8e85-bf2a86b9840e,
2024-10-30,00065,21.77,ft,452d7a92-c840-4d2c-9990-12d68f59f56e,
2024-10-30,00065,21.62,ft,485518a5-ecf7-472c-93d0-001f2c081959,
2024-10-30,00065,21.61,ft,53b65bd3-cc7a-4d94-ac3a-e28be57f3352,
2024-10-30,00065,21.78,ft,5eb452c2-475b-446a-ac23-15ff942dbe93,
2024-10-30,00065,21.78,ft,e1c7e48a-477d-4271-a9d7-5db1186b2c39,
2024-11-14,00060,18.1,ft^3/s,0d16480c-b040-47c5-a143-a5693f606d38,
2024-11-14,00060,17.5,ft^3/s,b619758b-0bc3-4122-a57b-0f4126919404,
2024-11-14,00065,21.76,ft,05e19d10-d1a5-4db7-ad1a-e70ac1a600b3,
2024-11-14,00065,21.76,ft,398e2f98-e9ca-4a6e-8c98-d3317220d957,
2024-11-14,00065,21.76,ft,534bd0be-7845-4f4f-a4ee-df25ace75cb5,
2024-11-14,00065,21.77,ft,ad87da00-7002-48f6-829e-52f7aff5f576,
2024-11-14,00065,21.76,ft,f355f688-afa6-476c-a10d-c87052509376,
2024-12-31,00060,15.5,ft^3/s,a3f80aae-1f4c-46af-910b-4c007ace9b0e,
2024-12-31,00065,21.78,ft,1ef763ea-95d3-4ddb-b9df-e604c2e06a2f,
2024-12-31,00065,21.76,ft,555f1ba0-f772-4452-b70f-a4e9e8bb0e3a,
2024-12-31,00065,21.76,ft,608c5514-b003-47f6-9b06-bb15f20c9c2e,
2024-12-31,00065,21.77,ft,64636466-eb9b-4d5a-b025-2b1880733b07,
2024-12-31,00065,21.78,ft,c1dded14-4c6d-4df2-8892-8751ab79885d,
2024-12-31,00065,21.77,ft,d9516556-6131-42a1-9285-775a0af47a7a,
2025-03-04,00060,17.0,ft^3/s,12c45b69-1448-4b62-b12f-8bf103335f0b,
2025-03-04,00060,17.9,ft^3/s,3b427a3f-3537-4324-b7ee-1a8f5d9ee446,
2025-03-04,00065,21.88,ft,2be7363e-696c-4d88-864f-a2993f4de28b,
2025-03-04,00065,21.87,ft,323d03f5-b605-47bb-bfb9-73d03fa1344a,
2025-03-04,00065,21.87,ft,3974c6a6-1a0c-4db0-a2cf-b6ed75beef74,
2025-03-04,00065,21.87,ft,3993ff95-a5a6-4768-8dfa-90e2e7793de3,
2025-03-04,00065,21.87,ft,661c5e74-1f94-4e99-894d-f6250affad8f,
2025-03-04,00065,21.87,ft,dd8d84df-12f8-4ca6-9b59-494a1c36cfb0,
2025-03-04,00065,21.87,ft,f7d92965-f2a2-4cb0-81ec-71017be03673,
2025-03-26,00065,21.85,ft,73ff7d89-9cb1-49ff-8397-b5524bd01f55,
2025-03-26,00065,21.85,ft,97d9a9bb-270f-4e65-9b4d-74b5a80a677f,
2025-03-26,00065,21.85,ft,e798c224-850d-46fa-8ecd-f1c795c675f5,
2025-03-26,00065,21.85,ft,f173307c-f2d2-4ebd-93d6-ce787bad6b51,
2025-05-14,00060,18.2,ft^3/s,87564f9a-68a4-49e4-857e-a4381624037c,
2025-05-14,00065,21.82,ft,3b1039fb-e446-445d-96e7-b90ceea4c507,
2025-05-14,00065,21.81,ft,48af212d-521c-4626-89bc-cd8b4079f57f,
2025-05-14,00065,21.81,ft,73b7b58d-39a0-4305-b7da-ef1cf1d8181a,
2025-05-14,00065,21.82,ft,7a773fda-32e7-4abf-ae7f-1843f7c6197c,
2025-05-14,00065,21.81,ft,d9f7a6de-21a9-41e1-9b07-01abb63ddb08,
2025-06-11,00065,21.84,ft,3c7ddd59-11bb-4b5b-8f41-67723f438bef,
2025-06-11,00065,21.84,ft,4763cb5e-e051-4a5c-9ad2-21de198f068b,
2025-06-11,00065,21.83,ft,a1fdb2d2-d0e3-4628-8eaf-5c96b376cc65,
2025-07-24,00060,25.6,ft^3/s,8e30d62a-d31b-4468-aa74-c897ece69419,
2025-07-24,00065,21.85,ft,06a002b1-45fb-4724-8a49-c25c73142b00,
2025-07-24,00065,21.86,ft,12021130-67b0-4cf8-8ebb-a41161deaec2,
2025-07-24,00065,21.86,ft,28842c9e-40be-4077-b002-ef7633422698,
2025-07-24,00065,21.84,ft,67fb2fcf-578b-41b7-9148-d4d092412ec4,
2025-09-23,00060,14.9,ft^3/s,2229dead-1288-41af-8cd1-b3ba713e985b,
2025-09-23,00065,21.65,ft,0593c0b7-419a-41c7-9ada-619bd668b7fb,
2025-09-23,00065,21.67,ft,15ea9d44-b214-4bdf-bdf5-09f329b929b5,
2025-09-23,00065,21.68,ft,4f3642a2-0b56-4f4d-a384-e63b07a17dee,
2025-09-23,00065,21.68,ft,789b68e2-90f3-4985-9038-a23c8c412eed,
2025-09-23,00065,21.65,ft,a38856a3-d9d4-4ca3-a0b9-73765b3d37ea,
2025-12-03,00060,14.6,ft^3/s,25fedc8b-1c95-4b2f-828f-551fe8bfc313,
2025-12-03,00060,12.7,ft^3/s,6b25e846-8421-43a5-bc6f-dc04e942b5c5,
2025-12-03,00065,21.78,ft,23487231-c257-4e2f-988f-ee2cf368325b,
2025-12-03,00065,21.78,ft,35a840a5-82d6-4712-9478-4e3f170174cb,
2025-12-03,00065,21.78,ft,4a2144da-d3fb-4fc8-824e-333db4c1792a,
2025-12-03,00065,21.78,ft,69db1ecd-ab32-445d-a233-0e19ad4c4362,
2025-12-03,00065,21.78,ft,900f594c-0519-4a0d-817d-373d04a2aa8b,
2025-12-03,00065,21.78,ft,e2469c2c-4f04-4c92-beb5-efcf3a272a20,
2026-01-30,00060,11.8,ft^3/s,cdca3703-835c-4f86-8806-01cc5dd0361e,
2026-01-30,00065,21.76,ft,26b77369-8d3c-4564-898f-e26b15801498,
2026-01-30,00065,21.76,ft,a496e26e-dde6-4cd5-8de9-6db6a585c8cc,
2026-01-30,00065,21.77,ft,b0832610-9294-4240-9212-99f72e7d7ab1,
2026-04-07,00060,17.1,ft^3/s,df145d98-8e7a-4e46-8a8e-e566c12b779d,
2026-04-07,00065,21.8,ft,001fce18-cf85-48fe-b65b-032275031f9b,
2026-04-07,00065,21.81,ft,1fb387f3-7fc0-44e3-9f2e-ef675b3830bc,
2026-04-07,00065,21.8,ft,24d3e8a7-2818-45d6-aa52-0155b3555c01,
2026-04-07,00065,21.82,ft,8c29b61d-358f-465d-993d-bdf8259eb408,
2026-04-07,00065,21.82,ft,9246ab3f-42a0-484a-9a70-6868a386073b,
2026-04-07,00065,21.8,ft,c797dccc-d950-44ef-9a27-5c44f7fb75b7,
2026-06-08,00065,22.15,ft,5edb45d7-0746-481f-8be8-ab36c808130f,
2026-06-08,00065,22.15,ft,64b903d1-0dd2-4418-865f-ca8f0414c2de,
2026-06-08,00065,22.13,ft,90758bb5-a79d-4909-879d-4f93ec91e39f,
2026-06-09,00065,22.18,ft,44380c4c-e605-4e64-818b-d4b45597f2ee,
2026-06-09,00065,22.18,ft,5028beca-22d6-4e37-8e93-1c3c308126c3,
2026-06-22,00060,55.8,ft^3/s,21cd1940-10f6-4142-8006-afaae13480f9,
2026-06-22,00065,22.45,ft,1383a77a-37b4-4aac-8558-6e88e670760b,
2026-06-22,00065,22.43,ft,3ef81331-ce06-458e-8a38-ce9ee78e46d9,
2026-06-22,00065,22.44,ft,8b9ff708-d97d-4489-9597-0370728ee086,
2026-06-22,00065,22.43,ft,9e1fc018-a838-43f3-b1fa-f10f998a0af8,
2026-08-28,00060,20.3,ft^3/s,81e3252e-27f1-4ecd-8b9f-ccd6be82e857,
2026-08-28,00065,21.7,ft,146f758e-e29c-46c2-8f50-7989c2662c5d,
2026-08-28,00065,21.66,ft,18b3c459-1629-4031-a537-5ff764205ba3,
2026-08-28,00065,21.75,ft,3636c107-4229-4a14-9178-19581128711f,
2026-08-28,00065,21.66,ft,37208fb7-6d71-40ee-ba24-061141f98a7a,
2026-08-28,00065,21.66,ft,56386093-7bea-4713-96ff-759be77a728d,
2026-08-28,00065,21.66,ft,c4deef4a-bb91-4d48-9cce-3b0b8cdfcd65,
2026-08-28,00065,21.75,ft,e1cc5351-ec43-4183-8fb7-b1556da06f8e,
