station,date,peak_cfs,gage_height_ft,qualifiers
08171290,2013-10-13,3030.0,5.91,"{""agency_cd"": ""USGS"", ""peak_tm"": ""14:30"", ""peak_cd"": """", ""gage_ht_cd"": ""2"", ""ag_gage_ht_cd"": """"}"
08171290,2016-09-26,3090.0,5.97,"{""agency_cd"": ""USGS"", ""peak_tm"": ""14:00"", ""peak_cd"": ""8"", ""gage_ht_cd"": ""2"", ""ag_gage_ht_cd"": """"}"
08171290,2018-09-09,2670.0,5.58,"{""agency_cd"": ""USGS"", ""peak_tm"": ""15:30"", ""peak_cd"": ""8"", ""gage_ht_cd"": """", ""ag_gage_ht_cd"": """"}"
08171290,2019-05-04,3110.0,,"{""agency_cd"": ""USGS"", ""peak_tm"": ""10:15"", ""peak_cd"": ""8"", ""gage_ht_cd"": """", ""ag_gage_ht_cd"": """"}"
08171290,2020-05-25,2990.0,6.91,"{""agency_cd"": ""USGS"", ""peak_tm"": ""10:30"", ""peak_cd"": """", ""gage_ht_cd"": """", ""ag_gage_ht_cd"": """"}"
08171290,2021-09-29,606.0,2.83,"{""agency_cd"": ""USGS"", ""peak_tm"": ""06:45"", ""peak_cd"": """", ""gage_ht_cd"": """", ""ag_gage_ht_cd"": """"}"
08171290,2021-10-14,3050.0,14.51,"{""agency_cd"": ""USGS"", ""peak_tm"": ""10:15"", ""peak_cd"": ""8"", ""gage_ht_cd"": """", ""ag_gage_ht_cd"": """"}"
08171290,2023-05-16,79.4,1.39,"{""agency_cd"": ""USGS"", ""peak_tm"": ""08:45"", ""peak_cd"": """", ""gage_ht_cd"": """", ""ag_gage_ht_cd"": """"}"
08171290,2024-01-22,510.0,2.59,"{""agency_cd"": ""USGS"", ""peak_tm"": ""13:30"", ""peak_cd"": """", ""gage_ht_cd"": """", ""ag_gage_ht_cd"": """"}"
