date,value,raw_value,unit,approval_status,qualifiers,last_modified,time_series_id
2026-06-02,184.68,,ft,Provisional,,2026-10-01T05:52:33.211441+00:00,c6dbc963f5ad46dd8c01d37136538312
2026-06-03,184.58,,ft,Provisional,,2026-06-04T05:52:59.363939+00:00,c6dbc963f5ad46dd8c01d37136538312
2026-06-04,184.51,,ft,Provisional,,2026-06-05T05:51:43.575039+00:00,c6dbc963f5ad46dd8c01d37136538312
2026-06-05,183.12,,ft,Provisional,,2026-06-06T08:13:38.615244+00:00,c6dbc963f5ad46dd8c01d37136538312
2026-06-06,176.12,,ft,Provisional,,2026-06-07T08:12:35.427517+00:00,c6dbc963f5ad46dd8c01d37136538312
2026-06-07,176.66,,ft,Provisional,,2026-06-08T08:13:36.679943+00:00,c6dbc963f5ad46dd8c01d37136538312
2026-06-08,185.62,,ft,Provisional,,2026-06-09T08:12:53.510334+00:00,c6dbc963f5ad46dd8c01d37136538312
2026-06-09,185.25,,ft,Provisional,,2026-06-10T05:52:38.172557+00:00,c6dbc963f5ad46dd8c01d37136538312
2026-06-10,184.9,,ft,Provisional,,2026-06-11T08:14:17.048754+00:00,c6dbc963f5ad46dd8c01d37136538312
2026-06-11,184.73,,ft,Provisional,,2026-06-12T05:52:43.440288+00:00,c6dbc963f5ad46dd8c01d37136538312
2026-06-12,184.7,,ft,Provisional,,2026-06-13T05:52:34.332714+00:00,c6dbc963f5ad46dd8c01d37136538312
2026-06-13,184.66,,ft,Provisional,,2026-06-14T05:54:43.053945+00:00,c6dbc963f5ad46dd8c01d37136538312
2026-06-14,184.59,,ft,Provisional,,2026-06-15T05:51:41.561021+00:00,c6dbc963f5ad46dd8c01d37136538312
2026-06-15,182.72,,ft,Provisional,,2026-06-16T08:14:13.898301+00:00,c6dbc963f5ad46dd8c01d37136538312
2026-06-16,176.32,,ft,Provisional,,2026-06-17T08:13:27.902923+00:00,c6dbc963f5ad46dd8c01d37136538312
2026-06-17,176.6,,ft,Provisional,,2026-06-18T08:13:54.556107+00:00,c6dbc963f5ad46dd8c01d37136538312
2026-06-18,183.44,,ft,Provisional,,2026-06-19T08:13:54.522539+00:00,c6dbc963f5ad46dd8c01d37136538312
2026-06-19,185.72,,ft,Provisional,,2026-06-20T08:13:20.928185+00:00,c6dbc963f5ad46dd8c01d37136538312
2026-06-20,178.42,,ft,Provisional,,2026-06-21T08:14:52.504850+00:00,c6dbc963f5ad46dd8c01d37136538312
2026-06-21,173.42,,ft,Provisional,,2026-06-22T08:14:34.332089+00:00,c6dbc963f5ad46dd8c01d37136538312
2026-06-22,175.54,,ft,Provisional,,2026-06-23T08:13:40.897986+00:00,c6dbc963f5ad46dd8c01d37136538312
2026-06-23,182.78,,ft,Provisional,,2026-06-24T08:12:40.210972+00:00,c6dbc963f5ad46dd8c01d37136538312
2026-06-24,184.63,,ft,Provisional,,2026-06-25T05:52:31.915138+00:00,c6dbc963f5ad46dd8c01d37136538312
2026-06-25,185.43,,ft,Provisional,,2026-06-26T05:52:40.662947+00:00,c6dbc963f5ad46dd8c01d37136538312
2026-06-26,185.1,,ft,Provisional,,2026-06-27T08:14:00.558160+00:00,c6dbc963f5ad46dd8c01d37136538312
2026-06-27,184.88,,ft,Provisional,,2026-06-28T08:12:33.642589+00:00,c6dbc963f5ad46dd8c01d37136538312
2026-06-28,184.54,,ft,Provisional,,2026-06-29T05:52:45.356651+00:00,c6dbc963f5ad46dd8c01d37136538312
2026-06-29,184.42,,ft,Provisional,,2026-06-30T05:52:44.699625+00:00,c6dbc963f5ad46dd8c01d37136538312
2026-06-30,184.38,,ft,Provisional,,2026-07-01T05:52:32.266290+00:00,c6dbc963f5ad46dd8c01d37136538312
2026-07-01,184.36,,ft,Provisional,,2026-07-02T05:52:32.652985+00:00,c6dbc963f5ad46dd8c01d37136538312
2026-07-02,184.4,,ft,Provisional,,2026-07-03T05:51:39.978316+00:00,c6dbc963f5ad46dd8c01d37136538312
2026-07-03,184.4,,ft,Provisional,,2026-07-04T05:52:26.196099+00:00,c6dbc963f5ad46dd8c01d37136538312
2026-07-04,184.41,,ft,Provisional,,2026-07-05T05:53:55.730661+00:00,c6dbc963f5ad46dd8c01d37136538312
2026-07-05,184.39,,ft,Provisional,,2026-07-06T05:52:37.570575+00:00,c6dbc963f5ad46dd8c01d37136538312
2026-07-06,184.42,,ft,Provisional,,2026-07-07T05:51:49.059391+00:00,c6dbc963f5ad46dd8c01d37136538312
2026-07-07,184.52,,ft,Provisional,,2026-07-08T05:52:42.173876+00:00,c6dbc963f5ad46dd8c01d37136538312
2026-07-08,184.55,,ft,Provisional,,2026-07-09T05:52:36.949235+00:00,c6dbc963f5ad46dd8c01d37136538312
2026-07-09,184.5,,ft,Provisional,,2026-07-10T08:13:45.389805+00:00,c6dbc963f5ad46dd8c01d37136538312
2026-07-10,184.49,,ft,Provisional,,2026-07-11T05:52:31.782439+00:00,c6dbc963f5ad46dd8c01d37136538312
2026-07-11,184.53,,ft,Provisional,,2026-07-12T05:55:36.629658+00:00,c6dbc963f5ad46dd8c01d37136538312
2026-07-12,184.5,,ft,Provisional,,2026-07-13T05:52:37.963230+00:00,c6dbc963f5ad46dd8c01d37136538312
2026-07-13,184.58,,ft,Provisional,,2026-07-14T05:52:43.688233+00:00,c6dbc963f5ad46dd8c01d37136538312
2026-07-14,178.48,,ft,Provisional,,2026-07-15T08:14:26.563680+00:00,c6dbc963f5ad46dd8c01d37136538312
2026-07-15,167.41,,ft,Provisional,,2026-07-16T08:11:30.442439+00:00,c6dbc963f5ad46dd8c01d37136538312
2026-07-16,164.6,,ft,Provisional,,2026-07-17T05:52:43.832739+00:00,c6dbc963f5ad46dd8c01d37136538312
2026-07-17,164.14,,ft,Provisional,,2026-07-18T05:52:39.701172+00:00,c6dbc963f5ad46dd8c01d37136538312
2026-07-18,163.73,,ft,Provisional,,2026-07-19T05:58:55.951927+00:00,c6dbc963f5ad46dd8c01d37136538312
2026-07-19,163.18,,ft,Provisional,,2026-07-20T08:12:42.551583+00:00,c6dbc963f5ad46dd8c01d37136538312
2026-07-20,161.48,,ft,Provisional,,2026-07-21T08:13:19.563200+00:00,c6dbc963f5ad46dd8c01d37136538312
2026-07-21,160.82,,ft,Provisional,,2026-07-22T05:51:45.456931+00:00,c6dbc963f5ad46dd8c01d37136538312
2026-07-22,160.92,,ft,Provisional,,2026-07-23T05:52:39.387351+00:00,c6dbc963f5ad46dd8c01d37136538312
2026-07-23,161.6,,ft,Provisional,,2026-07-24T08:12:48.883255+00:00,c6dbc963f5ad46dd8c01d37136538312
2026-07-24,163.0,,ft,Provisional,,2026-07-25T08:13:09.552418+00:00,c6dbc963f5ad46dd8c01d37136538312
2026-07-25,164.83,,ft,Provisional,,2026-07-26T08:13:54.166269+00:00,c6dbc963f5ad46dd8c01d37136538312
2026-07-26,167.2,,ft,Provisional,,2026-07-27T05:51:40.541687+00:00,c6dbc963f5ad46dd8c01d37136538312
2026-07-27,171.6,,ft,Provisional,,2026-07-28T08:14:41.249072+00:00,c6dbc963f5ad46dd8c01d37136538312
2026-07-28,175.12,,ft,Provisional,,2026-07-29T08:13:36.623764+00:00,c6dbc963f5ad46dd8c01d37136538312
2026-07-29,177.96,,ft,Provisional,,2026-07-30T05:52:26.141605+00:00,c6dbc963f5ad46dd8c01d37136538312
2026-07-30,178.74,,ft,Provisional,,2026-07-31T05:52:38.389817+00:00,c6dbc963f5ad46dd8c01d37136538312
2026-07-31,181.81,,ft,Provisional,,2026-08-01T08:12:37.263469+00:00,c6dbc963f5ad46dd8c01d37136538312
2026-08-01,183.6,,ft,Provisional,,2026-08-02T05:57:16.169049+00:00,c6dbc963f5ad46dd8c01d37136538312
2026-08-02,183.09,,ft,Provisional,,2026-08-03T08:13:43.720150+00:00,c6dbc963f5ad46dd8c01d37136538312
2026-08-03,182.52,,ft,Provisional,,2026-08-04T05:52:30.783407+00:00,c6dbc963f5ad46dd8c01d37136538312
2026-08-04,182.86,,ft,Provisional,,2026-08-05T05:51:38.315639+00:00,c6dbc963f5ad46dd8c01d37136538312
2026-08-05,182.88,,ft,Provisional,,2026-08-06T05:52:45.173162+00:00,c6dbc963f5ad46dd8c01d37136538312
2026-08-06,182.59,,ft,Provisional,,2026-08-07T05:52:41.187390+00:00,c6dbc963f5ad46dd8c01d37136538312
2026-08-07,182.66,,ft,Provisional,,2026-08-08T08:13:49.713052+00:00,c6dbc963f5ad46dd8c01d37136538312
2026-08-08,182.86,,ft,Provisional,,2026-08-09T05:52:43.632638+00:00,c6dbc963f5ad46dd8c01d37136538312
2026-08-09,182.98,,ft,Provisional,,2026-08-10T05:51:37.410598+00:00,c6dbc963f5ad46dd8c01d37136538312
2026-08-10,183.38,,ft,Provisional,,2026-08-11T05:52:34.559094+00:00,c6dbc963f5ad46dd8c01d37136538312
2026-08-11,183.44,,ft,Provisional,,2026-08-12T08:13:48.417624+00:00,c6dbc963f5ad46dd8c01d37136538312
2026-08-12,183.4,,ft,Provisional,,2026-08-13T05:51:31.881680+00:00,c6dbc963f5ad46dd8c01d37136538312
2026-08-13,183.36,,ft,Provisional,,2026-08-14T05:52:44.022868+00:00,c6dbc963f5ad46dd8c01d37136538312
2026-08-14,183.48,,ft,Provisional,,2026-08-15T05:52:28.557283+00:00,c6dbc963f5ad46dd8c01d37136538312
2026-08-15,183.57,,ft,Provisional,,2026-08-16T05:52:32.849357+00:00,c6dbc963f5ad46dd8c01d37136538312
2026-08-16,183.54,,ft,Provisional,,2026-08-17T05:52:39.807820+00:00,c6dbc963f5ad46dd8c01d37136538312
2026-08-17,183.63,,ft,Provisional,,2026-08-18T05:52:42.177515+00:00,c6dbc963f5ad46dd8c01d37136538312
2026-08-18,183.73,,ft,Provisional,,2026-08-19T05:52:41.585851+00:00,c6dbc963f5ad46dd8c01d37136538312
2026-08-19,183.76,,ft,Provisional,,2026-08-20T05:52:43.670051+00:00,c6dbc963f5ad46dd8c01d37136538312
2026-08-20,183.81,,ft,Provisional,,2026-08-21T05:52:34.847950+00:00,c6dbc963f5ad46dd8c01d37136538312
2026-08-21,183.89,,ft,Provisional,,2026-08-22T05:52:43.459195+00:00,c6dbc963f5ad46dd8c01d37136538312
2026-08-22,183.88,,ft,Provisional,,2026-08-23T08:12:45.376209+00:00,c6dbc963f5ad46dd8c01d37136538312
2026-08-23,183.86,,ft,Provisional,,2026-08-24T05:53:35.806078+00:00,c6dbc963f5ad46dd8c01d37136538312
2026-08-24,184.0,,ft,Provisional,,2026-08-25T05:51:39.763131+00:00,c6dbc963f5ad46dd8c01d37136538312
2026-08-25,184.05,,ft,Provisional,,2026-09-02T08:46:17.685906+00:00,c6dbc963f5ad46dd8c01d37136538312
2026-08-26,184.1,,ft,Provisional,,2026-09-02T08:46:17.685906+00:00,c6dbc963f5ad46dd8c01d37136538312
2026-08-27,184.02,,ft,Provisional,,2026-09-02T08:46:17.685906+00:00,c6dbc963f5ad46dd8c01d37136538312
2026-08-28,184.01,,ft,Provisional,,2026-09-02T08:46:17.685906+00:00,c6dbc963f5ad46dd8c01d37136538312
2026-08-29,184.46,,ft,Provisional,,2026-09-02T08:46:17.685906+00:00,c6dbc963f5ad46dd8c01d37136538312
2026-08-30,184.92,,ft,Provisional,,2026-09-02T08:46:17.685906+00:00,c6dbc963f5ad46dd8c01d37136538312
2026-08-31,185.0,,ft,Provisional,,2026-09-02T08:46:17.685906+00:00,c6dbc963f5ad46dd8c01d37136538312
2026-09-01,184.74,,ft,Provisional,,2026-09-02T08:46:17.685906+00:00,c6dbc963f5ad46dd8c01d37136538312
2026-09-02,184.65,,ft,Provisional,,2026-09-03T08:14:03.096890+00:00,c6dbc963f5ad46dd8c01d37136538312
2026-09-03,184.5,,ft,Provisional,,2026-09-04T05:51:45.385281+00:00,c6dbc963f5ad46dd8c01d37136538312
2026-09-04,184.5,,ft,Provisional,,2026-09-05T08:12:53.117947+00:00,c6dbc963f5ad46dd8c01d37136538312
2026-09-05,184.42,,ft,Provisional,,2026-09-06T05:52:37.860312+00:00,c6dbc963f5ad46dd8c01d37136538312
2026-09-06,184.35,,ft,Provisional,,2026-09-07T05:52:33.350057+00:00,c6dbc963f5ad46dd8c01d37136538312
2026-09-07,184.48,,ft,Provisional,,2026-09-08T05:52:37.537715+00:00,c6dbc963f5ad46dd8c01d37136538312
2026-09-08,184.62,,ft,Provisional,,2026-09-09T05:52:35.191334+00:00,c6dbc963f5ad46dd8c01d37136538312
2026-09-09,184.66,,ft,Provisional,,2026-09-10T05:52:34.424352+00:00,c6dbc963f5ad46dd8c01d37136538312
2026-09-10,184.6,,ft,Provisional,,2026-09-11T08:12:42.496367+00:00,c6dbc963f5ad46dd8c01d37136538312
2026-09-11,184.54,,ft,Provisional,,2026-09-12T05:52:30.126701+00:00,c6dbc963f5ad46dd8c01d37136538312
2026-09-12,184.52,,ft,Provisional,,2026-09-13T05:52:40.941084+00:00,c6dbc963f5ad46dd8c01d37136538312
2026-09-13,184.5,,ft,Provisional,,2026-09-14T05:51:39.418505+00:00,c6dbc963f5ad46dd8c01d37136538312
2026-09-14,184.58,,ft,Provisional,,2026-09-15T05:51:44.833129+00:00,c6dbc963f5ad46dd8c01d37136538312
2026-09-15,184.6,,ft,Provisional,,2026-09-16T05:52:30.185868+00:00,c6dbc963f5ad46dd8c01d37136538312
2026-09-16,184.67,,ft,Provisional,,2026-09-17T05:51:30.414110+00:00,c6dbc963f5ad46dd8c01d37136538312
2026-09-17,184.63,,ft,Provisional,,2026-09-18T05:51:27.675470+00:00,c6dbc963f5ad46dd8c01d37136538312
2026-09-18,184.51,,ft,Provisional,,2026-09-19T05:51:41.954320+00:00,c6dbc963f5ad46dd8c01d37136538312
2026-09-19,184.48,,ft,Provisional,,2026-09-20T08:12:29.568171+00:00,c6dbc963f5ad46dd8c01d37136538312
2026-09-20,184.41,,ft,Provisional,,2026-09-21T05:53:28.187177+00:00,c6dbc963f5ad46dd8c01d37136538312
2026-09-21,184.5,,ft,Provisional,,2026-09-22T05:51:25.649192+00:00,c6dbc963f5ad46dd8c01d37136538312
2026-09-22,184.6,,ft,Provisional,,2026-09-23T05:51:29.054735+00:00,c6dbc963f5ad46dd8c01d37136538312
2026-09-23,184.59,,ft,Provisional,,2026-09-24T05:51:36.824599+00:00,c6dbc963f5ad46dd8c01d37136538312
2026-09-24,184.6,,ft,Provisional,,2026-09-25T05:52:34.757816+00:00,c6dbc963f5ad46dd8c01d37136538312
2026-09-25,184.59,,ft,Provisional,,2026-09-26T05:54:45.649758+00:00,c6dbc963f5ad46dd8c01d37136538312
2026-09-26,184.51,,ft,Provisional,,2026-09-27T05:52:41.488606+00:00,c6dbc963f5ad46dd8c01d37136538312
2026-09-27,184.42,,ft,Provisional,,2026-09-28T05:53:34.497587+00:00,c6dbc963f5ad46dd8c01d37136538312
2026-09-28,184.48,,ft,Provisional,,2026-09-29T05:52:33.701263+00:00,c6dbc963f5ad46dd8c01d37136538312
2026-09-29,184.48,,ft,Provisional,,2026-09-30T05:52:31.974189+00:00,c6dbc963f5ad46dd8c01d37136538312
2026-09-30,184.45,,ft,Provisional,,2026-10-01T05:52:33.211441+00:00,c6dbc963f5ad46dd8c01d37136538312
