month,value,raw_value,unit,source_file
1895-01,46.1,46.10,degF,climdiv-tmpccy-v1.0.0-20261006
1895-02,39.3,39.30,degF,climdiv-tmpccy-v1.0.0-20261006
1895-03,56.9,56.90,degF,climdiv-tmpccy-v1.0.0-20261006
1895-04,65.6,65.60,degF,climdiv-tmpccy-v1.0.0-20261006
1895-05,69.1,69.10,degF,climdiv-tmpccy-v1.0.0-20261006
1895-06,78.6,78.60,degF,climdiv-tmpccy-v1.0.0-20261006
1895-07,82.8,82.80,degF,climdiv-tmpccy-v1.0.0-20261006
1895-08,83.2,83.20,degF,climdiv-tmpccy-v1.0.0-20261006
1895-09,79.4,79.40,degF,climdiv-tmpccy-v1.0.0-20261006
1895-10,63.0,63.00,degF,climdiv-tmpccy-v1.0.0-20261006
1895-11,51.7,51.70,degF,climdiv-tmpccy-v1.0.0-20261006
1895-12,46.9,46.90,degF,climdiv-tmpccy-v1.0.0-20261006
1896-01,47.5,47.50,degF,climdiv-tmpccy-v1.0.0-20261006
1896-02,50.4,50.40,degF,climdiv-tmpccy-v1.0.0-20261006
1896-03,55.2,55.20,degF,climdiv-tmpccy-v1.0.0-20261006
1896-04,68.2,68.20,degF,climdiv-tmpccy-v1.0.0-20261006
1896-05,78.9,78.90,degF,climdiv-tmpccy-v1.0.0-20261006
1896-06,84.2,84.20,degF,climdiv-tmpccy-v1.0.0-20261006
1896-07,84.5,84.50,degF,climdiv-tmpccy-v1.0.0-20261006
1896-08,84.2,84.20,degF,climdiv-tmpccy-v1.0.0-20261006
1896-09,77.8,77.80,degF,climdiv-tmpccy-v1.0.0-20261006
1896-10,64.4,64.40,degF,climdiv-tmpccy-v1.0.0-20261006
1896-11,55.5,55.50,degF,climdiv-tmpccy-v1.0.0-20261006
1896-12,49.9,49.90,degF,climdiv-tmpccy-v1.0.0-20261006
1897-01,41.8,41.80,degF,climdiv-tmpccy-v1.0.0-20261006
1897-02,54.5,54.50,degF,climdiv-tmpccy-v1.0.0-20261006
1897-03,62.5,62.50,degF,climdiv-tmpccy-v1.0.0-20261006
1897-04,66.8,66.80,degF,climdiv-tmpccy-v1.0.0-20261006
1897-05,73.6,73.60,degF,climdiv-tmpccy-v1.0.0-20261006
1897-06,81.8,81.80,degF,climdiv-tmpccy-v1.0.0-20261006
1897-07,84.7,84.70,degF,climdiv-tmpccy-v1.0.0-20261006
1897-08,83.0,83.00,degF,climdiv-tmpccy-v1.0.0-20261006
1897-09,76.4,76.40,degF,climdiv-tmpccy-v1.0.0-20261006
1897-10,70.8,70.80,degF,climdiv-tmpccy-v1.0.0-20261006
1897-11,57.5,57.50,degF,climdiv-tmpccy-v1.0.0-20261006
1897-12,45.2,45.20,degF,climdiv-tmpccy-v1.0.0-20261006
1898-01,49.9,49.90,degF,climdiv-tmpccy-v1.0.0-20261006
1898-02,53.7,53.70,degF,climdiv-tmpccy-v1.0.0-20261006
1898-03,58.8,58.80,degF,climdiv-tmpccy-v1.0.0-20261006
1898-04,65.3,65.30,degF,climdiv-tmpccy-v1.0.0-20261006
1898-05,74.2,74.20,degF,climdiv-tmpccy-v1.0.0-20261006
1898-06,80.6,80.60,degF,climdiv-tmpccy-v1.0.0-20261006
1898-07,82.4,82.40,degF,climdiv-tmpccy-v1.0.0-20261006
1898-08,82.9,82.90,degF,climdiv-tmpccy-v1.0.0-20261006
1898-09,78.7,78.70,degF,climdiv-tmpccy-v1.0.0-20261006
1898-10,67.1,67.10,degF,climdiv-tmpccy-v1.0.0-20261006
1898-11,51.6,51.60,degF,climdiv-tmpccy-v1.0.0-20261006
1898-12,42.7,42.70,degF,climdiv-tmpccy-v1.0.0-20261006
1899-01,44.9,44.90,degF,climdiv-tmpccy-v1.0.0-20261006
1899-02,40.8,40.80,degF,climdiv-tmpccy-v1.0.0-20261006
1899-03,61.1,61.10,degF,climdiv-tmpccy-v1.0.0-20261006
1899-04,64.3,64.30,degF,climdiv-tmpccy-v1.0.0-20261006
1899-05,77.8,77.80,degF,climdiv-tmpccy-v1.0.0-20261006
1899-06,81.0,81.00,degF,climdiv-tmpccy-v1.0.0-20261006
1899-07,84.3,84.30,degF,climdiv-tmpccy-v1.0.0-20261006
1899-08,87.3,87.30,degF,climdiv-tmpccy-v1.0.0-20261006
1899-09,79.8,79.80,degF,climdiv-tmpccy-v1.0.0-20261006
1899-10,68.4,68.40,degF,climdiv-tmpccy-v1.0.0-20261006
1899-11,57.2,57.20,degF,climdiv-tmpccy-v1.0.0-20261006
1899-12,47.5,47.50,degF,climdiv-tmpccy-v1.0.0-20261006
1900-01,50.2,50.20,degF,climdiv-tmpccy-v1.0.0-20261006
1900-02,50.0,50.00,degF,climdiv-tmpccy-v1.0.0-20261006
1900-03,57.6,57.60,degF,climdiv-tmpccy-v1.0.0-20261006
1900-04,64.7,64.70,degF,climdiv-tmpccy-v1.0.0-20261006
1900-05,72.4,72.40,degF,climdiv-tmpccy-v1.0.0-20261006
1900-06,82.8,82.80,degF,climdiv-tmpccy-v1.0.0-20261006
1900-07,82.0,82.00,degF,climdiv-tmpccy-v1.0.0-20261006
1900-08,81.3,81.30,degF,climdiv-tmpccy-v1.0.0-20261006
1900-09,79.8,79.80,degF,climdiv-tmpccy-v1.0.0-20261006
1900-10,69.2,69.20,degF,climdiv-tmpccy-v1.0.0-20261006
1900-11,58.1,58.10,degF,climdiv-tmpccy-v1.0.0-20261006
1900-12,49.6,49.60,degF,climdiv-tmpccy-v1.0.0-20261006
1901-01,51.6,51.60,degF,climdiv-tmpccy-v1.0.0-20261006
1901-02,48.2,48.20,degF,climdiv-tmpccy-v1.0.0-20261006
1901-03,57.5,57.50,degF,climdiv-tmpccy-v1.0.0-20261006
1901-04,63.7,63.70,degF,climdiv-tmpccy-v1.0.0-20261006
1901-05,73.7,73.70,degF,climdiv-tmpccy-v1.0.0-20261006
1901-06,82.0,82.00,degF,climdiv-tmpccy-v1.0.0-20261006
1901-07,85.1,85.10,degF,climdiv-tmpccy-v1.0.0-20261006
1901-08,85.5,85.50,degF,climdiv-tmpccy-v1.0.0-20261006
1901-09,76.8,76.80,degF,climdiv-tmpccy-v1.0.0-20261006
1901-10,68.8,68.80,degF,climdiv-tmpccy-v1.0.0-20261006
1901-11,57.8,57.80,degF,climdiv-tmpccy-v1.0.0-20261006
1901-12,46.8,46.80,degF,climdiv-tmpccy-v1.0.0-20261006
1902-01,45.8,45.80,degF,climdiv-tmpccy-v1.0.0-20261006
1902-02,49.5,49.50,degF,climdiv-tmpccy-v1.0.0-20261006
1902-03,59.5,59.50,degF,climdiv-tmpccy-v1.0.0-20261006
1902-04,70.2,70.20,degF,climdiv-tmpccy-v1.0.0-20261006
1902-05,76.8,76.80,degF,climdiv-tmpccy-v1.0.0-20261006
1902-06,83.8,83.80,degF,climdiv-tmpccy-v1.0.0-20261006
1902-07,82.7,82.70,degF,climdiv-tmpccy-v1.0.0-20261006
1902-08,85.6,85.60,degF,climdiv-tmpccy-v1.0.0-20261006
1902-09,76.8,76.80,degF,climdiv-tmpccy-v1.0.0-20261006
1902-10,66.2,66.20,degF,climdiv-tmpccy-v1.0.0-20261006
1902-11,59.3,59.30,degF,climdiv-tmpccy-v1.0.0-20261006
1902-12,48.6,48.60,degF,climdiv-tmpccy-v1.0.0-20261006
1903-01,46.3,46.30,degF,climdiv-tmpccy-v1.0.0-20261006
1903-02,45.3,45.30,degF,climdiv-tmpccy-v1.0.0-20261006
1903-03,54.8,54.80,degF,climdiv-tmpccy-v1.0.0-20261006
1903-04,64.2,64.20,degF,climdiv-tmpccy-v1.0.0-20261006
1903-05,69.5,69.50,degF,climdiv-tmpccy-v1.0.0-20261006
1903-06,74.4,74.40,degF,climdiv-tmpccy-v1.0.0-20261006
1903-07,81.6,81.60,degF,climdiv-tmpccy-v1.0.0-20261006
1903-08,82.1,82.10,degF,climdiv-tmpccy-v1.0.0-20261006
1903-09,74.8,74.80,degF,climdiv-tmpccy-v1.0.0-20261006
1903-10,64.4,64.40,degF,climdiv-tmpccy-v1.0.0-20261006
1903-11,55.8,55.80,degF,climdiv-tmpccy-v1.0.0-20261006
1903-12,50.2,50.20,degF,climdiv-tmpccy-v1.0.0-20261006
1904-01,45.6,45.60,degF,climdiv-tmpccy-v1.0.0-20261006
1904-02,54.8,54.80,degF,climdiv-tmpccy-v1.0.0-20261006
1904-03,64.8,64.80,degF,climdiv-tmpccy-v1.0.0-20261006
1904-04,66.9,66.90,degF,climdiv-tmpccy-v1.0.0-20261006
1904-05,71.8,71.80,degF,climdiv-tmpccy-v1.0.0-20261006
1904-06,78.2,78.20,degF,climdiv-tmpccy-v1.0.0-20261006
1904-07,81.7,81.70,degF,climdiv-tmpccy-v1.0.0-20261006
1904-08,81.6,81.60,degF,climdiv-tmpccy-v1.0.0-20261006
1904-09,77.6,77.60,degF,climdiv-tmpccy-v1.0.0-20261006
1904-10,67.7,67.70,degF,climdiv-tmpccy-v1.0.0-20261006
1904-11,54.6,54.60,degF,climdiv-tmpccy-v1.0.0-20261006
1904-12,47.5,47.50,degF,climdiv-tmpccy-v1.0.0-20261006
1905-01,44.2,44.20,degF,climdiv-tmpccy-v1.0.0-20261006
1905-02,39.7,39.70,degF,climdiv-tmpccy-v1.0.0-20261006
1905-03,61.1,61.10,degF,climdiv-tmpccy-v1.0.0-20261006
1905-04,64.5,64.50,degF,climdiv-tmpccy-v1.0.0-20261006
1905-05,75.3,75.30,degF,climdiv-tmpccy-v1.0.0-20261006
1905-06,80.2,80.20,degF,climdiv-tmpccy-v1.0.0-20261006
1905-07,81.3,81.30,degF,climdiv-tmpccy-v1.0.0-20261006
1905-08,83.2,83.20,degF,climdiv-tmpccy-v1.0.0-20261006
1905-09,78.8,78.80,degF,climdiv-tmpccy-v1.0.0-20261006
1905-10,66.9,66.90,degF,climdiv-tmpccy-v1.0.0-20261006
1905-11,59.8,59.80,degF,climdiv-tmpccy-v1.0.0-20261006
1905-12,41.5,41.50,degF,climdiv-tmpccy-v1.0.0-20261006
1906-01,47.2,47.20,degF,climdiv-tmpccy-v1.0.0-20261006
1906-02,48.8,48.80,degF,climdiv-tmpccy-v1.0.0-20261006
1906-03,53.6,53.60,degF,climdiv-tmpccy-v1.0.0-20261006
1906-04,67.1,67.10,degF,climdiv-tmpccy-v1.0.0-20261006
1906-05,73.7,73.70,degF,climdiv-tmpccy-v1.0.0-20261006
1906-06,81.9,81.90,degF,climdiv-tmpccy-v1.0.0-20261006
1906-07,81.2,81.20,degF,climdiv-tmpccy-v1.0.0-20261006
1906-08,81.4,81.40,degF,climdiv-tmpccy-v1.0.0-20261006
1906-09,77.4,77.40,degF,climdiv-tmpccy-v1.0.0-20261006
1906-10,61.3,61.30,degF,climdiv-tmpccy-v1.0.0-20261006
1906-11,55.7,55.70,degF,climdiv-tmpccy-v1.0.0-20261006
1906-12,54.1,54.10,degF,climdiv-tmpccy-v1.0.0-20261006
1907-01,56.3,56.30,degF,climdiv-tmpccy-v1.0.0-20261006
1907-02,53.6,53.60,degF,climdiv-tmpccy-v1.0.0-20261006
1907-03,67.3,67.30,degF,climdiv-tmpccy-v1.0.0-20261006
1907-04,65.4,65.40,degF,climdiv-tmpccy-v1.0.0-20261006
1907-05,68.8,68.80,degF,climdiv-tmpccy-v1.0.0-20261006
1907-06,81.0,81.00,degF,climdiv-tmpccy-v1.0.0-20261006
1907-07,82.1,82.10,degF,climdiv-tmpccy-v1.0.0-20261006
1907-08,84.5,84.50,degF,climdiv-tmpccy-v1.0.0-20261006
1907-09,79.0,79.00,degF,climdiv-tmpccy-v1.0.0-20261006
1907-10,67.8,67.80,degF,climdiv-tmpccy-v1.0.0-20261006
1907-11,52.0,52.00,degF,climdiv-tmpccy-v1.0.0-20261006
1907-12,50.0,50.00,degF,climdiv-tmpccy-v1.0.0-20261006
1908-01,49.7,49.70,degF,climdiv-tmpccy-v1.0.0-20261006
1908-02,50.8,50.80,degF,climdiv-tmpccy-v1.0.0-20261006
1908-03,64.3,64.30,degF,climdiv-tmpccy-v1.0.0-20261006
1908-04,65.9,65.90,degF,climdiv-tmpccy-v1.0.0-20261006
1908-05,73.9,73.90,degF,climdiv-tmpccy-v1.0.0-20261006
1908-06,82.0,82.00,degF,climdiv-tmpccy-v1.0.0-20261006
1908-07,81.8,81.80,degF,climdiv-tmpccy-v1.0.0-20261006
1908-08,81.1,81.10,degF,climdiv-tmpccy-v1.0.0-20261006
1908-09,75.1,75.10,degF,climdiv-tmpccy-v1.0.0-20261006
1908-10,64.5,64.50,degF,climdiv-tmpccy-v1.0.0-20261006
1908-11,56.5,56.50,degF,climdiv-tmpccy-v1.0.0-20261006
1908-12,52.8,52.80,degF,climdiv-tmpccy-v1.0.0-20261006
1909-01,53.2,53.20,degF,climdiv-tmpccy-v1.0.0-20261006
1909-02,55.0,55.00,degF,climdiv-tmpccy-v1.0.0-20261006
1909-03,60.5,60.50,degF,climdiv-tmpccy-v1.0.0-20261006
1909-04,65.6,65.60,degF,climdiv-tmpccy-v1.0.0-20261006
1909-05,72.6,72.60,degF,climdiv-tmpccy-v1.0.0-20261006
1909-06,81.4,81.40,degF,climdiv-tmpccy-v1.0.0-20261006
1909-07,85.7,85.70,degF,climdiv-tmpccy-v1.0.0-20261006
1909-08,84.2,84.20,degF,climdiv-tmpccy-v1.0.0-20261006
1909-09,76.5,76.50,degF,climdiv-tmpccy-v1.0.0-20261006
1909-10,67.5,67.50,degF,climdiv-tmpccy-v1.0.0-20261006
1909-11,63.5,63.50,degF,climdiv-tmpccy-v1.0.0-20261006
1909-12,42.5,42.50,degF,climdiv-tmpccy-v1.0.0-20261006
1910-01,48.0,48.00,degF,climdiv-tmpccy-v1.0.0-20261006
1910-02,47.5,47.50,degF,climdiv-tmpccy-v1.0.0-20261006
1910-03,63.0,63.00,degF,climdiv-tmpccy-v1.0.0-20261006
1910-04,64.9,64.90,degF,climdiv-tmpccy-v1.0.0-20261006
1910-05,72.6,72.60,degF,climdiv-tmpccy-v1.0.0-20261006
1910-06,80.7,80.70,degF,climdiv-tmpccy-v1.0.0-20261006
1910-07,85.3,85.30,degF,climdiv-tmpccy-v1.0.0-20261006
1910-08,86.4,86.40,degF,climdiv-tmpccy-v1.0.0-20261006
1910-09,81.3,81.30,degF,climdiv-tmpccy-v1.0.0-20261006
1910-10,66.3,66.30,degF,climdiv-tmpccy-v1.0.0-20261006
1910-11,57.4,57.40,degF,climdiv-tmpccy-v1.0.0-20261006
1910-12,50.4,50.40,degF,climdiv-tmpccy-v1.0.0-20261006
1911-01,54.6,54.60,degF,climdiv-tmpccy-v1.0.0-20261006
1911-02,55.0,55.00,degF,climdiv-tmpccy-v1.0.0-20261006
1911-03,62.5,62.50,degF,climdiv-tmpccy-v1.0.0-20261006
1911-04,65.5,65.50,degF,climdiv-tmpccy-v1.0.0-20261006
1911-05,72.5,72.50,degF,climdiv-tmpccy-v1.0.0-20261006
1911-06,83.8,83.80,degF,climdiv-tmpccy-v1.0.0-20261006
1911-07,84.3,84.30,degF,climdiv-tmpccy-v1.0.0-20261006
1911-08,85.6,85.60,degF,climdiv-tmpccy-v1.0.0-20261006
1911-09,83.6,83.60,degF,climdiv-tmpccy-v1.0.0-20261006
1911-10,67.6,67.60,degF,climdiv-tmpccy-v1.0.0-20261006
1911-11,51.7,51.70,degF,climdiv-tmpccy-v1.0.0-20261006
1911-12,46.0,46.00,degF,climdiv-tmpccy-v1.0.0-20261006
1912-01,43.4,43.40,degF,climdiv-tmpccy-v1.0.0-20261006
1912-02,46.5,46.50,degF,climdiv-tmpccy-v1.0.0-20261006
1912-03,52.0,52.00,degF,climdiv-tmpccy-v1.0.0-20261006
1912-04,65.6,65.60,degF,climdiv-tmpccy-v1.0.0-20261006
1912-05,75.4,75.40,degF,climdiv-tmpccy-v1.0.0-20261006
1912-06,78.3,78.30,degF,climdiv-tmpccy-v1.0.0-20261006
1912-07,85.5,85.50,degF,climdiv-tmpccy-v1.0.0-20261006
1912-08,86.3,86.30,degF,climdiv-tmpccy-v1.0.0-20261006
1912-09,79.6,79.60,degF,climdiv-tmpccy-v1.0.0-20261006
1912-10,68.8,68.80,degF,climdiv-tmpccy-v1.0.0-20261006
1912-11,54.2,54.20,degF,climdiv-tmpccy-v1.0.0-20261006
1912-12,45.1,45.10,degF,climdiv-tmpccy-v1.0.0-20261006
1913-01,46.8,46.80,degF,climdiv-tmpccy-v1.0.0-20261006
1913-02,46.8,46.80,degF,climdiv-tmpccy-v1.0.0-20261006
1913-03,54.0,54.00,degF,climdiv-tmpccy-v1.0.0-20261006
1913-04,63.6,63.60,degF,climdiv-tmpccy-v1.0.0-20261006
1913-05,72.7,72.70,degF,climdiv-tmpccy-v1.0.0-20261006
1913-06,78.1,78.10,degF,climdiv-tmpccy-v1.0.0-20261006
1913-07,84.2,84.20,degF,climdiv-tmpccy-v1.0.0-20261006
1913-08,83.2,83.20,degF,climdiv-tmpccy-v1.0.0-20261006
1913-09,73.7,73.70,degF,climdiv-tmpccy-v1.0.0-20261006
1913-10,63.6,63.60,degF,climdiv-tmpccy-v1.0.0-20261006
1913-11,62.5,62.50,degF,climdiv-tmpccy-v1.0.0-20261006
1913-12,46.9,46.90,degF,climdiv-tmpccy-v1.0.0-20261006
1914-01,50.5,50.50,degF,climdiv-tmpccy-v1.0.0-20261006
1914-02,47.8,47.80,degF,climdiv-tmpccy-v1.0.0-20261006
1914-03,54.6,54.60,degF,climdiv-tmpccy-v1.0.0-20261006
1914-04,64.2,64.20,degF,climdiv-tmpccy-v1.0.0-20261006
1914-05,71.4,71.40,degF,climdiv-tmpccy-v1.0.0-20261006
1914-06,80.8,80.80,degF,climdiv-tmpccy-v1.0.0-20261006
1914-07,84.8,84.80,degF,climdiv-tmpccy-v1.0.0-20261006
1914-08,80.8,80.80,degF,climdiv-tmpccy-v1.0.0-20261006
1914-09,77.0,77.00,degF,climdiv-tmpccy-v1.0.0-20261006
1914-10,66.1,66.10,degF,climdiv-tmpccy-v1.0.0-20261006
1914-11,56.1,56.10,degF,climdiv-tmpccy-v1.0.0-20261006
1914-12,41.3,41.30,degF,climdiv-tmpccy-v1.0.0-20261006
1915-01,44.4,44.40,degF,climdiv-tmpccy-v1.0.0-20261006
1915-02,52.1,52.10,degF,climdiv-tmpccy-v1.0.0-20261006
1915-03,47.8,47.80,degF,climdiv-tmpccy-v1.0.0-20261006
1915-04,65.7,65.70,degF,climdiv-tmpccy-v1.0.0-20261006
1915-05,73.2,73.20,degF,climdiv-tmpccy-v1.0.0-20261006
1915-06,82.4,82.40,degF,climdiv-tmpccy-v1.0.0-20261006
1915-07,83.8,83.80,degF,climdiv-tmpccy-v1.0.0-20261006
1915-08,80.0,80.00,degF,climdiv-tmpccy-v1.0.0-20261006
1915-09,77.6,77.60,degF,climdiv-tmpccy-v1.0.0-20261006
1915-10,66.4,66.40,degF,climdiv-tmpccy-v1.0.0-20261006
1915-11,57.8,57.80,degF,climdiv-tmpccy-v1.0.0-20261006
1915-12,50.8,50.80,degF,climdiv-tmpccy-v1.0.0-20261006
1916-01,50.8,50.80,degF,climdiv-tmpccy-v1.0.0-20261006
1916-02,52.0,52.00,degF,climdiv-tmpccy-v1.0.0-20261006
1916-03,63.0,63.00,degF,climdiv-tmpccy-v1.0.0-20261006
1916-04,64.1,64.10,degF,climdiv-tmpccy-v1.0.0-20261006
1916-05,73.9,73.90,degF,climdiv-tmpccy-v1.0.0-20261006
1916-06,82.5,82.50,degF,climdiv-tmpccy-v1.0.0-20261006
1916-07,83.2,83.20,degF,climdiv-tmpccy-v1.0.0-20261006
1916-08,82.0,82.00,degF,climdiv-tmpccy-v1.0.0-20261006
1916-09,77.2,77.20,degF,climdiv-tmpccy-v1.0.0-20261006
1916-10,67.1,67.10,degF,climdiv-tmpccy-v1.0.0-20261006
1916-11,54.0,54.00,degF,climdiv-tmpccy-v1.0.0-20261006
1916-12,47.9,47.90,degF,climdiv-tmpccy-v1.0.0-20261006
1917-01,49.4,49.40,degF,climdiv-tmpccy-v1.0.0-20261006
1917-02,51.3,51.30,degF,climdiv-tmpccy-v1.0.0-20261006
1917-03,58.0,58.00,degF,climdiv-tmpccy-v1.0.0-20261006
1917-04,65.4,65.40,degF,climdiv-tmpccy-v1.0.0-20261006
1917-05,68.3,68.30,degF,climdiv-tmpccy-v1.0.0-20261006
1917-06,81.9,81.90,degF,climdiv-tmpccy-v1.0.0-20261006
1917-07,85.4,85.40,degF,climdiv-tmpccy-v1.0.0-20261006
1917-08,85.4,85.40,degF,climdiv-tmpccy-v1.0.0-20261006
1917-09,76.5,76.50,degF,climdiv-tmpccy-v1.0.0-20261006
1917-10,63.6,63.60,degF,climdiv-tmpccy-v1.0.0-20261006
1917-11,56.6,56.60,degF,climdiv-tmpccy-v1.0.0-20261006
1917-12,45.0,45.00,degF,climdiv-tmpccy-v1.0.0-20261006
1918-01,40.6,40.60,degF,climdiv-tmpccy-v1.0.0-20261006
1918-02,52.9,52.90,degF,climdiv-tmpccy-v1.0.0-20261006
1918-03,63.0,63.00,degF,climdiv-tmpccy-v1.0.0-20261006
1918-04,65.9,65.90,degF,climdiv-tmpccy-v1.0.0-20261006
1918-05,74.5,74.50,degF,climdiv-tmpccy-v1.0.0-20261006
1918-06,84.1,84.10,degF,climdiv-tmpccy-v1.0.0-20261006
1918-07,86.1,86.10,degF,climdiv-tmpccy-v1.0.0-20261006
1918-08,85.9,85.90,degF,climdiv-tmpccy-v1.0.0-20261006
1918-09,74.2,74.20,degF,climdiv-tmpccy-v1.0.0-20261006
1918-10,68.1,68.10,degF,climdiv-tmpccy-v1.0.0-20261006
1918-11,53.3,53.30,degF,climdiv-tmpccy-v1.0.0-20261006
1918-12,49.2,49.20,degF,climdiv-tmpccy-v1.0.0-20261006
1919-01,44.6,44.60,degF,climdiv-tmpccy-v1.0.0-20261006
1919-02,49.2,49.20,degF,climdiv-tmpccy-v1.0.0-20261006
1919-03,56.4,56.40,degF,climdiv-tmpccy-v1.0.0-20261006
1919-04,65.7,65.70,degF,climdiv-tmpccy-v1.0.0-20261006
1919-05,70.0,70.00,degF,climdiv-tmpccy-v1.0.0-20261006
1919-06,75.6,75.60,degF,climdiv-tmpccy-v1.0.0-20261006
1919-07,79.9,79.90,degF,climdiv-tmpccy-v1.0.0-20261006
1919-08,82.0,82.00,degF,climdiv-tmpccy-v1.0.0-20261006
1919-09,76.2,76.20,degF,climdiv-tmpccy-v1.0.0-20261006
1919-10,70.6,70.60,degF,climdiv-tmpccy-v1.0.0-20261006
1919-11,55.6,55.60,degF,climdiv-tmpccy-v1.0.0-20261006
1919-12,47.6,47.60,degF,climdiv-tmpccy-v1.0.0-20261006
1920-01,44.6,44.60,degF,climdiv-tmpccy-v1.0.0-20261006
1920-02,53.5,53.50,degF,climdiv-tmpccy-v1.0.0-20261006
1920-03,56.9,56.90,degF,climdiv-tmpccy-v1.0.0-20261006
1920-04,66.0,66.00,degF,climdiv-tmpccy-v1.0.0-20261006
1920-05,75.2,75.20,degF,climdiv-tmpccy-v1.0.0-20261006
1920-06,77.4,77.40,degF,climdiv-tmpccy-v1.0.0-20261006
1920-07,83.7,83.70,degF,climdiv-tmpccy-v1.0.0-20261006
1920-08,80.1,80.10,degF,climdiv-tmpccy-v1.0.0-20261006
1920-09,79.3,79.30,degF,climdiv-tmpccy-v1.0.0-20261006
1920-10,67.9,67.90,degF,climdiv-tmpccy-v1.0.0-20261006
1920-11,52.9,52.90,degF,climdiv-tmpccy-v1.0.0-20261006
1920-12,48.5,48.50,degF,climdiv-tmpccy-v1.0.0-20261006
1921-01,53.0,53.00,degF,climdiv-tmpccy-v1.0.0-20261006
1921-02,53.2,53.20,degF,climdiv-tmpccy-v1.0.0-20261006
1921-03,63.2,63.20,degF,climdiv-tmpccy-v1.0.0-20261006
1921-04,63.2,63.20,degF,climdiv-tmpccy-v1.0.0-20261006
1921-05,72.9,72.90,degF,climdiv-tmpccy-v1.0.0-20261006
1921-06,79.4,79.40,degF,climdiv-tmpccy-v1.0.0-20261006
1921-07,84.2,84.20,degF,climdiv-tmpccy-v1.0.0-20261006
1921-08,85.7,85.70,degF,climdiv-tmpccy-v1.0.0-20261006
1921-09,81.5,81.50,degF,climdiv-tmpccy-v1.0.0-20261006
1921-10,66.4,66.40,degF,climdiv-tmpccy-v1.0.0-20261006
1921-11,59.8,59.80,degF,climdiv-tmpccy-v1.0.0-20261006
1921-12,53.3,53.30,degF,climdiv-tmpccy-v1.0.0-20261006
1922-01,44.2,44.20,degF,climdiv-tmpccy-v1.0.0-20261006
1922-02,53.6,53.60,degF,climdiv-tmpccy-v1.0.0-20261006
1922-03,56.0,56.00,degF,climdiv-tmpccy-v1.0.0-20261006
1922-04,66.2,66.20,degF,climdiv-tmpccy-v1.0.0-20261006
1922-05,74.0,74.00,degF,climdiv-tmpccy-v1.0.0-20261006
1922-06,79.2,79.20,degF,climdiv-tmpccy-v1.0.0-20261006
1922-07,84.2,84.20,degF,climdiv-tmpccy-v1.0.0-20261006
1922-08,84.9,84.90,degF,climdiv-tmpccy-v1.0.0-20261006
1922-09,78.1,78.10,degF,climdiv-tmpccy-v1.0.0-20261006
1922-10,67.3,67.30,degF,climdiv-tmpccy-v1.0.0-20261006
1922-11,57.4,57.40,degF,climdiv-tmpccy-v1.0.0-20261006
1922-12,54.5,54.50,degF,climdiv-tmpccy-v1.0.0-20261006
1923-01,56.0,56.00,degF,climdiv-tmpccy-v1.0.0-20261006
1923-02,48.5,48.50,degF,climdiv-tmpccy-v1.0.0-20261006
1923-03,53.7,53.70,degF,climdiv-tmpccy-v1.0.0-20261006
1923-04,65.1,65.10,degF,climdiv-tmpccy-v1.0.0-20261006
1923-05,73.6,73.60,degF,climdiv-tmpccy-v1.0.0-20261006
1923-06,82.5,82.50,degF,climdiv-tmpccy-v1.0.0-20261006
1923-07,84.6,84.60,degF,climdiv-tmpccy-v1.0.0-20261006
1923-08,85.1,85.10,degF,climdiv-tmpccy-v1.0.0-20261006
1923-09,77.8,77.80,degF,climdiv-tmpccy-v1.0.0-20261006
1923-10,64.6,64.60,degF,climdiv-tmpccy-v1.0.0-20261006
1923-11,54.5,54.50,degF,climdiv-tmpccy-v1.0.0-20261006
1923-12,50.4,50.40,degF,climdiv-tmpccy-v1.0.0-20261006
1924-01,42.0,42.00,degF,climdiv-tmpccy-v1.0.0-20261006
1924-02,49.0,49.00,degF,climdiv-tmpccy-v1.0.0-20261006
1924-03,52.4,52.40,degF,climdiv-tmpccy-v1.0.0-20261006
1924-04,65.3,65.30,degF,climdiv-tmpccy-v1.0.0-20261006
1924-05,69.5,69.50,degF,climdiv-tmpccy-v1.0.0-20261006
1924-06,81.5,81.50,degF,climdiv-tmpccy-v1.0.0-20261006
1924-07,83.6,83.60,degF,climdiv-tmpccy-v1.0.0-20261006
1924-08,87.0,87.00,degF,climdiv-tmpccy-v1.0.0-20261006
1924-09,75.8,75.80,degF,climdiv-tmpccy-v1.0.0-20261006
1924-10,68.4,68.40,degF,climdiv-tmpccy-v1.0.0-20261006
1924-11,61.0,61.00,degF,climdiv-tmpccy-v1.0.0-20261006
1924-12,48.3,48.30,degF,climdiv-tmpccy-v1.0.0-20261006
1925-01,44.2,44.20,degF,climdiv-tmpccy-v1.0.0-20261006
1925-02,56.6,56.60,degF,climdiv-tmpccy-v1.0.0-20261006
1925-03,63.8,63.80,degF,climdiv-tmpccy-v1.0.0-20261006
1925-04,73.5,73.50,degF,climdiv-tmpccy-v1.0.0-20261006
1925-05,74.8,74.80,degF,climdiv-tmpccy-v1.0.0-20261006
1925-06,85.1,85.10,degF,climdiv-tmpccy-v1.0.0-20261006
1925-07,87.7,87.70,degF,climdiv-tmpccy-v1.0.0-20261006
1925-08,83.7,83.70,degF,climdiv-tmpccy-v1.0.0-20261006
1925-09,80.3,80.30,degF,climdiv-tmpccy-v1.0.0-20261006
1925-10,65.5,65.50,degF,climdiv-tmpccy-v1.0.0-20261006
1925-11,54.1,54.10,degF,climdiv-tmpccy-v1.0.0-20261006
1925-12,44.3,44.30,degF,climdiv-tmpccy-v1.0.0-20261006
1926-01,43.4,43.40,degF,climdiv-tmpccy-v1.0.0-20261006
1926-02,54.8,54.80,degF,climdiv-tmpccy-v1.0.0-20261006
1926-03,53.6,53.60,degF,climdiv-tmpccy-v1.0.0-20261006
1926-04,61.5,61.50,degF,climdiv-tmpccy-v1.0.0-20261006
1926-05,71.8,71.80,degF,climdiv-tmpccy-v1.0.0-20261006
1926-06,80.7,80.70,degF,climdiv-tmpccy-v1.0.0-20261006
1926-07,82.6,82.60,degF,climdiv-tmpccy-v1.0.0-20261006
1926-08,84.1,84.10,degF,climdiv-tmpccy-v1.0.0-20261006
1926-09,81.8,81.80,degF,climdiv-tmpccy-v1.0.0-20261006
1926-10,72.2,72.20,degF,climdiv-tmpccy-v1.0.0-20261006
1926-11,53.9,53.90,degF,climdiv-tmpccy-v1.0.0-20261006
1926-12,48.5,48.50,degF,climdiv-tmpccy-v1.0.0-20261006
1927-01,48.9,48.90,degF,climdiv-tmpccy-v1.0.0-20261006
1927-02,55.6,55.60,degF,climdiv-tmpccy-v1.0.0-20261006
1927-03,58.2,58.20,degF,climdiv-tmpccy-v1.0.0-20261006
1927-04,68.5,68.50,degF,climdiv-tmpccy-v1.0.0-20261006
1927-05,78.0,78.00,degF,climdiv-tmpccy-v1.0.0-20261006
1927-06,79.3,79.30,degF,climdiv-tmpccy-v1.0.0-20261006
1927-07,83.5,83.50,degF,climdiv-tmpccy-v1.0.0-20261006
1927-08,85.3,85.30,degF,climdiv-tmpccy-v1.0.0-20261006
1927-09,79.5,79.50,degF,climdiv-tmpccy-v1.0.0-20261006
1927-10,68.6,68.60,degF,climdiv-tmpccy-v1.0.0-20261006
1927-11,64.9,64.90,degF,climdiv-tmpccy-v1.0.0-20261006
1927-12,44.4,44.40,degF,climdiv-tmpccy-v1.0.0-20261006
1928-01,46.7,46.70,degF,climdiv-tmpccy-v1.0.0-20261006
1928-02,50.3,50.30,degF,climdiv-tmpccy-v1.0.0-20261006
1928-03,59.0,59.00,degF,climdiv-tmpccy-v1.0.0-20261006
1928-04,62.1,62.10,degF,climdiv-tmpccy-v1.0.0-20261006
1928-05,71.6,71.60,degF,climdiv-tmpccy-v1.0.0-20261006
1928-06,80.8,80.80,degF,climdiv-tmpccy-v1.0.0-20261006
1928-07,85.7,85.70,degF,climdiv-tmpccy-v1.0.0-20261006
1928-08,85.3,85.30,degF,climdiv-tmpccy-v1.0.0-20261006
1928-09,75.5,75.50,degF,climdiv-tmpccy-v1.0.0-20261006
1928-10,70.5,70.50,degF,climdiv-tmpccy-v1.0.0-20261006
1928-11,55.1,55.10,degF,climdiv-tmpccy-v1.0.0-20261006
1928-12,47.3,47.30,degF,climdiv-tmpccy-v1.0.0-20261006
1929-01,47.8,47.80,degF,climdiv-tmpccy-v1.0.0-20261006
1929-02,44.2,44.20,degF,climdiv-tmpccy-v1.0.0-20261006
1929-03,60.0,60.00,degF,climdiv-tmpccy-v1.0.0-20261006
1929-04,69.2,69.20,degF,climdiv-tmpccy-v1.0.0-20261006
1929-05,72.1,72.10,degF,climdiv-tmpccy-v1.0.0-20261006
1929-06,81.6,81.60,degF,climdiv-tmpccy-v1.0.0-20261006
1929-07,82.7,82.70,degF,climdiv-tmpccy-v1.0.0-20261006
1929-08,85.1,85.10,degF,climdiv-tmpccy-v1.0.0-20261006
1929-09,77.9,77.90,degF,climdiv-tmpccy-v1.0.0-20261006
1929-10,68.7,68.70,degF,climdiv-tmpccy-v1.0.0-20261006
1929-11,48.7,48.70,degF,climdiv-tmpccy-v1.0.0-20261006
1929-12,47.3,47.30,degF,climdiv-tmpccy-v1.0.0-20261006
1930-01,37.2,37.20,degF,climdiv-tmpccy-v1.0.0-20261006
1930-02,56.2,56.20,degF,climdiv-tmpccy-v1.0.0-20261006
1930-03,54.7,54.70,degF,climdiv-tmpccy-v1.0.0-20261006
1930-04,70.4,70.40,degF,climdiv-tmpccy-v1.0.0-20261006
1930-05,72.5,72.50,degF,climdiv-tmpccy-v1.0.0-20261006
1930-06,78.9,78.90,degF,climdiv-tmpccy-v1.0.0-20261006
1930-07,83.6,83.60,degF,climdiv-tmpccy-v1.0.0-20261006
1930-08,84.6,84.60,degF,climdiv-tmpccy-v1.0.0-20261006
1930-09,79.7,79.70,degF,climdiv-tmpccy-v1.0.0-20261006
1930-10,66.2,66.20,degF,climdiv-tmpccy-v1.0.0-20261006
1930-11,54.3,54.30,degF,climdiv-tmpccy-v1.0.0-20261006
1930-12,45.2,45.20,degF,climdiv-tmpccy-v1.0.0-20261006
1931-01,47.3,47.30,degF,climdiv-tmpccy-v1.0.0-20261006
1931-02,53.4,53.40,degF,climdiv-tmpccy-v1.0.0-20261006
1931-03,52.4,52.40,degF,climdiv-tmpccy-v1.0.0-20261006
1931-04,61.0,61.00,degF,climdiv-tmpccy-v1.0.0-20261006
1931-05,69.8,69.80,degF,climdiv-tmpccy-v1.0.0-20261006
1931-06,80.8,80.80,degF,climdiv-tmpccy-v1.0.0-20261006
1931-07,82.6,82.60,degF,climdiv-tmpccy-v1.0.0-20261006
1931-08,81.9,81.90,degF,climdiv-tmpccy-v1.0.0-20261006
1931-09,82.6,82.60,degF,climdiv-tmpccy-v1.0.0-20261006
1931-10,74.2,74.20,degF,climdiv-tmpccy-v1.0.0-20261006
1931-11,60.5,60.50,degF,climdiv-tmpccy-v1.0.0-20261006
1931-12,48.2,48.20,degF,climdiv-tmpccy-v1.0.0-20261006
1932-01,48.8,48.80,degF,climdiv-tmpccy-v1.0.0-20261006
1932-02,57.3,57.30,degF,climdiv-tmpccy-v1.0.0-20261006
1932-03,52.0,52.00,degF,climdiv-tmpccy-v1.0.0-20261006
1932-04,66.6,66.60,degF,climdiv-tmpccy-v1.0.0-20261006
1932-05,71.8,71.80,degF,climdiv-tmpccy-v1.0.0-20261006
1932-06,81.3,81.30,degF,climdiv-tmpccy-v1.0.0-20261006
1932-07,84.6,84.60,degF,climdiv-tmpccy-v1.0.0-20261006
1932-08,82.1,82.10,degF,climdiv-tmpccy-v1.0.0-20261006
1932-09,73.0,73.00,degF,climdiv-tmpccy-v1.0.0-20261006
1932-10,63.4,63.40,degF,climdiv-tmpccy-v1.0.0-20261006
1932-11,51.7,51.70,degF,climdiv-tmpccy-v1.0.0-20261006
1932-12,45.5,45.50,degF,climdiv-tmpccy-v1.0.0-20261006
1933-01,53.4,53.40,degF,climdiv-tmpccy-v1.0.0-20261006
1933-02,48.3,48.30,degF,climdiv-tmpccy-v1.0.0-20261006
1933-03,60.4,60.40,degF,climdiv-tmpccy-v1.0.0-20261006
1933-04,66.9,66.90,degF,climdiv-tmpccy-v1.0.0-20261006
1933-05,77.2,77.20,degF,climdiv-tmpccy-v1.0.0-20261006
1933-06,80.5,80.50,degF,climdiv-tmpccy-v1.0.0-20261006
1933-07,86.6,86.60,degF,climdiv-tmpccy-v1.0.0-20261006
1933-08,84.1,84.10,degF,climdiv-tmpccy-v1.0.0-20261006
1933-09,82.8,82.80,degF,climdiv-tmpccy-v1.0.0-20261006
1933-10,72.3,72.30,degF,climdiv-tmpccy-v1.0.0-20261006
1933-11,59.0,59.00,degF,climdiv-tmpccy-v1.0.0-20261006
1933-12,55.1,55.10,degF,climdiv-tmpccy-v1.0.0-20261006
1934-01,49.4,49.40,degF,climdiv-tmpccy-v1.0.0-20261006
1934-02,50.1,50.10,degF,climdiv-tmpccy-v1.0.0-20261006
1934-03,55.4,55.40,degF,climdiv-tmpccy-v1.0.0-20261006
1934-04,67.6,67.60,degF,climdiv-tmpccy-v1.0.0-20261006
1934-05,74.5,74.50,degF,climdiv-tmpccy-v1.0.0-20261006
1934-06,85.3,85.30,degF,climdiv-tmpccy-v1.0.0-20261006
1934-07,85.7,85.70,degF,climdiv-tmpccy-v1.0.0-20261006
1934-08,86.1,86.10,degF,climdiv-tmpccy-v1.0.0-20261006
1934-09,79.9,79.90,degF,climdiv-tmpccy-v1.0.0-20261006
1934-10,73.0,73.00,degF,climdiv-tmpccy-v1.0.0-20261006
1934-11,60.2,60.20,degF,climdiv-tmpccy-v1.0.0-20261006
1934-12,50.7,50.70,degF,climdiv-tmpccy-v1.0.0-20261006
1935-01,51.2,51.20,degF,climdiv-tmpccy-v1.0.0-20261006
1935-02,50.8,50.80,degF,climdiv-tmpccy-v1.0.0-20261006
1935-03,63.1,63.10,degF,climdiv-tmpccy-v1.0.0-20261006
1935-04,67.3,67.30,degF,climdiv-tmpccy-v1.0.0-20261006
1935-05,72.0,72.00,degF,climdiv-tmpccy-v1.0.0-20261006
1935-06,78.8,78.80,degF,climdiv-tmpccy-v1.0.0-20261006
1935-07,83.6,83.60,degF,climdiv-tmpccy-v1.0.0-20261006
1935-08,84.0,84.00,degF,climdiv-tmpccy-v1.0.0-20261006
1935-09,74.3,74.30,degF,climdiv-tmpccy-v1.0.0-20261006
1935-10,70.2,70.20,degF,climdiv-tmpccy-v1.0.0-20261006
1935-11,54.5,54.50,degF,climdiv-tmpccy-v1.0.0-20261006
1935-12,47.3,47.30,degF,climdiv-tmpccy-v1.0.0-20261006
1936-01,45.5,45.50,degF,climdiv-tmpccy-v1.0.0-20261006
1936-02,47.1,47.10,degF,climdiv-tmpccy-v1.0.0-20261006
1936-03,61.0,61.00,degF,climdiv-tmpccy-v1.0.0-20261006
1936-04,65.5,65.50,degF,climdiv-tmpccy-v1.0.0-20261006
1936-05,73.3,73.30,degF,climdiv-tmpccy-v1.0.0-20261006
1936-06,82.2,82.20,degF,climdiv-tmpccy-v1.0.0-20261006
1936-07,81.5,81.50,degF,climdiv-tmpccy-v1.0.0-20261006
1936-08,83.4,83.40,degF,climdiv-tmpccy-v1.0.0-20261006
1936-09,78.0,78.00,degF,climdiv-tmpccy-v1.0.0-20261006
1936-10,62.9,62.90,degF,climdiv-tmpccy-v1.0.0-20261006
1936-11,52.5,52.50,degF,climdiv-tmpccy-v1.0.0-20261006
1936-12,50.6,50.60,degF,climdiv-tmpccy-v1.0.0-20261006
1937-01,44.6,44.60,degF,climdiv-tmpccy-v1.0.0-20261006
1937-02,50.5,50.50,degF,climdiv-tmpccy-v1.0.0-20261006
1937-03,52.5,52.50,degF,climdiv-tmpccy-v1.0.0-20261006
1937-04,66.6,66.60,degF,climdiv-tmpccy-v1.0.0-20261006
1937-05,75.4,75.40,degF,climdiv-tmpccy-v1.0.0-20261006
1937-06,81.0,81.00,degF,climdiv-tmpccy-v1.0.0-20261006
1937-07,83.6,83.60,degF,climdiv-tmpccy-v1.0.0-20261006
1937-08,86.0,86.00,degF,climdiv-tmpccy-v1.0.0-20261006
1937-09,78.8,78.80,degF,climdiv-tmpccy-v1.0.0-20261006
1937-10,67.3,67.30,degF,climdiv-tmpccy-v1.0.0-20261006
1937-11,52.7,52.70,degF,climdiv-tmpccy-v1.0.0-20261006
1937-12,46.4,46.40,degF,climdiv-tmpccy-v1.0.0-20261006
1938-01,49.0,49.00,degF,climdiv-tmpccy-v1.0.0-20261006
1938-02,57.3,57.30,degF,climdiv-tmpccy-v1.0.0-20261006
1938-03,64.1,64.10,degF,climdiv-tmpccy-v1.0.0-20261006
1938-04,65.1,65.10,degF,climdiv-tmpccy-v1.0.0-20261006
1938-05,73.4,73.40,degF,climdiv-tmpccy-v1.0.0-20261006
1938-06,81.6,81.60,degF,climdiv-tmpccy-v1.0.0-20261006
1938-07,83.3,83.30,degF,climdiv-tmpccy-v1.0.0-20261006
1938-08,83.4,83.40,degF,climdiv-tmpccy-v1.0.0-20261006
1938-09,78.3,78.30,degF,climdiv-tmpccy-v1.0.0-20261006
1938-10,69.7,69.70,degF,climdiv-tmpccy-v1.0.0-20261006
1938-11,53.8,53.80,degF,climdiv-tmpccy-v1.0.0-20261006
1938-12,48.6,48.60,degF,climdiv-tmpccy-v1.0.0-20261006
1939-01,50.0,50.00,degF,climdiv-tmpccy-v1.0.0-20261006
1939-02,48.8,48.80,degF,climdiv-tmpccy-v1.0.0-20261006
1939-03,60.7,60.70,degF,climdiv-tmpccy-v1.0.0-20261006
1939-04,67.8,67.80,degF,climdiv-tmpccy-v1.0.0-20261006
1939-05,76.7,76.70,degF,climdiv-tmpccy-v1.0.0-20261006
1939-06,82.1,82.10,degF,climdiv-tmpccy-v1.0.0-20261006
1939-07,84.4,84.40,degF,climdiv-tmpccy-v1.0.0-20261006
1939-08,82.1,82.10,degF,climdiv-tmpccy-v1.0.0-20261006
1939-09,79.9,79.90,degF,climdiv-tmpccy-v1.0.0-20261006
1939-10,69.7,69.70,degF,climdiv-tmpccy-v1.0.0-20261006
1939-11,52.8,52.80,degF,climdiv-tmpccy-v1.0.0-20261006
1939-12,51.1,51.10,degF,climdiv-tmpccy-v1.0.0-20261006
1940-01,37.0,37.00,degF,climdiv-tmpccy-v1.0.0-20261006
1940-02,49.7,49.70,degF,climdiv-tmpccy-v1.0.0-20261006
1940-03,59.3,59.30,degF,climdiv-tmpccy-v1.0.0-20261006
1940-04,65.4,65.40,degF,climdiv-tmpccy-v1.0.0-20261006
1940-05,73.1,73.10,degF,climdiv-tmpccy-v1.0.0-20261006
1940-06,76.1,76.10,degF,climdiv-tmpccy-v1.0.0-20261006
1940-07,81.2,81.20,degF,climdiv-tmpccy-v1.0.0-20261006
1940-08,82.2,82.20,degF,climdiv-tmpccy-v1.0.0-20261006
1940-09,75.3,75.30,degF,climdiv-tmpccy-v1.0.0-20261006
1940-10,68.2,68.20,degF,climdiv-tmpccy-v1.0.0-20261006
1940-11,53.4,53.40,degF,climdiv-tmpccy-v1.0.0-20261006
1940-12,50.1,50.10,degF,climdiv-tmpccy-v1.0.0-20261006
1941-01,49.7,49.70,degF,climdiv-tmpccy-v1.0.0-20261006
1941-02,49.0,49.00,degF,climdiv-tmpccy-v1.0.0-20261006
1941-03,52.1,52.10,degF,climdiv-tmpccy-v1.0.0-20261006
1941-04,64.6,64.60,degF,climdiv-tmpccy-v1.0.0-20261006
1941-05,73.9,73.90,degF,climdiv-tmpccy-v1.0.0-20261006
1941-06,78.0,78.00,degF,climdiv-tmpccy-v1.0.0-20261006
1941-07,81.9,81.90,degF,climdiv-tmpccy-v1.0.0-20261006
1941-08,83.8,83.80,degF,climdiv-tmpccy-v1.0.0-20261006
1941-09,78.7,78.70,degF,climdiv-tmpccy-v1.0.0-20261006
1941-10,71.2,71.20,degF,climdiv-tmpccy-v1.0.0-20261006
1941-11,54.1,54.10,degF,climdiv-tmpccy-v1.0.0-20261006
1941-12,48.9,48.90,degF,climdiv-tmpccy-v1.0.0-20261006
1942-01,44.0,44.00,degF,climdiv-tmpccy-v1.0.0-20261006
1942-02,49.0,49.00,degF,climdiv-tmpccy-v1.0.0-20261006
1942-03,55.6,55.60,degF,climdiv-tmpccy-v1.0.0-20261006
1942-04,66.3,66.30,degF,climdiv-tmpccy-v1.0.0-20261006
1942-05,72.3,72.30,degF,climdiv-tmpccy-v1.0.0-20261006
1942-06,81.3,81.30,degF,climdiv-tmpccy-v1.0.0-20261006
1942-07,82.2,82.20,degF,climdiv-tmpccy-v1.0.0-20261006
1942-08,82.8,82.80,degF,climdiv-tmpccy-v1.0.0-20261006
1942-09,74.1,74.10,degF,climdiv-tmpccy-v1.0.0-20261006
1942-10,65.4,65.40,degF,climdiv-tmpccy-v1.0.0-20261006
1942-11,59.1,59.10,degF,climdiv-tmpccy-v1.0.0-20261006
1942-12,50.0,50.00,degF,climdiv-tmpccy-v1.0.0-20261006
1943-01,45.8,45.80,degF,climdiv-tmpccy-v1.0.0-20261006
1943-02,54.3,54.30,degF,climdiv-tmpccy-v1.0.0-20261006
1943-03,53.7,53.70,degF,climdiv-tmpccy-v1.0.0-20261006
1943-04,69.5,69.50,degF,climdiv-tmpccy-v1.0.0-20261006
1943-05,74.8,74.80,degF,climdiv-tmpccy-v1.0.0-20261006
1943-06,81.3,81.30,degF,climdiv-tmpccy-v1.0.0-20261006
1943-07,83.9,83.90,degF,climdiv-tmpccy-v1.0.0-20261006
1943-08,86.5,86.50,degF,climdiv-tmpccy-v1.0.0-20261006
1943-09,75.3,75.30,degF,climdiv-tmpccy-v1.0.0-20261006
1943-10,64.5,64.50,degF,climdiv-tmpccy-v1.0.0-20261006
1943-11,53.6,53.60,degF,climdiv-tmpccy-v1.0.0-20261006
1943-12,46.6,46.60,degF,climdiv-tmpccy-v1.0.0-20261006
1944-01,45.6,45.60,degF,climdiv-tmpccy-v1.0.0-20261006
1944-02,53.7,53.70,degF,climdiv-tmpccy-v1.0.0-20261006
1944-03,56.5,56.50,degF,climdiv-tmpccy-v1.0.0-20261006
1944-04,65.7,65.70,degF,climdiv-tmpccy-v1.0.0-20261006
1944-05,70.6,70.60,degF,climdiv-tmpccy-v1.0.0-20261006
1944-06,80.5,80.50,degF,climdiv-tmpccy-v1.0.0-20261006
1944-07,84.8,84.80,degF,climdiv-tmpccy-v1.0.0-20261006
1944-08,84.2,84.20,degF,climdiv-tmpccy-v1.0.0-20261006
1944-09,75.5,75.50,degF,climdiv-tmpccy-v1.0.0-20261006
1944-10,65.7,65.70,degF,climdiv-tmpccy-v1.0.0-20261006
1944-11,56.5,56.50,degF,climdiv-tmpccy-v1.0.0-20261006
1944-12,44.6,44.60,degF,climdiv-tmpccy-v1.0.0-20261006
1945-01,46.6,46.60,degF,climdiv-tmpccy-v1.0.0-20261006
1945-02,51.8,51.80,degF,climdiv-tmpccy-v1.0.0-20261006
1945-03,62.6,62.60,degF,climdiv-tmpccy-v1.0.0-20261006
1945-04,64.3,64.30,degF,climdiv-tmpccy-v1.0.0-20261006
1945-05,72.8,72.80,degF,climdiv-tmpccy-v1.0.0-20261006
1945-06,80.1,80.10,degF,climdiv-tmpccy-v1.0.0-20261006
1945-07,83.0,83.00,degF,climdiv-tmpccy-v1.0.0-20261006
1945-08,83.1,83.10,degF,climdiv-tmpccy-v1.0.0-20261006
1945-09,78.8,78.80,degF,climdiv-tmpccy-v1.0.0-20261006
1945-10,64.5,64.50,degF,climdiv-tmpccy-v1.0.0-20261006
1945-11,58.7,58.70,degF,climdiv-tmpccy-v1.0.0-20261006
1945-12,46.7,46.70,degF,climdiv-tmpccy-v1.0.0-20261006
1946-01,44.7,44.70,degF,climdiv-tmpccy-v1.0.0-20261006
1946-02,51.2,51.20,degF,climdiv-tmpccy-v1.0.0-20261006
1946-03,59.0,59.00,degF,climdiv-tmpccy-v1.0.0-20261006
1946-04,69.0,69.00,degF,climdiv-tmpccy-v1.0.0-20261006
1946-05,72.6,72.60,degF,climdiv-tmpccy-v1.0.0-20261006
1946-06,78.6,78.60,degF,climdiv-tmpccy-v1.0.0-20261006
1946-07,84.2,84.20,degF,climdiv-tmpccy-v1.0.0-20261006
1946-08,83.7,83.70,degF,climdiv-tmpccy-v1.0.0-20261006
1946-09,76.4,76.40,degF,climdiv-tmpccy-v1.0.0-20261006
1946-10,68.2,68.20,degF,climdiv-tmpccy-v1.0.0-20261006
1946-11,56.4,56.40,degF,climdiv-tmpccy-v1.0.0-20261006
1946-12,51.7,51.70,degF,climdiv-tmpccy-v1.0.0-20261006
1947-01,44.0,44.00,degF,climdiv-tmpccy-v1.0.0-20261006
1947-02,44.3,44.30,degF,climdiv-tmpccy-v1.0.0-20261006
1947-03,52.7,52.70,degF,climdiv-tmpccy-v1.0.0-20261006
1947-04,65.5,65.50,degF,climdiv-tmpccy-v1.0.0-20261006
1947-05,72.6,72.60,degF,climdiv-tmpccy-v1.0.0-20261006
1947-06,82.7,82.70,degF,climdiv-tmpccy-v1.0.0-20261006
1947-07,84.4,84.40,degF,climdiv-tmpccy-v1.0.0-20261006
1947-08,83.1,83.10,degF,climdiv-tmpccy-v1.0.0-20261006
1947-09,77.7,77.70,degF,climdiv-tmpccy-v1.0.0-20261006
1947-10,73.9,73.90,degF,climdiv-tmpccy-v1.0.0-20261006
1947-11,52.4,52.40,degF,climdiv-tmpccy-v1.0.0-20261006
1947-12,48.8,48.80,degF,climdiv-tmpccy-v1.0.0-20261006
1948-01,40.2,40.20,degF,climdiv-tmpccy-v1.0.0-20261006
1948-02,48.2,48.20,degF,climdiv-tmpccy-v1.0.0-20261006
1948-03,55.4,55.40,degF,climdiv-tmpccy-v1.0.0-20261006
1948-04,70.4,70.40,degF,climdiv-tmpccy-v1.0.0-20261006
1948-05,75.5,75.50,degF,climdiv-tmpccy-v1.0.0-20261006
1948-06,83.3,83.30,degF,climdiv-tmpccy-v1.0.0-20261006
1948-07,83.7,83.70,degF,climdiv-tmpccy-v1.0.0-20261006
1948-08,84.2,84.20,degF,climdiv-tmpccy-v1.0.0-20261006
1948-09,75.2,75.20,degF,climdiv-tmpccy-v1.0.0-20261006
1948-10,66.0,66.00,degF,climdiv-tmpccy-v1.0.0-20261006
1948-11,54.5,54.50,degF,climdiv-tmpccy-v1.0.0-20261006
1948-12,51.1,51.10,degF,climdiv-tmpccy-v1.0.0-20261006
1949-01,41.3,41.30,degF,climdiv-tmpccy-v1.0.0-20261006
1949-02,52.4,52.40,degF,climdiv-tmpccy-v1.0.0-20261006
1949-03,57.4,57.40,degF,climdiv-tmpccy-v1.0.0-20261006
1949-04,61.6,61.60,degF,climdiv-tmpccy-v1.0.0-20261006
1949-05,75.8,75.80,degF,climdiv-tmpccy-v1.0.0-20261006
1949-06,81.1,81.10,degF,climdiv-tmpccy-v1.0.0-20261006
1949-07,84.0,84.00,degF,climdiv-tmpccy-v1.0.0-20261006
1949-08,82.0,82.00,degF,climdiv-tmpccy-v1.0.0-20261006
1949-09,77.6,77.60,degF,climdiv-tmpccy-v1.0.0-20261006
1949-10,66.0,66.00,degF,climdiv-tmpccy-v1.0.0-20261006
1949-11,57.6,57.60,degF,climdiv-tmpccy-v1.0.0-20261006
1949-12,50.9,50.90,degF,climdiv-tmpccy-v1.0.0-20261006
1950-01,52.4,52.40,degF,climdiv-tmpccy-v1.0.0-20261006
1950-02,53.0,53.00,degF,climdiv-tmpccy-v1.0.0-20261006
1950-03,55.6,55.60,degF,climdiv-tmpccy-v1.0.0-20261006
1950-04,64.7,64.70,degF,climdiv-tmpccy-v1.0.0-20261006
1950-05,73.8,73.80,degF,climdiv-tmpccy-v1.0.0-20261006
1950-06,79.6,79.60,degF,climdiv-tmpccy-v1.0.0-20261006
1950-07,84.1,84.10,degF,climdiv-tmpccy-v1.0.0-20261006
1950-08,83.2,83.20,degF,climdiv-tmpccy-v1.0.0-20261006
1950-09,77.4,77.40,degF,climdiv-tmpccy-v1.0.0-20261006
1950-10,70.3,70.30,degF,climdiv-tmpccy-v1.0.0-20261006
1950-11,54.5,54.50,degF,climdiv-tmpccy-v1.0.0-20261006
1950-12,48.2,48.20,degF,climdiv-tmpccy-v1.0.0-20261006
1951-01,45.2,45.20,degF,climdiv-tmpccy-v1.0.0-20261006
1951-02,48.8,48.80,degF,climdiv-tmpccy-v1.0.0-20261006
1951-03,58.1,58.10,degF,climdiv-tmpccy-v1.0.0-20261006
1951-04,65.7,65.70,degF,climdiv-tmpccy-v1.0.0-20261006
1951-05,73.0,73.00,degF,climdiv-tmpccy-v1.0.0-20261006
1951-06,81.2,81.20,degF,climdiv-tmpccy-v1.0.0-20261006
1951-07,86.8,86.80,degF,climdiv-tmpccy-v1.0.0-20261006
1951-08,87.2,87.20,degF,climdiv-tmpccy-v1.0.0-20261006
1951-09,79.0,79.00,degF,climdiv-tmpccy-v1.0.0-20261006
1951-10,70.4,70.40,degF,climdiv-tmpccy-v1.0.0-20261006
1951-11,52.8,52.80,degF,climdiv-tmpccy-v1.0.0-20261006
1951-12,50.6,50.60,degF,climdiv-tmpccy-v1.0.0-20261006
1952-01,54.5,54.50,degF,climdiv-tmpccy-v1.0.0-20261006
1952-02,54.4,54.40,degF,climdiv-tmpccy-v1.0.0-20261006
1952-03,55.3,55.30,degF,climdiv-tmpccy-v1.0.0-20261006
1952-04,63.4,63.40,degF,climdiv-tmpccy-v1.0.0-20261006
1952-05,71.4,71.40,degF,climdiv-tmpccy-v1.0.0-20261006
1952-06,81.1,81.10,degF,climdiv-tmpccy-v1.0.0-20261006
1952-07,83.1,83.10,degF,climdiv-tmpccy-v1.0.0-20261006
1952-08,87.4,87.40,degF,climdiv-tmpccy-v1.0.0-20261006
1952-09,75.0,75.00,degF,climdiv-tmpccy-v1.0.0-20261006
1952-10,61.6,61.60,degF,climdiv-tmpccy-v1.0.0-20261006
1952-11,54.6,54.60,degF,climdiv-tmpccy-v1.0.0-20261006
1952-12,46.3,46.30,degF,climdiv-tmpccy-v1.0.0-20261006
1953-01,51.4,51.40,degF,climdiv-tmpccy-v1.0.0-20261006
1953-02,50.1,50.10,degF,climdiv-tmpccy-v1.0.0-20261006
1953-03,62.0,62.00,degF,climdiv-tmpccy-v1.0.0-20261006
1953-04,64.8,64.80,degF,climdiv-tmpccy-v1.0.0-20261006
1953-05,72.4,72.40,degF,climdiv-tmpccy-v1.0.0-20261006
1953-06,85.4,85.40,degF,climdiv-tmpccy-v1.0.0-20261006
1953-07,85.3,85.30,degF,climdiv-tmpccy-v1.0.0-20261006
1953-08,83.5,83.50,degF,climdiv-tmpccy-v1.0.0-20261006
1953-09,76.0,76.00,degF,climdiv-tmpccy-v1.0.0-20261006
1953-10,67.3,67.30,degF,climdiv-tmpccy-v1.0.0-20261006
1953-11,53.1,53.10,degF,climdiv-tmpccy-v1.0.0-20261006
1953-12,44.4,44.40,degF,climdiv-tmpccy-v1.0.0-20261006
1954-01,48.7,48.70,degF,climdiv-tmpccy-v1.0.0-20261006
1954-02,55.5,55.50,degF,climdiv-tmpccy-v1.0.0-20261006
1954-03,56.0,56.00,degF,climdiv-tmpccy-v1.0.0-20261006
1954-04,72.1,72.10,degF,climdiv-tmpccy-v1.0.0-20261006
1954-05,72.2,72.20,degF,climdiv-tmpccy-v1.0.0-20261006
1954-06,83.1,83.10,degF,climdiv-tmpccy-v1.0.0-20261006
1954-07,86.8,86.80,degF,climdiv-tmpccy-v1.0.0-20261006
1954-08,86.1,86.10,degF,climdiv-tmpccy-v1.0.0-20261006
1954-09,80.0,80.00,degF,climdiv-tmpccy-v1.0.0-20261006
1954-10,69.2,69.20,degF,climdiv-tmpccy-v1.0.0-20261006
1954-11,54.1,54.10,degF,climdiv-tmpccy-v1.0.0-20261006
1954-12,52.0,52.00,degF,climdiv-tmpccy-v1.0.0-20261006
1955-01,47.1,47.10,degF,climdiv-tmpccy-v1.0.0-20261006
1955-02,49.9,49.90,degF,climdiv-tmpccy-v1.0.0-20261006
1955-03,58.7,58.70,degF,climdiv-tmpccy-v1.0.0-20261006
1955-04,71.1,71.10,degF,climdiv-tmpccy-v1.0.0-20261006
1955-05,76.4,76.40,degF,climdiv-tmpccy-v1.0.0-20261006
1955-06,79.1,79.10,degF,climdiv-tmpccy-v1.0.0-20261006
1955-07,83.6,83.60,degF,climdiv-tmpccy-v1.0.0-20261006
1955-08,82.5,82.50,degF,climdiv-tmpccy-v1.0.0-20261006
1955-09,79.7,79.70,degF,climdiv-tmpccy-v1.0.0-20261006
1955-10,66.7,66.70,degF,climdiv-tmpccy-v1.0.0-20261006
1955-11,56.3,56.30,degF,climdiv-tmpccy-v1.0.0-20261006
1955-12,49.6,49.60,degF,climdiv-tmpccy-v1.0.0-20261006
1956-01,47.7,47.70,degF,climdiv-tmpccy-v1.0.0-20261006
1956-02,51.7,51.70,degF,climdiv-tmpccy-v1.0.0-20261006
1956-03,58.6,58.60,degF,climdiv-tmpccy-v1.0.0-20261006
1956-04,66.2,66.20,degF,climdiv-tmpccy-v1.0.0-20261006
1956-05,76.7,76.70,degF,climdiv-tmpccy-v1.0.0-20261006
1956-06,83.4,83.40,degF,climdiv-tmpccy-v1.0.0-20261006
1956-07,85.6,85.60,degF,climdiv-tmpccy-v1.0.0-20261006
1956-08,84.5,84.50,degF,climdiv-tmpccy-v1.0.0-20261006
1956-09,78.7,78.70,degF,climdiv-tmpccy-v1.0.0-20261006
1956-10,70.1,70.10,degF,climdiv-tmpccy-v1.0.0-20261006
1956-11,53.5,53.50,degF,climdiv-tmpccy-v1.0.0-20261006
1956-12,51.5,51.50,degF,climdiv-tmpccy-v1.0.0-20261006
1957-01,48.1,48.10,degF,climdiv-tmpccy-v1.0.0-20261006
1957-02,58.3,58.30,degF,climdiv-tmpccy-v1.0.0-20261006
1957-03,57.0,57.00,degF,climdiv-tmpccy-v1.0.0-20261006
1957-04,63.6,63.60,degF,climdiv-tmpccy-v1.0.0-20261006
1957-05,71.0,71.00,degF,climdiv-tmpccy-v1.0.0-20261006
1957-06,79.4,79.40,degF,climdiv-tmpccy-v1.0.0-20261006
1957-07,85.4,85.40,degF,climdiv-tmpccy-v1.0.0-20261006
1957-08,85.1,85.10,degF,climdiv-tmpccy-v1.0.0-20261006
1957-09,75.5,75.50,degF,climdiv-tmpccy-v1.0.0-20261006
1957-10,62.9,62.90,degF,climdiv-tmpccy-v1.0.0-20261006
1957-11,52.3,52.30,degF,climdiv-tmpccy-v1.0.0-20261006
1957-12,51.3,51.30,degF,climdiv-tmpccy-v1.0.0-20261006
1958-01,44.8,44.80,degF,climdiv-tmpccy-v1.0.0-20261006
1958-02,45.8,45.80,degF,climdiv-tmpccy-v1.0.0-20261006
1958-03,50.6,50.60,degF,climdiv-tmpccy-v1.0.0-20261006
1958-04,64.3,64.30,degF,climdiv-tmpccy-v1.0.0-20261006
1958-05,72.8,72.80,degF,climdiv-tmpccy-v1.0.0-20261006
1958-06,82.3,82.30,degF,climdiv-tmpccy-v1.0.0-20261006
1958-07,84.8,84.80,degF,climdiv-tmpccy-v1.0.0-20261006
1958-08,84.7,84.70,degF,climdiv-tmpccy-v1.0.0-20261006
1958-09,77.7,77.70,degF,climdiv-tmpccy-v1.0.0-20261006
1958-10,65.4,65.40,degF,climdiv-tmpccy-v1.0.0-20261006
1958-11,56.7,56.70,degF,climdiv-tmpccy-v1.0.0-20261006
1958-12,45.1,45.10,degF,climdiv-tmpccy-v1.0.0-20261006
1959-01,45.4,45.40,degF,climdiv-tmpccy-v1.0.0-20261006
1959-02,50.4,50.40,degF,climdiv-tmpccy-v1.0.0-20261006
1959-03,57.3,57.30,degF,climdiv-tmpccy-v1.0.0-20261006
1959-04,63.0,63.00,degF,climdiv-tmpccy-v1.0.0-20261006
1959-05,75.8,75.80,degF,climdiv-tmpccy-v1.0.0-20261006
1959-06,81.1,81.10,degF,climdiv-tmpccy-v1.0.0-20261006
1959-07,82.0,82.00,degF,climdiv-tmpccy-v1.0.0-20261006
1959-08,82.4,82.40,degF,climdiv-tmpccy-v1.0.0-20261006
1959-09,79.1,79.10,degF,climdiv-tmpccy-v1.0.0-20261006
1959-10,66.3,66.30,degF,climdiv-tmpccy-v1.0.0-20261006
1959-11,49.2,49.20,degF,climdiv-tmpccy-v1.0.0-20261006
1959-12,50.1,50.10,degF,climdiv-tmpccy-v1.0.0-20261006
1960-01,46.2,46.20,degF,climdiv-tmpccy-v1.0.0-20261006
1960-02,45.0,45.00,degF,climdiv-tmpccy-v1.0.0-20261006
1960-03,51.6,51.60,degF,climdiv-tmpccy-v1.0.0-20261006
1960-04,67.3,67.30,degF,climdiv-tmpccy-v1.0.0-20261006
1960-05,71.6,71.60,degF,climdiv-tmpccy-v1.0.0-20261006
1960-06,82.1,82.10,degF,climdiv-tmpccy-v1.0.0-20261006
1960-07,82.7,82.70,degF,climdiv-tmpccy-v1.0.0-20261006
1960-08,82.0,82.00,degF,climdiv-tmpccy-v1.0.0-20261006
1960-09,76.4,76.40,degF,climdiv-tmpccy-v1.0.0-20261006
1960-10,69.8,69.80,degF,climdiv-tmpccy-v1.0.0-20261006
1960-11,57.4,57.40,degF,climdiv-tmpccy-v1.0.0-20261006
1960-12,44.7,44.70,degF,climdiv-tmpccy-v1.0.0-20261006
1961-01,42.7,42.70,degF,climdiv-tmpccy-v1.0.0-20261006
1961-02,51.6,51.60,degF,climdiv-tmpccy-v1.0.0-20261006
1961-03,59.4,59.40,degF,climdiv-tmpccy-v1.0.0-20261006
1961-04,65.2,65.20,degF,climdiv-tmpccy-v1.0.0-20261006
1961-05,74.8,74.80,degF,climdiv-tmpccy-v1.0.0-20261006
1961-06,78.5,78.50,degF,climdiv-tmpccy-v1.0.0-20261006
1961-07,80.2,80.20,degF,climdiv-tmpccy-v1.0.0-20261006
1961-08,80.5,80.50,degF,climdiv-tmpccy-v1.0.0-20261006
1961-09,76.8,76.80,degF,climdiv-tmpccy-v1.0.0-20261006
1961-10,66.3,66.30,degF,climdiv-tmpccy-v1.0.0-20261006
1961-11,52.0,52.00,degF,climdiv-tmpccy-v1.0.0-20261006
1961-12,47.7,47.70,degF,climdiv-tmpccy-v1.0.0-20261006
1962-01,41.6,41.60,degF,climdiv-tmpccy-v1.0.0-20261006
1962-02,57.3,57.30,degF,climdiv-tmpccy-v1.0.0-20261006
1962-03,54.1,54.10,degF,climdiv-tmpccy-v1.0.0-20261006
1962-04,65.9,65.90,degF,climdiv-tmpccy-v1.0.0-20261006
1962-05,76.0,76.00,degF,climdiv-tmpccy-v1.0.0-20261006
1962-06,79.3,79.30,degF,climdiv-tmpccy-v1.0.0-20261006
1962-07,84.8,84.80,degF,climdiv-tmpccy-v1.0.0-20261006
1962-08,86.1,86.10,degF,climdiv-tmpccy-v1.0.0-20261006
1962-09,78.6,78.60,degF,climdiv-tmpccy-v1.0.0-20261006
1962-10,71.5,71.50,degF,climdiv-tmpccy-v1.0.0-20261006
1962-11,55.4,55.40,degF,climdiv-tmpccy-v1.0.0-20261006
1962-12,48.0,48.00,degF,climdiv-tmpccy-v1.0.0-20261006
1963-01,39.8,39.80,degF,climdiv-tmpccy-v1.0.0-20261006
1963-02,48.2,48.20,degF,climdiv-tmpccy-v1.0.0-20261006
1963-03,60.6,60.60,degF,climdiv-tmpccy-v1.0.0-20261006
1963-04,71.7,71.70,degF,climdiv-tmpccy-v1.0.0-20261006
1963-05,75.3,75.30,degF,climdiv-tmpccy-v1.0.0-20261006
1963-06,82.1,82.10,degF,climdiv-tmpccy-v1.0.0-20261006
1963-07,85.4,85.40,degF,climdiv-tmpccy-v1.0.0-20261006
1963-08,85.5,85.50,degF,climdiv-tmpccy-v1.0.0-20261006
1963-09,78.2,78.20,degF,climdiv-tmpccy-v1.0.0-20261006
1963-10,70.5,70.50,degF,climdiv-tmpccy-v1.0.0-20261006
1963-11,57.0,57.00,degF,climdiv-tmpccy-v1.0.0-20261006
1963-12,40.6,40.60,degF,climdiv-tmpccy-v1.0.0-20261006
1964-01,44.7,44.70,degF,climdiv-tmpccy-v1.0.0-20261006
1964-02,44.8,44.80,degF,climdiv-tmpccy-v1.0.0-20261006
1964-03,56.9,56.90,degF,climdiv-tmpccy-v1.0.0-20261006
1964-04,67.9,67.90,degF,climdiv-tmpccy-v1.0.0-20261006
1964-05,75.6,75.60,degF,climdiv-tmpccy-v1.0.0-20261006
1964-06,80.1,80.10,degF,climdiv-tmpccy-v1.0.0-20261006
1964-07,85.3,85.30,degF,climdiv-tmpccy-v1.0.0-20261006
1964-08,84.6,84.60,degF,climdiv-tmpccy-v1.0.0-20261006
1964-09,78.0,78.00,degF,climdiv-tmpccy-v1.0.0-20261006
1964-10,63.7,63.70,degF,climdiv-tmpccy-v1.0.0-20261006
1964-11,58.3,58.30,degF,climdiv-tmpccy-v1.0.0-20261006
1964-12,48.2,48.20,degF,climdiv-tmpccy-v1.0.0-20261006
1965-01,50.2,50.20,degF,climdiv-tmpccy-v1.0.0-20261006
1965-02,45.7,45.70,degF,climdiv-tmpccy-v1.0.0-20261006
1965-03,50.3,50.30,degF,climdiv-tmpccy-v1.0.0-20261006
1965-04,69.5,69.50,degF,climdiv-tmpccy-v1.0.0-20261006
1965-05,72.5,72.50,degF,climdiv-tmpccy-v1.0.0-20261006
1965-06,79.8,79.80,degF,climdiv-tmpccy-v1.0.0-20261006
1965-07,83.4,83.40,degF,climdiv-tmpccy-v1.0.0-20261006
1965-08,82.5,82.50,degF,climdiv-tmpccy-v1.0.0-20261006
1965-09,79.4,79.40,degF,climdiv-tmpccy-v1.0.0-20261006
1965-10,64.4,64.40,degF,climdiv-tmpccy-v1.0.0-20261006
1965-11,61.3,61.30,degF,climdiv-tmpccy-v1.0.0-20261006
1965-12,51.3,51.30,degF,climdiv-tmpccy-v1.0.0-20261006
1966-01,41.7,41.70,degF,climdiv-tmpccy-v1.0.0-20261006
1966-02,46.1,46.10,degF,climdiv-tmpccy-v1.0.0-20261006
1966-03,56.7,56.70,degF,climdiv-tmpccy-v1.0.0-20261006
1966-04,66.9,66.90,degF,climdiv-tmpccy-v1.0.0-20261006
1966-05,72.6,72.60,degF,climdiv-tmpccy-v1.0.0-20261006
1966-06,79.3,79.30,degF,climdiv-tmpccy-v1.0.0-20261006
1966-07,85.2,85.20,degF,climdiv-tmpccy-v1.0.0-20261006
1966-08,81.4,81.40,degF,climdiv-tmpccy-v1.0.0-20261006
1966-09,76.4,76.40,degF,climdiv-tmpccy-v1.0.0-20261006
1966-10,65.1,65.10,degF,climdiv-tmpccy-v1.0.0-20261006
1966-11,59.8,59.80,degF,climdiv-tmpccy-v1.0.0-20261006
1966-12,47.9,47.90,degF,climdiv-tmpccy-v1.0.0-20261006
1967-01,48.2,48.20,degF,climdiv-tmpccy-v1.0.0-20261006
1967-02,49.2,49.20,degF,climdiv-tmpccy-v1.0.0-20261006
1967-03,64.5,64.50,degF,climdiv-tmpccy-v1.0.0-20261006
1967-04,73.6,73.60,degF,climdiv-tmpccy-v1.0.0-20261006
1967-05,73.0,73.00,degF,climdiv-tmpccy-v1.0.0-20261006
1967-06,82.0,82.00,degF,climdiv-tmpccy-v1.0.0-20261006
1967-07,84.2,84.20,degF,climdiv-tmpccy-v1.0.0-20261006
1967-08,81.3,81.30,degF,climdiv-tmpccy-v1.0.0-20261006
1967-09,73.3,73.30,degF,climdiv-tmpccy-v1.0.0-20261006
1967-10,65.5,65.50,degF,climdiv-tmpccy-v1.0.0-20261006
1967-11,55.7,55.70,degF,climdiv-tmpccy-v1.0.0-20261006
1967-12,46.6,46.60,degF,climdiv-tmpccy-v1.0.0-20261006
1968-01,45.5,45.50,degF,climdiv-tmpccy-v1.0.0-20261006
1968-02,45.3,45.30,degF,climdiv-tmpccy-v1.0.0-20261006
1968-03,54.0,54.00,degF,climdiv-tmpccy-v1.0.0-20261006
1968-04,65.5,65.50,degF,climdiv-tmpccy-v1.0.0-20261006
1968-05,71.8,71.80,degF,climdiv-tmpccy-v1.0.0-20261006
1968-06,78.3,78.30,degF,climdiv-tmpccy-v1.0.0-20261006
1968-07,80.8,80.80,degF,climdiv-tmpccy-v1.0.0-20261006
1968-08,82.5,82.50,degF,climdiv-tmpccy-v1.0.0-20261006
1968-09,73.9,73.90,degF,climdiv-tmpccy-v1.0.0-20261006
1968-10,68.8,68.80,degF,climdiv-tmpccy-v1.0.0-20261006
1968-11,54.0,54.00,degF,climdiv-tmpccy-v1.0.0-20261006
1968-12,48.8,48.80,degF,climdiv-tmpccy-v1.0.0-20261006
1969-01,50.6,50.60,degF,climdiv-tmpccy-v1.0.0-20261006
1969-02,49.7,49.70,degF,climdiv-tmpccy-v1.0.0-20261006
1969-03,50.9,50.90,degF,climdiv-tmpccy-v1.0.0-20261006
1969-04,66.9,66.90,degF,climdiv-tmpccy-v1.0.0-20261006
1969-05,71.4,71.40,degF,climdiv-tmpccy-v1.0.0-20261006
1969-06,80.4,80.40,degF,climdiv-tmpccy-v1.0.0-20261006
1969-07,85.8,85.80,degF,climdiv-tmpccy-v1.0.0-20261006
1969-08,84.1,84.10,degF,climdiv-tmpccy-v1.0.0-20261006
1969-09,76.7,76.70,degF,climdiv-tmpccy-v1.0.0-20261006
1969-10,65.6,65.60,degF,climdiv-tmpccy-v1.0.0-20261006
1969-11,53.8,53.80,degF,climdiv-tmpccy-v1.0.0-20261006
1969-12,50.2,50.20,degF,climdiv-tmpccy-v1.0.0-20261006
1970-01,42.5,42.50,degF,climdiv-tmpccy-v1.0.0-20261006
1970-02,51.2,51.20,degF,climdiv-tmpccy-v1.0.0-20261006
1970-03,52.8,52.80,degF,climdiv-tmpccy-v1.0.0-20261006
1970-04,67.6,67.60,degF,climdiv-tmpccy-v1.0.0-20261006
1970-05,70.2,70.20,degF,climdiv-tmpccy-v1.0.0-20261006
1970-06,78.3,78.30,degF,climdiv-tmpccy-v1.0.0-20261006
1970-07,82.8,82.80,degF,climdiv-tmpccy-v1.0.0-20261006
1970-08,83.7,83.70,degF,climdiv-tmpccy-v1.0.0-20261006
1970-09,77.7,77.70,degF,climdiv-tmpccy-v1.0.0-20261006
1970-10,64.1,64.10,degF,climdiv-tmpccy-v1.0.0-20261006
1970-11,53.5,53.50,degF,climdiv-tmpccy-v1.0.0-20261006
1970-12,55.0,55.00,degF,climdiv-tmpccy-v1.0.0-20261006
1971-01,50.9,50.90,degF,climdiv-tmpccy-v1.0.0-20261006
1971-02,51.8,51.80,degF,climdiv-tmpccy-v1.0.0-20261006
1971-03,58.7,58.70,degF,climdiv-tmpccy-v1.0.0-20261006
1971-04,66.4,66.40,degF,climdiv-tmpccy-v1.0.0-20261006
1971-05,74.1,74.10,degF,climdiv-tmpccy-v1.0.0-20261006
1971-06,82.1,82.10,degF,climdiv-tmpccy-v1.0.0-20261006
1971-07,83.7,83.70,degF,climdiv-tmpccy-v1.0.0-20261006
1971-08,77.2,77.20,degF,climdiv-tmpccy-v1.0.0-20261006
1971-09,75.8,75.80,degF,climdiv-tmpccy-v1.0.0-20261006
1971-10,68.5,68.50,degF,climdiv-tmpccy-v1.0.0-20261006
1971-11,57.5,57.50,degF,climdiv-tmpccy-v1.0.0-20261006
1971-12,52.3,52.30,degF,climdiv-tmpccy-v1.0.0-20261006
1972-01,47.7,47.70,degF,climdiv-tmpccy-v1.0.0-20261006
1972-02,52.2,52.20,degF,climdiv-tmpccy-v1.0.0-20261006
1972-03,63.4,63.40,degF,climdiv-tmpccy-v1.0.0-20261006
1972-04,71.0,71.00,degF,climdiv-tmpccy-v1.0.0-20261006
1972-05,71.7,71.70,degF,climdiv-tmpccy-v1.0.0-20261006
1972-06,80.0,80.00,degF,climdiv-tmpccy-v1.0.0-20261006
1972-07,81.8,81.80,degF,climdiv-tmpccy-v1.0.0-20261006
1972-08,80.9,80.90,degF,climdiv-tmpccy-v1.0.0-20261006
1972-09,79.9,79.90,degF,climdiv-tmpccy-v1.0.0-20261006
1972-10,67.1,67.10,degF,climdiv-tmpccy-v1.0.0-20261006
1972-11,49.3,49.30,degF,climdiv-tmpccy-v1.0.0-20261006
1972-12,45.3,45.30,degF,climdiv-tmpccy-v1.0.0-20261006
1973-01,42.0,42.00,degF,climdiv-tmpccy-v1.0.0-20261006
1973-02,47.5,47.50,degF,climdiv-tmpccy-v1.0.0-20261006
1973-03,59.8,59.80,degF,climdiv-tmpccy-v1.0.0-20261006
1973-04,61.9,61.90,degF,climdiv-tmpccy-v1.0.0-20261006
1973-05,72.0,72.00,degF,climdiv-tmpccy-v1.0.0-20261006
1973-06,77.3,77.30,degF,climdiv-tmpccy-v1.0.0-20261006
1973-07,81.7,81.70,degF,climdiv-tmpccy-v1.0.0-20261006
1973-08,80.3,80.30,degF,climdiv-tmpccy-v1.0.0-20261006
1973-09,76.9,76.90,degF,climdiv-tmpccy-v1.0.0-20261006
1973-10,68.2,68.20,degF,climdiv-tmpccy-v1.0.0-20261006
1973-11,61.8,61.80,degF,climdiv-tmpccy-v1.0.0-20261006
1973-12,49.4,49.40,degF,climdiv-tmpccy-v1.0.0-20261006
1974-01,45.4,45.40,degF,climdiv-tmpccy-v1.0.0-20261006
1974-02,52.7,52.70,degF,climdiv-tmpccy-v1.0.0-20261006
1974-03,64.6,64.60,degF,climdiv-tmpccy-v1.0.0-20261006
1974-04,67.0,67.00,degF,climdiv-tmpccy-v1.0.0-20261006
1974-05,76.3,76.30,degF,climdiv-tmpccy-v1.0.0-20261006
1974-06,79.5,79.50,degF,climdiv-tmpccy-v1.0.0-20261006
1974-07,83.7,83.70,degF,climdiv-tmpccy-v1.0.0-20261006
1974-08,80.3,80.30,degF,climdiv-tmpccy-v1.0.0-20261006
1974-09,70.0,70.00,degF,climdiv-tmpccy-v1.0.0-20261006
1974-10,66.2,66.20,degF,climdiv-tmpccy-v1.0.0-20261006
1974-11,54.2,54.20,degF,climdiv-tmpccy-v1.0.0-20261006
1974-12,46.0,46.00,degF,climdiv-tmpccy-v1.0.0-20261006
1975-01,49.6,49.60,degF,climdiv-tmpccy-v1.0.0-20261006
1975-02,48.9,48.90,degF,climdiv-tmpccy-v1.0.0-20261006
1975-03,56.6,56.60,degF,climdiv-tmpccy-v1.0.0-20261006
1975-04,65.1,65.10,degF,climdiv-tmpccy-v1.0.0-20261006
1975-05,71.8,71.80,degF,climdiv-tmpccy-v1.0.0-20261006
1975-06,79.3,79.30,degF,climdiv-tmpccy-v1.0.0-20261006
1975-07,80.9,80.90,degF,climdiv-tmpccy-v1.0.0-20261006
1975-08,81.7,81.70,degF,climdiv-tmpccy-v1.0.0-20261006
1975-09,73.2,73.20,degF,climdiv-tmpccy-v1.0.0-20261006
1975-10,66.5,66.50,degF,climdiv-tmpccy-v1.0.0-20261006
1975-11,56.8,56.80,degF,climdiv-tmpccy-v1.0.0-20261006
1975-12,48.6,48.60,degF,climdiv-tmpccy-v1.0.0-20261006
1976-01,44.9,44.90,degF,climdiv-tmpccy-v1.0.0-20261006
1976-02,57.1,57.10,degF,climdiv-tmpccy-v1.0.0-20261006
1976-03,60.7,60.70,degF,climdiv-tmpccy-v1.0.0-20261006
1976-04,66.2,66.20,degF,climdiv-tmpccy-v1.0.0-20261006
1976-05,69.1,69.10,degF,climdiv-tmpccy-v1.0.0-20261006
1976-06,78.2,78.20,degF,climdiv-tmpccy-v1.0.0-20261006
1976-07,78.4,78.40,degF,climdiv-tmpccy-v1.0.0-20261006
1976-08,81.2,81.20,degF,climdiv-tmpccy-v1.0.0-20261006
1976-09,75.8,75.80,degF,climdiv-tmpccy-v1.0.0-20261006
1976-10,58.7,58.70,degF,climdiv-tmpccy-v1.0.0-20261006
1976-11,49.2,49.20,degF,climdiv-tmpccy-v1.0.0-20261006
1976-12,45.2,45.20,degF,climdiv-tmpccy-v1.0.0-20261006
1977-01,39.3,39.30,degF,climdiv-tmpccy-v1.0.0-20261006
1977-02,50.6,50.60,degF,climdiv-tmpccy-v1.0.0-20261006
1977-03,57.6,57.60,degF,climdiv-tmpccy-v1.0.0-20261006
1977-04,65.0,65.00,degF,climdiv-tmpccy-v1.0.0-20261006
1977-05,74.0,74.00,degF,climdiv-tmpccy-v1.0.0-20261006
1977-06,80.8,80.80,degF,climdiv-tmpccy-v1.0.0-20261006
1977-07,84.5,84.50,degF,climdiv-tmpccy-v1.0.0-20261006
1977-08,85.6,85.60,degF,climdiv-tmpccy-v1.0.0-20261006
1977-09,82.4,82.40,degF,climdiv-tmpccy-v1.0.0-20261006
1977-10,68.8,68.80,degF,climdiv-tmpccy-v1.0.0-20261006
1977-11,57.7,57.70,degF,climdiv-tmpccy-v1.0.0-20261006
1977-12,49.6,49.60,degF,climdiv-tmpccy-v1.0.0-20261006
1978-01,39.0,39.00,degF,climdiv-tmpccy-v1.0.0-20261006
1978-02,41.3,41.30,degF,climdiv-tmpccy-v1.0.0-20261006
1978-03,55.5,55.50,degF,climdiv-tmpccy-v1.0.0-20261006
1978-04,69.2,69.20,degF,climdiv-tmpccy-v1.0.0-20261006
1978-05,76.0,76.00,degF,climdiv-tmpccy-v1.0.0-20261006
1978-06,81.4,81.40,degF,climdiv-tmpccy-v1.0.0-20261006
1978-07,86.8,86.80,degF,climdiv-tmpccy-v1.0.0-20261006
1978-08,81.7,81.70,degF,climdiv-tmpccy-v1.0.0-20261006
1978-09,76.7,76.70,degF,climdiv-tmpccy-v1.0.0-20261006
1978-10,66.0,66.00,degF,climdiv-tmpccy-v1.0.0-20261006
1978-11,56.9,56.90,degF,climdiv-tmpccy-v1.0.0-20261006
1978-12,45.9,45.90,degF,climdiv-tmpccy-v1.0.0-20261006
1979-01,38.0,38.00,degF,climdiv-tmpccy-v1.0.0-20261006
1979-02,46.3,46.30,degF,climdiv-tmpccy-v1.0.0-20261006
1979-03,58.7,58.70,degF,climdiv-tmpccy-v1.0.0-20261006
1979-04,66.1,66.10,degF,climdiv-tmpccy-v1.0.0-20261006
1979-05,69.8,69.80,degF,climdiv-tmpccy-v1.0.0-20261006
1979-06,78.2,78.20,degF,climdiv-tmpccy-v1.0.0-20261006
1979-07,83.2,83.20,degF,climdiv-tmpccy-v1.0.0-20261006
1979-08,80.8,80.80,degF,climdiv-tmpccy-v1.0.0-20261006
1979-09,74.8,74.80,degF,climdiv-tmpccy-v1.0.0-20261006
1979-10,70.5,70.50,degF,climdiv-tmpccy-v1.0.0-20261006
1979-11,52.5,52.50,degF,climdiv-tmpccy-v1.0.0-20261006
1979-12,48.8,48.80,degF,climdiv-tmpccy-v1.0.0-20261006
1980-01,47.7,47.70,degF,climdiv-tmpccy-v1.0.0-20261006
1980-02,48.9,48.90,degF,climdiv-tmpccy-v1.0.0-20261006
1980-03,55.7,55.70,degF,climdiv-tmpccy-v1.0.0-20261006
1980-04,64.0,64.00,degF,climdiv-tmpccy-v1.0.0-20261006
1980-05,73.4,73.40,degF,climdiv-tmpccy-v1.0.0-20261006
1980-06,83.8,83.80,degF,climdiv-tmpccy-v1.0.0-20261006
1980-07,86.8,86.80,degF,climdiv-tmpccy-v1.0.0-20261006
1980-08,84.5,84.50,degF,climdiv-tmpccy-v1.0.0-20261006
1980-09,79.6,79.60,degF,climdiv-tmpccy-v1.0.0-20261006
1980-10,65.1,65.10,degF,climdiv-tmpccy-v1.0.0-20261006
1980-11,53.6,53.60,degF,climdiv-tmpccy-v1.0.0-20261006
1980-12,51.3,51.30,degF,climdiv-tmpccy-v1.0.0-20261006
1981-01,47.1,47.10,degF,climdiv-tmpccy-v1.0.0-20261006
1981-02,50.9,50.90,degF,climdiv-tmpccy-v1.0.0-20261006
1981-03,56.5,56.50,degF,climdiv-tmpccy-v1.0.0-20261006
1981-04,69.6,69.60,degF,climdiv-tmpccy-v1.0.0-20261006
1981-05,72.7,72.70,degF,climdiv-tmpccy-v1.0.0-20261006
1981-06,79.2,79.20,degF,climdiv-tmpccy-v1.0.0-20261006
1981-07,83.6,83.60,degF,climdiv-tmpccy-v1.0.0-20261006
1981-08,81.8,81.80,degF,climdiv-tmpccy-v1.0.0-20261006
1981-09,75.7,75.70,degF,climdiv-tmpccy-v1.0.0-20261006
1981-10,68.6,68.60,degF,climdiv-tmpccy-v1.0.0-20261006
1981-11,58.0,58.00,degF,climdiv-tmpccy-v1.0.0-20261006
1981-12,48.6,48.60,degF,climdiv-tmpccy-v1.0.0-20261006
1982-01,47.8,47.80,degF,climdiv-tmpccy-v1.0.0-20261006
1982-02,46.9,46.90,degF,climdiv-tmpccy-v1.0.0-20261006
1982-03,61.3,61.30,degF,climdiv-tmpccy-v1.0.0-20261006
1982-04,65.8,65.80,degF,climdiv-tmpccy-v1.0.0-20261006
1982-05,73.2,73.20,degF,climdiv-tmpccy-v1.0.0-20261006
1982-06,80.1,80.10,degF,climdiv-tmpccy-v1.0.0-20261006
1982-07,85.0,85.00,degF,climdiv-tmpccy-v1.0.0-20261006
1982-08,85.0,85.00,degF,climdiv-tmpccy-v1.0.0-20261006
1982-09,78.2,78.20,degF,climdiv-tmpccy-v1.0.0-20261006
1982-10,67.1,67.10,degF,climdiv-tmpccy-v1.0.0-20261006
1982-11,57.1,57.10,degF,climdiv-tmpccy-v1.0.0-20261006
1982-12,49.0,49.00,degF,climdiv-tmpccy-v1.0.0-20261006
1983-01,45.2,45.20,degF,climdiv-tmpccy-v1.0.0-20261006
1983-02,49.2,49.20,degF,climdiv-tmpccy-v1.0.0-20261006
1983-03,55.4,55.40,degF,climdiv-tmpccy-v1.0.0-20261006
1983-04,62.7,62.70,degF,climdiv-tmpccy-v1.0.0-20261006
1983-05,71.9,71.90,degF,climdiv-tmpccy-v1.0.0-20261006
1983-06,76.3,76.30,degF,climdiv-tmpccy-v1.0.0-20261006
1983-07,81.9,81.90,degF,climdiv-tmpccy-v1.0.0-20261006
1983-08,83.5,83.50,degF,climdiv-tmpccy-v1.0.0-20261006
1983-09,77.6,77.60,degF,climdiv-tmpccy-v1.0.0-20261006
1983-10,68.9,68.90,degF,climdiv-tmpccy-v1.0.0-20261006
1983-11,59.6,59.60,degF,climdiv-tmpccy-v1.0.0-20261006
1983-12,39.4,39.40,degF,climdiv-tmpccy-v1.0.0-20261006
1984-01,42.9,42.90,degF,climdiv-tmpccy-v1.0.0-20261006
1984-02,52.2,52.20,degF,climdiv-tmpccy-v1.0.0-20261006
1984-03,60.4,60.40,degF,climdiv-tmpccy-v1.0.0-20261006
1984-04,67.2,67.20,degF,climdiv-tmpccy-v1.0.0-20261006
1984-05,76.0,76.00,degF,climdiv-tmpccy-v1.0.0-20261006
1984-06,81.3,81.30,degF,climdiv-tmpccy-v1.0.0-20261006
1984-07,83.6,83.60,degF,climdiv-tmpccy-v1.0.0-20261006
1984-08,84.0,84.00,degF,climdiv-tmpccy-v1.0.0-20261006
1984-09,74.6,74.60,degF,climdiv-tmpccy-v1.0.0-20261006
1984-10,67.6,67.60,degF,climdiv-tmpccy-v1.0.0-20261006
1984-11,55.9,55.90,degF,climdiv-tmpccy-v1.0.0-20261006
1984-12,55.7,55.70,degF,climdiv-tmpccy-v1.0.0-20261006
1985-01,41.7,41.70,degF,climdiv-tmpccy-v1.0.0-20261006
1985-02,47.5,47.50,degF,climdiv-tmpccy-v1.0.0-20261006
1985-03,61.6,61.60,degF,climdiv-tmpccy-v1.0.0-20261006
1985-04,68.1,68.10,degF,climdiv-tmpccy-v1.0.0-20261006
1985-05,75.5,75.50,degF,climdiv-tmpccy-v1.0.0-20261006
1985-06,79.9,79.90,degF,climdiv-tmpccy-v1.0.0-20261006
1985-07,83.0,83.00,degF,climdiv-tmpccy-v1.0.0-20261006
1985-08,85.2,85.20,degF,climdiv-tmpccy-v1.0.0-20261006
1985-09,77.2,77.20,degF,climdiv-tmpccy-v1.0.0-20261006
1985-10,68.4,68.40,degF,climdiv-tmpccy-v1.0.0-20261006
1985-11,58.8,58.80,degF,climdiv-tmpccy-v1.0.0-20261006
1985-12,45.2,45.20,degF,climdiv-tmpccy-v1.0.0-20261006
1986-01,49.9,49.90,degF,climdiv-tmpccy-v1.0.0-20261006
1986-02,54.8,54.80,degF,climdiv-tmpccy-v1.0.0-20261006
1986-03,60.7,60.70,degF,climdiv-tmpccy-v1.0.0-20261006
1986-04,70.4,70.40,degF,climdiv-tmpccy-v1.0.0-20261006
1986-05,72.9,72.90,degF,climdiv-tmpccy-v1.0.0-20261006
1986-06,79.6,79.60,degF,climdiv-tmpccy-v1.0.0-20261006
1986-07,84.4,84.40,degF,climdiv-tmpccy-v1.0.0-20261006
1986-08,82.4,82.40,degF,climdiv-tmpccy-v1.0.0-20261006
1986-09,79.7,79.70,degF,climdiv-tmpccy-v1.0.0-20261006
1986-10,66.4,66.40,degF,climdiv-tmpccy-v1.0.0-20261006
1986-11,55.5,55.50,degF,climdiv-tmpccy-v1.0.0-20261006
1986-12,47.4,47.40,degF,climdiv-tmpccy-v1.0.0-20261006
1987-01,47.0,47.00,degF,climdiv-tmpccy-v1.0.0-20261006
1987-02,52.0,52.00,degF,climdiv-tmpccy-v1.0.0-20261006
1987-03,54.2,54.20,degF,climdiv-tmpccy-v1.0.0-20261006
1987-04,63.3,63.30,degF,climdiv-tmpccy-v1.0.0-20261006
1987-05,74.0,74.00,degF,climdiv-tmpccy-v1.0.0-20261006
1987-06,77.6,77.60,degF,climdiv-tmpccy-v1.0.0-20261006
1987-07,81.3,81.30,degF,climdiv-tmpccy-v1.0.0-20261006
1987-08,83.8,83.80,degF,climdiv-tmpccy-v1.0.0-20261006
1987-09,75.1,75.10,degF,climdiv-tmpccy-v1.0.0-20261006
1987-10,66.7,66.70,degF,climdiv-tmpccy-v1.0.0-20261006
1987-11,56.3,56.30,degF,climdiv-tmpccy-v1.0.0-20261006
1987-12,50.2,50.20,degF,climdiv-tmpccy-v1.0.0-20261006
1988-01,43.4,43.40,degF,climdiv-tmpccy-v1.0.0-20261006
1988-02,49.3,49.30,degF,climdiv-tmpccy-v1.0.0-20261006
1988-03,58.1,58.10,degF,climdiv-tmpccy-v1.0.0-20261006
1988-04,65.3,65.30,degF,climdiv-tmpccy-v1.0.0-20261006
1988-05,71.9,71.90,degF,climdiv-tmpccy-v1.0.0-20261006
1988-06,78.1,78.10,degF,climdiv-tmpccy-v1.0.0-20261006
1988-07,82.0,82.00,degF,climdiv-tmpccy-v1.0.0-20261006
1988-08,83.9,83.90,degF,climdiv-tmpccy-v1.0.0-20261006
1988-09,77.4,77.40,degF,climdiv-tmpccy-v1.0.0-20261006
1988-10,68.6,68.60,degF,climdiv-tmpccy-v1.0.0-20261006
1988-11,59.3,59.30,degF,climdiv-tmpccy-v1.0.0-20261006
1988-12,50.1,50.10,degF,climdiv-tmpccy-v1.0.0-20261006
1989-01,51.4,51.40,degF,climdiv-tmpccy-v1.0.0-20261006
1989-02,46.7,46.70,degF,climdiv-tmpccy-v1.0.0-20261006
1989-03,58.3,58.30,degF,climdiv-tmpccy-v1.0.0-20261006
1989-04,67.0,67.00,degF,climdiv-tmpccy-v1.0.0-20261006
1989-05,76.2,76.20,degF,climdiv-tmpccy-v1.0.0-20261006
1989-06,78.7,78.70,degF,climdiv-tmpccy-v1.0.0-20261006
1989-07,82.8,82.80,degF,climdiv-tmpccy-v1.0.0-20261006
1989-08,82.3,82.30,degF,climdiv-tmpccy-v1.0.0-20261006
1989-09,74.5,74.50,degF,climdiv-tmpccy-v1.0.0-20261006
1989-10,67.8,67.80,degF,climdiv-tmpccy-v1.0.0-20261006
1989-11,58.0,58.00,degF,climdiv-tmpccy-v1.0.0-20261006
1989-12,39.5,39.50,degF,climdiv-tmpccy-v1.0.0-20261006
1990-01,53.3,53.30,degF,climdiv-tmpccy-v1.0.0-20261006
1990-02,55.5,55.50,degF,climdiv-tmpccy-v1.0.0-20261006
1990-03,59.0,59.00,degF,climdiv-tmpccy-v1.0.0-20261006
1990-04,65.8,65.80,degF,climdiv-tmpccy-v1.0.0-20261006
1990-05,74.3,74.30,degF,climdiv-tmpccy-v1.0.0-20261006
1990-06,84.7,84.70,degF,climdiv-tmpccy-v1.0.0-20261006
1990-07,80.8,80.80,degF,climdiv-tmpccy-v1.0.0-20261006
1990-08,82.0,82.00,degF,climdiv-tmpccy-v1.0.0-20261006
1990-09,77.5,77.50,degF,climdiv-tmpccy-v1.0.0-20261006
1990-10,65.6,65.60,degF,climdiv-tmpccy-v1.0.0-20261006
1990-11,59.6,59.60,degF,climdiv-tmpccy-v1.0.0-20261006
1990-12,47.0,47.00,degF,climdiv-tmpccy-v1.0.0-20261006
1991-01,44.6,44.60,degF,climdiv-tmpccy-v1.0.0-20261006
1991-02,53.9,53.90,degF,climdiv-tmpccy-v1.0.0-20261006
1991-03,61.0,61.00,degF,climdiv-tmpccy-v1.0.0-20261006
1991-04,68.7,68.70,degF,climdiv-tmpccy-v1.0.0-20261006
1991-05,74.4,74.40,degF,climdiv-tmpccy-v1.0.0-20261006
1991-06,79.4,79.40,degF,climdiv-tmpccy-v1.0.0-20261006
1991-07,82.3,82.30,degF,climdiv-tmpccy-v1.0.0-20261006
1991-08,82.4,82.40,degF,climdiv-tmpccy-v1.0.0-20261006
1991-09,73.3,73.30,degF,climdiv-tmpccy-v1.0.0-20261006
1991-10,68.8,68.80,degF,climdiv-tmpccy-v1.0.0-20261006
1991-11,53.0,53.00,degF,climdiv-tmpccy-v1.0.0-20261006
1991-12,50.9,50.90,degF,climdiv-tmpccy-v1.0.0-20261006
1992-01,47.3,47.30,degF,climdiv-tmpccy-v1.0.0-20261006
1992-02,55.2,55.20,degF,climdiv-tmpccy-v1.0.0-20261006
1992-03,60.4,60.40,degF,climdiv-tmpccy-v1.0.0-20261006
1992-04,65.7,65.70,degF,climdiv-tmpccy-v1.0.0-20261006
1992-05,71.0,71.00,degF,climdiv-tmpccy-v1.0.0-20261006
1992-06,79.9,79.90,degF,climdiv-tmpccy-v1.0.0-20261006
1992-07,82.3,82.30,degF,climdiv-tmpccy-v1.0.0-20261006
1992-08,79.4,79.40,degF,climdiv-tmpccy-v1.0.0-20261006
1992-09,77.5,77.50,degF,climdiv-tmpccy-v1.0.0-20261006
1992-10,68.9,68.90,degF,climdiv-tmpccy-v1.0.0-20261006
1992-11,53.5,53.50,degF,climdiv-tmpccy-v1.0.0-20261006
1992-12,51.5,51.50,degF,climdiv-tmpccy-v1.0.0-20261006
1993-01,46.6,46.60,degF,climdiv-tmpccy-v1.0.0-20261006
1993-02,50.8,50.80,degF,climdiv-tmpccy-v1.0.0-20261006
1993-03,57.2,57.20,degF,climdiv-tmpccy-v1.0.0-20261006
1993-04,63.1,63.10,degF,climdiv-tmpccy-v1.0.0-20261006
1993-05,70.1,70.10,degF,climdiv-tmpccy-v1.0.0-20261006
1993-06,79.8,79.80,degF,climdiv-tmpccy-v1.0.0-20261006
1993-07,84.1,84.10,degF,climdiv-tmpccy-v1.0.0-20261006
1993-08,85.2,85.20,degF,climdiv-tmpccy-v1.0.0-20261006
1993-09,76.5,76.50,degF,climdiv-tmpccy-v1.0.0-20261006
1993-10,65.7,65.70,degF,climdiv-tmpccy-v1.0.0-20261006
1993-11,51.7,51.70,degF,climdiv-tmpccy-v1.0.0-20261006
1993-12,51.1,51.10,degF,climdiv-tmpccy-v1.0.0-20261006
1994-01,48.7,48.70,degF,climdiv-tmpccy-v1.0.0-20261006
1994-02,50.8,50.80,degF,climdiv-tmpccy-v1.0.0-20261006
1994-03,60.3,60.30,degF,climdiv-tmpccy-v1.0.0-20261006
1994-04,66.0,66.00,degF,climdiv-tmpccy-v1.0.0-20261006
1994-05,71.9,71.90,degF,climdiv-tmpccy-v1.0.0-20261006
1994-06,82.5,82.50,degF,climdiv-tmpccy-v1.0.0-20261006
1994-07,84.3,84.30,degF,climdiv-tmpccy-v1.0.0-20261006
1994-08,82.4,82.40,degF,climdiv-tmpccy-v1.0.0-20261006
1994-09,75.0,75.00,degF,climdiv-tmpccy-v1.0.0-20261006
1994-10,68.1,68.10,degF,climdiv-tmpccy-v1.0.0-20261006
1994-11,59.0,59.00,degF,climdiv-tmpccy-v1.0.0-20261006
1994-12,51.1,51.10,degF,climdiv-tmpccy-v1.0.0-20261006
1995-01,49.8,49.80,degF,climdiv-tmpccy-v1.0.0-20261006
1995-02,53.7,53.70,degF,climdiv-tmpccy-v1.0.0-20261006
1995-03,57.0,57.00,degF,climdiv-tmpccy-v1.0.0-20261006
1995-04,65.8,65.80,degF,climdiv-tmpccy-v1.0.0-20261006
1995-05,73.3,73.30,degF,climdiv-tmpccy-v1.0.0-20261006
1995-06,77.2,77.20,degF,climdiv-tmpccy-v1.0.0-20261006
1995-07,83.4,83.40,degF,climdiv-tmpccy-v1.0.0-20261006
1995-08,83.3,83.30,degF,climdiv-tmpccy-v1.0.0-20261006
1995-09,77.6,77.60,degF,climdiv-tmpccy-v1.0.0-20261006
1995-10,67.0,67.00,degF,climdiv-tmpccy-v1.0.0-20261006
1995-11,56.4,56.40,degF,climdiv-tmpccy-v1.0.0-20261006
1995-12,50.8,50.80,degF,climdiv-tmpccy-v1.0.0-20261006
1996-01,46.8,46.80,degF,climdiv-tmpccy-v1.0.0-20261006
1996-02,54.4,54.40,degF,climdiv-tmpccy-v1.0.0-20261006
1996-03,54.8,54.80,degF,climdiv-tmpccy-v1.0.0-20261006
1996-04,66.5,66.50,degF,climdiv-tmpccy-v1.0.0-20261006
1996-05,80.1,80.10,degF,climdiv-tmpccy-v1.0.0-20261006
1996-06,82.1,82.10,degF,climdiv-tmpccy-v1.0.0-20261006
1996-07,85.7,85.70,degF,climdiv-tmpccy-v1.0.0-20261006
1996-08,82.0,82.00,degF,climdiv-tmpccy-v1.0.0-20261006
1996-09,75.9,75.90,degF,climdiv-tmpccy-v1.0.0-20261006
1996-10,67.1,67.10,degF,climdiv-tmpccy-v1.0.0-20261006
1996-11,57.8,57.80,degF,climdiv-tmpccy-v1.0.0-20261006
1996-12,51.9,51.90,degF,climdiv-tmpccy-v1.0.0-20261006
1997-01,46.8,46.80,degF,climdiv-tmpccy-v1.0.0-20261006
1997-02,50.2,50.20,degF,climdiv-tmpccy-v1.0.0-20261006
1997-03,59.9,59.90,degF,climdiv-tmpccy-v1.0.0-20261006
1997-04,60.8,60.80,degF,climdiv-tmpccy-v1.0.0-20261006
1997-05,71.3,71.30,degF,climdiv-tmpccy-v1.0.0-20261006
1997-06,78.5,78.50,degF,climdiv-tmpccy-v1.0.0-20261006
1997-07,83.7,83.70,degF,climdiv-tmpccy-v1.0.0-20261006
1997-08,83.1,83.10,degF,climdiv-tmpccy-v1.0.0-20261006
1997-09,79.8,79.80,degF,climdiv-tmpccy-v1.0.0-20261006
1997-10,67.8,67.80,degF,climdiv-tmpccy-v1.0.0-20261006
1997-11,53.6,53.60,degF,climdiv-tmpccy-v1.0.0-20261006
1997-12,46.9,46.90,degF,climdiv-tmpccy-v1.0.0-20261006
1998-01,52.7,52.70,degF,climdiv-tmpccy-v1.0.0-20261006
1998-02,52.5,52.50,degF,climdiv-tmpccy-v1.0.0-20261006
1998-03,56.2,56.20,degF,climdiv-tmpccy-v1.0.0-20261006
1998-04,64.3,64.30,degF,climdiv-tmpccy-v1.0.0-20261006
1998-05,78.5,78.50,degF,climdiv-tmpccy-v1.0.0-20261006
1998-06,84.2,84.20,degF,climdiv-tmpccy-v1.0.0-20261006
1998-07,86.1,86.10,degF,climdiv-tmpccy-v1.0.0-20261006
1998-08,82.8,82.80,degF,climdiv-tmpccy-v1.0.0-20261006
1998-09,79.6,79.60,degF,climdiv-tmpccy-v1.0.0-20261006
1998-10,69.6,69.60,degF,climdiv-tmpccy-v1.0.0-20261006
1998-11,59.9,59.90,degF,climdiv-tmpccy-v1.0.0-20261006
1998-12,49.3,49.30,degF,climdiv-tmpccy-v1.0.0-20261006
1999-01,51.8,51.80,degF,climdiv-tmpccy-v1.0.0-20261006
1999-02,57.5,57.50,degF,climdiv-tmpccy-v1.0.0-20261006
1999-03,59.2,59.20,degF,climdiv-tmpccy-v1.0.0-20261006
1999-04,68.2,68.20,degF,climdiv-tmpccy-v1.0.0-20261006
1999-05,73.8,73.80,degF,climdiv-tmpccy-v1.0.0-20261006
1999-06,80.5,80.50,degF,climdiv-tmpccy-v1.0.0-20261006
1999-07,82.2,82.20,degF,climdiv-tmpccy-v1.0.0-20261006
1999-08,85.6,85.60,degF,climdiv-tmpccy-v1.0.0-20261006
1999-09,78.7,78.70,degF,climdiv-tmpccy-v1.0.0-20261006
1999-10,67.4,67.40,degF,climdiv-tmpccy-v1.0.0-20261006
1999-11,60.1,60.10,degF,climdiv-tmpccy-v1.0.0-20261006
1999-12,50.1,50.10,degF,climdiv-tmpccy-v1.0.0-20261006
2000-01,51.9,51.90,degF,climdiv-tmpccy-v1.0.0-20261006
2000-02,57.5,57.50,degF,climdiv-tmpccy-v1.0.0-20261006
2000-03,63.0,63.00,degF,climdiv-tmpccy-v1.0.0-20261006
2000-04,67.3,67.30,degF,climdiv-tmpccy-v1.0.0-20261006
2000-05,77.0,77.00,degF,climdiv-tmpccy-v1.0.0-20261006
2000-06,79.8,79.80,degF,climdiv-tmpccy-v1.0.0-20261006
2000-07,85.5,85.50,degF,climdiv-tmpccy-v1.0.0-20261006
2000-08,85.0,85.00,degF,climdiv-tmpccy-v1.0.0-20261006
2000-09,78.4,78.40,degF,climdiv-tmpccy-v1.0.0-20261006
2000-10,68.1,68.10,degF,climdiv-tmpccy-v1.0.0-20261006
2000-11,53.0,53.00,degF,climdiv-tmpccy-v1.0.0-20261006
2000-12,43.1,43.10,degF,climdiv-tmpccy-v1.0.0-20261006
2001-01,45.3,45.30,degF,climdiv-tmpccy-v1.0.0-20261006
2001-02,53.5,53.50,degF,climdiv-tmpccy-v1.0.0-20261006
2001-03,53.2,53.20,degF,climdiv-tmpccy-v1.0.0-20261006
2001-04,67.3,67.30,degF,climdiv-tmpccy-v1.0.0-20261006
2001-05,74.4,74.40,degF,climdiv-tmpccy-v1.0.0-20261006
2001-06,80.6,80.60,degF,climdiv-tmpccy-v1.0.0-20261006
2001-07,84.9,84.90,degF,climdiv-tmpccy-v1.0.0-20261006
2001-08,83.8,83.80,degF,climdiv-tmpccy-v1.0.0-20261006
2001-09,74.7,74.70,degF,climdiv-tmpccy-v1.0.0-20261006
2001-10,64.9,64.90,degF,climdiv-tmpccy-v1.0.0-20261006
2001-11,61.3,61.30,degF,climdiv-tmpccy-v1.0.0-20261006
2001-12,50.5,50.50,degF,climdiv-tmpccy-v1.0.0-20261006
2002-01,49.7,49.70,degF,climdiv-tmpccy-v1.0.0-20261006
2002-02,48.4,48.40,degF,climdiv-tmpccy-v1.0.0-20261006
2002-03,56.9,56.90,degF,climdiv-tmpccy-v1.0.0-20261006
2002-04,71.4,71.40,degF,climdiv-tmpccy-v1.0.0-20261006
2002-05,76.0,76.00,degF,climdiv-tmpccy-v1.0.0-20261006
2002-06,80.7,80.70,degF,climdiv-tmpccy-v1.0.0-20261006
2002-07,80.1,80.10,degF,climdiv-tmpccy-v1.0.0-20261006
2002-08,82.8,82.80,degF,climdiv-tmpccy-v1.0.0-20261006
2002-09,75.9,75.90,degF,climdiv-tmpccy-v1.0.0-20261006
2002-10,66.6,66.60,degF,climdiv-tmpccy-v1.0.0-20261006
2002-11,54.3,54.30,degF,climdiv-tmpccy-v1.0.0-20261006
2002-12,49.8,49.80,degF,climdiv-tmpccy-v1.0.0-20261006
2003-01,47.4,47.40,degF,climdiv-tmpccy-v1.0.0-20261006
2003-02,49.4,49.40,degF,climdiv-tmpccy-v1.0.0-20261006
2003-03,57.7,57.70,degF,climdiv-tmpccy-v1.0.0-20261006
2003-04,67.9,67.90,degF,climdiv-tmpccy-v1.0.0-20261006
2003-05,78.0,78.00,degF,climdiv-tmpccy-v1.0.0-20261006
2003-06,79.4,79.40,degF,climdiv-tmpccy-v1.0.0-20261006
2003-07,81.7,81.70,degF,climdiv-tmpccy-v1.0.0-20261006
2003-08,82.9,82.90,degF,climdiv-tmpccy-v1.0.0-20261006
2003-09,74.4,74.40,degF,climdiv-tmpccy-v1.0.0-20261006
2003-10,67.7,67.70,degF,climdiv-tmpccy-v1.0.0-20261006
2003-11,58.9,58.90,degF,climdiv-tmpccy-v1.0.0-20261006
2003-12,50.2,50.20,degF,climdiv-tmpccy-v1.0.0-20261006
2004-01,51.7,51.70,degF,climdiv-tmpccy-v1.0.0-20261006
2004-02,48.4,48.40,degF,climdiv-tmpccy-v1.0.0-20261006
2004-03,63.3,63.30,degF,climdiv-tmpccy-v1.0.0-20261006
2004-04,65.6,65.60,degF,climdiv-tmpccy-v1.0.0-20261006
2004-05,74.0,74.00,degF,climdiv-tmpccy-v1.0.0-20261006
2004-06,79.0,79.00,degF,climdiv-tmpccy-v1.0.0-20261006
2004-07,81.0,81.00,degF,climdiv-tmpccy-v1.0.0-20261006
2004-08,80.2,80.20,degF,climdiv-tmpccy-v1.0.0-20261006
2004-09,75.8,75.80,degF,climdiv-tmpccy-v1.0.0-20261006
2004-10,73.2,73.20,degF,climdiv-tmpccy-v1.0.0-20261006
2004-11,58.2,58.20,degF,climdiv-tmpccy-v1.0.0-20261006
2004-12,48.8,48.80,degF,climdiv-tmpccy-v1.0.0-20261006
2005-01,53.3,53.30,degF,climdiv-tmpccy-v1.0.0-20261006
2005-02,53.5,53.50,degF,climdiv-tmpccy-v1.0.0-20261006
2005-03,58.1,58.10,degF,climdiv-tmpccy-v1.0.0-20261006
2005-04,65.4,65.40,degF,climdiv-tmpccy-v1.0.0-20261006
2005-05,72.2,72.20,degF,climdiv-tmpccy-v1.0.0-20261006
2005-06,81.0,81.00,degF,climdiv-tmpccy-v1.0.0-20261006
2005-07,83.3,83.30,degF,climdiv-tmpccy-v1.0.0-20261006
2005-08,82.4,82.40,degF,climdiv-tmpccy-v1.0.0-20261006
2005-09,81.5,81.50,degF,climdiv-tmpccy-v1.0.0-20261006
2005-10,68.2,68.20,degF,climdiv-tmpccy-v1.0.0-20261006
2005-11,61.4,61.40,degF,climdiv-tmpccy-v1.0.0-20261006
2005-12,48.9,48.90,degF,climdiv-tmpccy-v1.0.0-20261006
2006-01,54.9,54.90,degF,climdiv-tmpccy-v1.0.0-20261006
2006-02,52.0,52.00,degF,climdiv-tmpccy-v1.0.0-20261006
2006-03,63.3,63.30,degF,climdiv-tmpccy-v1.0.0-20261006
2006-04,72.9,72.90,degF,climdiv-tmpccy-v1.0.0-20261006
2006-05,76.3,76.30,degF,climdiv-tmpccy-v1.0.0-20261006
2006-06,80.6,80.60,degF,climdiv-tmpccy-v1.0.0-20261006
2006-07,84.0,84.00,degF,climdiv-tmpccy-v1.0.0-20261006
2006-08,86.0,86.00,degF,climdiv-tmpccy-v1.0.0-20261006
2006-09,76.6,76.60,degF,climdiv-tmpccy-v1.0.0-20261006
2006-10,68.9,68.90,degF,climdiv-tmpccy-v1.0.0-20261006
2006-11,60.0,60.00,degF,climdiv-tmpccy-v1.0.0-20261006
2006-12,50.6,50.60,degF,climdiv-tmpccy-v1.0.0-20261006
2007-01,44.5,44.50,degF,climdiv-tmpccy-v1.0.0-20261006
2007-02,50.4,50.40,degF,climdiv-tmpccy-v1.0.0-20261006
2007-03,62.9,62.90,degF,climdiv-tmpccy-v1.0.0-20261006
2007-04,62.7,62.70,degF,climdiv-tmpccy-v1.0.0-20261006
2007-05,72.6,72.60,degF,climdiv-tmpccy-v1.0.0-20261006
2007-06,78.7,78.70,degF,climdiv-tmpccy-v1.0.0-20261006
2007-07,79.1,79.10,degF,climdiv-tmpccy-v1.0.0-20261006
2007-08,82.1,82.10,degF,climdiv-tmpccy-v1.0.0-20261006
2007-09,77.4,77.40,degF,climdiv-tmpccy-v1.0.0-20261006
2007-10,69.4,69.40,degF,climdiv-tmpccy-v1.0.0-20261006
2007-11,59.1,59.10,degF,climdiv-tmpccy-v1.0.0-20261006
2007-12,50.2,50.20,degF,climdiv-tmpccy-v1.0.0-20261006
2008-01,46.9,46.90,degF,climdiv-tmpccy-v1.0.0-20261006
2008-02,55.0,55.00,degF,climdiv-tmpccy-v1.0.0-20261006
2008-03,59.9,59.90,degF,climdiv-tmpccy-v1.0.0-20261006
2008-04,66.9,66.90,degF,climdiv-tmpccy-v1.0.0-20261006
2008-05,76.5,76.50,degF,climdiv-tmpccy-v1.0.0-20261006
2008-06,84.7,84.70,degF,climdiv-tmpccy-v1.0.0-20261006
2008-07,83.6,83.60,degF,climdiv-tmpccy-v1.0.0-20261006
2008-08,82.9,82.90,degF,climdiv-tmpccy-v1.0.0-20261006
2008-09,75.6,75.60,degF,climdiv-tmpccy-v1.0.0-20261006
2008-10,67.0,67.00,degF,climdiv-tmpccy-v1.0.0-20261006
2008-11,58.7,58.70,degF,climdiv-tmpccy-v1.0.0-20261006
2008-12,50.0,50.00,degF,climdiv-tmpccy-v1.0.0-20261006
2009-01,49.5,49.50,degF,climdiv-tmpccy-v1.0.0-20261006
2009-02,57.4,57.40,degF,climdiv-tmpccy-v1.0.0-20261006
2009-03,61.6,61.60,degF,climdiv-tmpccy-v1.0.0-20261006
2009-04,65.2,65.20,degF,climdiv-tmpccy-v1.0.0-20261006
2009-05,74.9,74.90,degF,climdiv-tmpccy-v1.0.0-20261006
2009-06,83.5,83.50,degF,climdiv-tmpccy-v1.0.0-20261006
2009-07,86.5,86.50,degF,climdiv-tmpccy-v1.0.0-20261006
2009-08,85.4,85.40,degF,climdiv-tmpccy-v1.0.0-20261006
2009-09,74.8,74.80,degF,climdiv-tmpccy-v1.0.0-20261006
2009-10,65.5,65.50,degF,climdiv-tmpccy-v1.0.0-20261006
2009-11,58.2,58.20,degF,climdiv-tmpccy-v1.0.0-20261006
2009-12,44.2,44.20,degF,climdiv-tmpccy-v1.0.0-20261006
2010-01,45.8,45.80,degF,climdiv-tmpccy-v1.0.0-20261006
2010-02,45.0,45.00,degF,climdiv-tmpccy-v1.0.0-20261006
2010-03,55.8,55.80,degF,climdiv-tmpccy-v1.0.0-20261006
2010-04,65.4,65.40,degF,climdiv-tmpccy-v1.0.0-20261006
2010-05,75.3,75.30,degF,climdiv-tmpccy-v1.0.0-20261006
2010-06,83.1,83.10,degF,climdiv-tmpccy-v1.0.0-20261006
2010-07,82.6,82.60,degF,climdiv-tmpccy-v1.0.0-20261006
2010-08,86.0,86.00,degF,climdiv-tmpccy-v1.0.0-20261006
2010-09,78.3,78.30,degF,climdiv-tmpccy-v1.0.0-20261006
2010-10,67.0,67.00,degF,climdiv-tmpccy-v1.0.0-20261006
2010-11,58.7,58.70,degF,climdiv-tmpccy-v1.0.0-20261006
2010-12,50.0,50.00,degF,climdiv-tmpccy-v1.0.0-20261006
2011-01,46.2,46.20,degF,climdiv-tmpccy-v1.0.0-20261006
2011-02,51.2,51.20,degF,climdiv-tmpccy-v1.0.0-20261006
2011-03,63.6,63.60,degF,climdiv-tmpccy-v1.0.0-20261006
2011-04,72.4,72.40,degF,climdiv-tmpccy-v1.0.0-20261006
2011-05,75.9,75.90,degF,climdiv-tmpccy-v1.0.0-20261006
2011-06,85.3,85.30,degF,climdiv-tmpccy-v1.0.0-20261006
2011-07,87.8,87.80,degF,climdiv-tmpccy-v1.0.0-20261006
2011-08,89.3,89.30,degF,climdiv-tmpccy-v1.0.0-20261006
2011-09,80.1,80.10,degF,climdiv-tmpccy-v1.0.0-20261006
2011-10,67.7,67.70,degF,climdiv-tmpccy-v1.0.0-20261006
2011-11,58.9,58.90,degF,climdiv-tmpccy-v1.0.0-20261006
2011-12,48.4,48.40,degF,climdiv-tmpccy-v1.0.0-20261006
2012-01,51.9,51.90,degF,climdiv-tmpccy-v1.0.0-20261006
2012-02,54.1,54.10,degF,climdiv-tmpccy-v1.0.0-20261006
2012-03,63.5,63.50,degF,climdiv-tmpccy-v1.0.0-20261006
2012-04,71.4,71.40,degF,climdiv-tmpccy-v1.0.0-20261006
2012-05,76.2,76.20,degF,climdiv-tmpccy-v1.0.0-20261006
2012-06,82.7,82.70,degF,climdiv-tmpccy-v1.0.0-20261006
2012-07,84.0,84.00,degF,climdiv-tmpccy-v1.0.0-20261006
2012-08,85.7,85.70,degF,climdiv-tmpccy-v1.0.0-20261006
2012-09,77.2,77.20,degF,climdiv-tmpccy-v1.0.0-20261006
2012-10,66.9,66.90,degF,climdiv-tmpccy-v1.0.0-20261006
2012-11,60.1,60.10,degF,climdiv-tmpccy-v1.0.0-20261006
2012-12,53.4,53.40,degF,climdiv-tmpccy-v1.0.0-20261006
2013-01,50.1,50.10,degF,climdiv-tmpccy-v1.0.0-20261006
2013-02,54.2,54.20,degF,climdiv-tmpccy-v1.0.0-20261006
2013-03,59.5,59.50,degF,climdiv-tmpccy-v1.0.0-20261006
2013-04,64.3,64.30,degF,climdiv-tmpccy-v1.0.0-20261006
2013-05,72.8,72.80,degF,climdiv-tmpccy-v1.0.0-20261006
2013-06,83.1,83.10,degF,climdiv-tmpccy-v1.0.0-20261006
2013-07,82.7,82.70,degF,climdiv-tmpccy-v1.0.0-20261006
2013-08,84.6,84.60,degF,climdiv-tmpccy-v1.0.0-20261006
2013-09,79.3,79.30,degF,climdiv-tmpccy-v1.0.0-20261006
2013-10,68.4,68.40,degF,climdiv-tmpccy-v1.0.0-20261006
2013-11,53.3,53.30,degF,climdiv-tmpccy-v1.0.0-20261006
2013-12,45.9,45.90,degF,climdiv-tmpccy-v1.0.0-20261006
2014-01,46.1,46.10,degF,climdiv-tmpccy-v1.0.0-20261006
2014-02,50.2,50.20,degF,climdiv-tmpccy-v1.0.0-20261006
2014-03,56.4,56.40,degF,climdiv-tmpccy-v1.0.0-20261006
2014-04,67.0,67.00,degF,climdiv-tmpccy-v1.0.0-20261006
2014-05,73.2,73.20,degF,climdiv-tmpccy-v1.0.0-20261006
2014-06,80.6,80.60,degF,climdiv-tmpccy-v1.0.0-20261006
2014-07,83.3,83.30,degF,climdiv-tmpccy-v1.0.0-20261006
2014-08,84.2,84.20,degF,climdiv-tmpccy-v1.0.0-20261006
2014-09,78.4,78.40,degF,climdiv-tmpccy-v1.0.0-20261006
2014-10,71.9,71.90,degF,climdiv-tmpccy-v1.0.0-20261006
2014-11,52.9,52.90,degF,climdiv-tmpccy-v1.0.0-20261006
2014-12,52.6,52.60,degF,climdiv-tmpccy-v1.0.0-20261006
2015-01,46.0,46.00,degF,climdiv-tmpccy-v1.0.0-20261006
2015-02,48.8,48.80,degF,climdiv-tmpccy-v1.0.0-20261006
2015-03,57.8,57.80,degF,climdiv-tmpccy-v1.0.0-20261006
2015-04,68.8,68.80,degF,climdiv-tmpccy-v1.0.0-20261006
2015-05,73.2,73.20,degF,climdiv-tmpccy-v1.0.0-20261006
2015-06,80.1,80.10,degF,climdiv-tmpccy-v1.0.0-20261006
2015-07,84.5,84.50,degF,climdiv-tmpccy-v1.0.0-20261006
2015-08,85.5,85.50,degF,climdiv-tmpccy-v1.0.0-20261006
2015-09,80.6,80.60,degF,climdiv-tmpccy-v1.0.0-20261006
2015-10,71.3,71.30,degF,climdiv-tmpccy-v1.0.0-20261006
2015-11,59.2,59.20,degF,climdiv-tmpccy-v1.0.0-20261006
2015-12,52.7,52.70,degF,climdiv-tmpccy-v1.0.0-20261006
2016-01,48.6,48.60,degF,climdiv-tmpccy-v1.0.0-20261006
2016-02,55.8,55.80,degF,climdiv-tmpccy-v1.0.0-20261006
2016-03,62.7,62.70,degF,climdiv-tmpccy-v1.0.0-20261006
2016-04,67.2,67.20,degF,climdiv-tmpccy-v1.0.0-20261006
2016-05,72.4,72.40,degF,climdiv-tmpccy-v1.0.0-20261006
2016-06,80.5,80.50,degF,climdiv-tmpccy-v1.0.0-20261006
2016-07,86.3,86.30,degF,climdiv-tmpccy-v1.0.0-20261006
2016-08,83.1,83.10,degF,climdiv-tmpccy-v1.0.0-20261006
2016-09,78.7,78.70,degF,climdiv-tmpccy-v1.0.0-20261006
2016-10,71.1,71.10,degF,climdiv-tmpccy-v1.0.0-20261006
2016-11,62.9,62.90,degF,climdiv-tmpccy-v1.0.0-20261006
2016-12,52.1,52.10,degF,climdiv-tmpccy-v1.0.0-20261006
2017-01,53.3,53.30,degF,climdiv-tmpccy-v1.0.0-20261006
2017-02,60.4,60.40,degF,climdiv-tmpccy-v1.0.0-20261006
2017-03,65.3,65.30,degF,climdiv-tmpccy-v1.0.0-20261006
2017-04,68.4,68.40,degF,climdiv-tmpccy-v1.0.0-20261006
2017-05,73.1,73.10,degF,climdiv-tmpccy-v1.0.0-20261006
2017-06,81.1,81.10,degF,climdiv-tmpccy-v1.0.0-20261006
2017-07,85.4,85.40,degF,climdiv-tmpccy-v1.0.0-20261006
2017-08,82.4,82.40,degF,climdiv-tmpccy-v1.0.0-20261006
2017-09,77.0,77.00,degF,climdiv-tmpccy-v1.0.0-20261006
2017-10,67.3,67.30,degF,climdiv-tmpccy-v1.0.0-20261006
2017-11,62.2,62.20,degF,climdiv-tmpccy-v1.0.0-20261006
2017-12,49.8,49.80,degF,climdiv-tmpccy-v1.0.0-20261006
2018-01,45.4,45.40,degF,climdiv-tmpccy-v1.0.0-20261006
2018-02,53.7,53.70,degF,climdiv-tmpccy-v1.0.0-20261006
2018-03,63.9,63.90,degF,climdiv-tmpccy-v1.0.0-20261006
2018-04,64.3,64.30,degF,climdiv-tmpccy-v1.0.0-20261006
2018-05,78.3,78.30,degF,climdiv-tmpccy-v1.0.0-20261006
2018-06,84.8,84.80,degF,climdiv-tmpccy-v1.0.0-20261006
2018-07,86.8,86.80,degF,climdiv-tmpccy-v1.0.0-20261006
2018-08,85.1,85.10,degF,climdiv-tmpccy-v1.0.0-20261006
2018-09,76.8,76.80,degF,climdiv-tmpccy-v1.0.0-20261006
2018-10,67.0,67.00,degF,climdiv-tmpccy-v1.0.0-20261006
2018-11,53.9,53.90,degF,climdiv-tmpccy-v1.0.0-20261006
2018-12,49.4,49.40,degF,climdiv-tmpccy-v1.0.0-20261006
2019-01,49.0,49.00,degF,climdiv-tmpccy-v1.0.0-20261006
2019-02,54.0,54.00,degF,climdiv-tmpccy-v1.0.0-20261006
2019-03,57.1,57.10,degF,climdiv-tmpccy-v1.0.0-20261006
2019-04,67.1,67.10,degF,climdiv-tmpccy-v1.0.0-20261006
2019-05,73.8,73.80,degF,climdiv-tmpccy-v1.0.0-20261006
2019-06,80.6,80.60,degF,climdiv-tmpccy-v1.0.0-20261006
2019-07,83.2,83.20,degF,climdiv-tmpccy-v1.0.0-20261006
2019-08,87.2,87.20,degF,climdiv-tmpccy-v1.0.0-20261006
2019-09,83.3,83.30,degF,climdiv-tmpccy-v1.0.0-20261006
2019-10,67.3,67.30,degF,climdiv-tmpccy-v1.0.0-20261006
2019-11,54.4,54.40,degF,climdiv-tmpccy-v1.0.0-20261006
2019-12,51.5,51.50,degF,climdiv-tmpccy-v1.0.0-20261006
2020-01,53.2,53.20,degF,climdiv-tmpccy-v1.0.0-20261006
2020-02,50.4,50.40,degF,climdiv-tmpccy-v1.0.0-20261006
2020-03,65.6,65.60,degF,climdiv-tmpccy-v1.0.0-20261006
2020-04,65.6,65.60,degF,climdiv-tmpccy-v1.0.0-20261006
2020-05,74.9,74.90,degF,climdiv-tmpccy-v1.0.0-20261006
2020-06,80.1,80.10,degF,climdiv-tmpccy-v1.0.0-20261006
2020-07,86.4,86.40,degF,climdiv-tmpccy-v1.0.0-20261006
2020-08,85.8,85.80,degF,climdiv-tmpccy-v1.0.0-20261006
2020-09,74.5,74.50,degF,climdiv-tmpccy-v1.0.0-20261006
2020-10,67.7,67.70,degF,climdiv-tmpccy-v1.0.0-20261006
2020-11,62.2,62.20,degF,climdiv-tmpccy-v1.0.0-20261006
2020-12,50.0,50.00,degF,climdiv-tmpccy-v1.0.0-20261006
2021-01,49.9,49.90,degF,climdiv-tmpccy-v1.0.0-20261006
2021-02,44.6,44.60,degF,climdiv-tmpccy-v1.0.0-20261006
2021-03,60.8,60.80,degF,climdiv-tmpccy-v1.0.0-20261006
2021-04,65.0,65.00,degF,climdiv-tmpccy-v1.0.0-20261006
2021-05,71.6,71.60,degF,climdiv-tmpccy-v1.0.0-20261006
2021-06,80.2,80.20,degF,climdiv-tmpccy-v1.0.0-20261006
2021-07,81.2,81.20,degF,climdiv-tmpccy-v1.0.0-20261006
2021-08,82.7,82.70,degF,climdiv-tmpccy-v1.0.0-20261006
2021-09,78.9,78.90,degF,climdiv-tmpccy-v1.0.0-20261006
2021-10,70.9,70.90,degF,climdiv-tmpccy-v1.0.0-20261006
2021-11,57.9,57.90,degF,climdiv-tmpccy-v1.0.0-20261006
2021-12,60.8,60.80,degF,climdiv-tmpccy-v1.0.0-20261006
2022-01,47.3,47.30,degF,climdiv-tmpccy-v1.0.0-20261006
2022-02,46.9,46.90,degF,climdiv-tmpccy-v1.0.0-20261006
2022-03,58.4,58.40,degF,climdiv-tmpccy-v1.0.0-20261006
2022-04,71.0,71.00,degF,climdiv-tmpccy-v1.0.0-20261006
2022-05,81.2,81.20,degF,climdiv-tmpccy-v1.0.0-20261006
2022-06,85.4,85.40,degF,climdiv-tmpccy-v1.0.0-20261006
2022-07,88.4,88.40,degF,climdiv-tmpccy-v1.0.0-20261006
2022-08,85.6,85.60,degF,climdiv-tmpccy-v1.0.0-20261006
2022-09,79.3,79.30,degF,climdiv-tmpccy-v1.0.0-20261006
2022-10,68.5,68.50,degF,climdiv-tmpccy-v1.0.0-20261006
2022-11,56.2,56.20,degF,climdiv-tmpccy-v1.0.0-20261006
2022-12,52.2,52.20,degF,climdiv-tmpccy-v1.0.0-20261006
2023-01,53.7,53.70,degF,climdiv-tmpccy-v1.0.0-20261006
2023-02,52.4,52.40,degF,climdiv-tmpccy-v1.0.0-20261006
2023-03,63.0,63.00,degF,climdiv-tmpccy-v1.0.0-20261006
2023-04,66.0,66.00,degF,climdiv-tmpccy-v1.0.0-20261006
2023-05,74.8,74.80,degF,climdiv-tmpccy-v1.0.0-20261006
2023-06,85.1,85.10,degF,climdiv-tmpccy-v1.0.0-20261006
2023-07,88.8,88.80,degF,climdiv-tmpccy-v1.0.0-20261006
2023-08,89.8,89.80,degF,climdiv-tmpccy-v1.0.0-20261006
2023-09,83.8,83.80,degF,climdiv-tmpccy-v1.0.0-20261006
2023-10,70.2,70.20,degF,climdiv-tmpccy-v1.0.0-20261006
2023-11,57.9,57.90,degF,climdiv-tmpccy-v1.0.0-20261006
2023-12,53.8,53.80,degF,climdiv-tmpccy-v1.0.0-20261006
2024-01,45.3,45.30,degF,climdiv-tmpccy-v1.0.0-20261006
2024-02,57.7,57.70,degF,climdiv-tmpccy-v1.0.0-20261006
2024-03,61.8,61.80,degF,climdiv-tmpccy-v1.0.0-20261006
2024-04,69.1,69.10,degF,climdiv-tmpccy-v1.0.0-20261006
2024-05,77.8,77.80,degF,climdiv-tmpccy-v1.0.0-20261006
2024-06,83.7,83.70,degF,climdiv-tmpccy-v1.0.0-20261006
2024-07,83.6,83.60,degF,climdiv-tmpccy-v1.0.0-20261006
2024-08,86.6,86.60,degF,climdiv-tmpccy-v1.0.0-20261006
2024-09,78.5,78.50,degF,climdiv-tmpccy-v1.0.0-20261006
2024-10,74.1,74.10,degF,climdiv-tmpccy-v1.0.0-20261006
2024-11,63.1,63.10,degF,climdiv-tmpccy-v1.0.0-20261006
2024-12,56.7,56.70,degF,climdiv-tmpccy-v1.0.0-20261006
2025-01,44.6,44.60,degF,climdiv-tmpccy-v1.0.0-20261006
2025-02,53.7,53.70,degF,climdiv-tmpccy-v1.0.0-20261006
2025-03,65.4,65.40,degF,climdiv-tmpccy-v1.0.0-20261006
2025-04,70.7,70.70,degF,climdiv-tmpccy-v1.0.0-20261006
2025-05,76.8,76.80,degF,climdiv-tmpccy-v1.0.0-20261006
2025-06,82.2,82.20,degF,climdiv-tmpccy-v1.0.0-20261006
2025-07,81.6,81.60,degF,climdiv-tmpccy-v1.0.0-20261006
2025-08,83.8,83.80,degF,climdiv-tmpccy-v1.0.0-20261006
2025-09,77.8,77.80,degF,climdiv-tmpccy-v1.0.0-20261006
2025-10,72.9,72.90,degF,climdiv-tmpccy-v1.0.0-20261006
2025-11,63.4,63.40,degF,climdiv-tmpccy-v1.0.0-20261006
2025-12,55.4,55.40,degF,climdiv-tmpccy-v1.0.0-20261006
2026-01,48.9,48.90,degF,climdiv-tmpccy-v1.0.0-20261006
2026-02,59.2,59.20,degF,climdiv-tmpccy-v1.0.0-20261006
2026-03,68.1,68.10,degF,climdiv-tmpccy-v1.0.0-20261006
2026-04,70.6,70.60,degF,climdiv-tmpccy-v1.0.0-20261006
2026-05,73.3,73.30,degF,climdiv-tmpccy-v1.0.0-20261006
2026-06,82.4,82.40,degF,climdiv-tmpccy-v1.0.0-20261006
2026-07,83.9,83.90,degF,climdiv-tmpccy-v1.0.0-20261006
2026-08,86.6,86.60,degF,climdiv-tmpccy-v1.0.0-20261006
2026-09,84.8,84.80,degF,climdiv-tmpccy-v1.0.0-20261006
