month,value,raw_value,unit,ncdc_id,source_file
1895-01,0.13,0.13,index,41413,climdiv-pmdicy-v1.0.0-20261006
1895-02,0.68,0.68,index,41413,climdiv-pmdicy-v1.0.0-20261006
1895-03,0.31,0.31,index,41413,climdiv-pmdicy-v1.0.0-20261006
1895-04,0.29,0.29,index,41413,climdiv-pmdicy-v1.0.0-20261006
1895-05,1.24,1.24,index,41413,climdiv-pmdicy-v1.0.0-20261006
1895-06,2.07,2.07,index,41413,climdiv-pmdicy-v1.0.0-20261006
1895-07,2.56,2.56,index,41413,climdiv-pmdicy-v1.0.0-20261006
1895-08,2.68,2.68,index,41413,climdiv-pmdicy-v1.0.0-20261006
1895-09,0.65,0.65,index,41413,climdiv-pmdicy-v1.0.0-20261006
1895-10,0.9,0.90,index,41413,climdiv-pmdicy-v1.0.0-20261006
1895-11,2.22,2.22,index,41413,climdiv-pmdicy-v1.0.0-20261006
1895-12,2.1,2.10,index,41413,climdiv-pmdicy-v1.0.0-20261006
1896-01,2.37,2.37,index,41413,climdiv-pmdicy-v1.0.0-20261006
1896-02,2.39,2.39,index,41413,climdiv-pmdicy-v1.0.0-20261006
1896-03,1.38,1.38,index,41413,climdiv-pmdicy-v1.0.0-20261006
1896-04,1.12,1.12,index,41413,climdiv-pmdicy-v1.0.0-20261006
1896-05,-1.44,-1.44,index,41413,climdiv-pmdicy-v1.0.0-20261006
1896-06,-2.48,-2.48,index,41413,climdiv-pmdicy-v1.0.0-20261006
1896-07,-2.56,-2.56,index,41413,climdiv-pmdicy-v1.0.0-20261006
1896-08,-2.57,-2.57,index,41413,climdiv-pmdicy-v1.0.0-20261006
1896-09,0.07,0.07,index,41413,climdiv-pmdicy-v1.0.0-20261006
1896-10,1.08,1.08,index,41413,climdiv-pmdicy-v1.0.0-20261006
1896-11,0.59,0.59,index,41413,climdiv-pmdicy-v1.0.0-20261006
1896-12,0.81,0.81,index,41413,climdiv-pmdicy-v1.0.0-20261006
1897-01,0.89,0.89,index,41413,climdiv-pmdicy-v1.0.0-20261006
1897-02,0.01,0.01,index,41413,climdiv-pmdicy-v1.0.0-20261006
1897-03,0.54,0.54,index,41413,climdiv-pmdicy-v1.0.0-20261006
1897-04,0.11,0.11,index,41413,climdiv-pmdicy-v1.0.0-20261006
1897-05,0.55,0.55,index,41413,climdiv-pmdicy-v1.0.0-20261006
1897-06,-0.45,-0.45,index,41413,climdiv-pmdicy-v1.0.0-20261006
1897-07,-0.93,-0.93,index,41413,climdiv-pmdicy-v1.0.0-20261006
1897-08,0.71,0.71,index,41413,climdiv-pmdicy-v1.0.0-20261006
1897-09,-0.61,-0.61,index,41413,climdiv-pmdicy-v1.0.0-20261006
1897-10,-1.21,-1.21,index,41413,climdiv-pmdicy-v1.0.0-20261006
1897-11,-1.66,-1.66,index,41413,climdiv-pmdicy-v1.0.0-20261006
1897-12,-1.77,-1.77,index,41413,climdiv-pmdicy-v1.0.0-20261006
1898-01,-1.94,-1.94,index,41413,climdiv-pmdicy-v1.0.0-20261006
1898-02,-2.24,-2.24,index,41413,climdiv-pmdicy-v1.0.0-20261006
1898-03,-2.36,-2.36,index,41413,climdiv-pmdicy-v1.0.0-20261006
1898-04,-1.7,-1.70,index,41413,climdiv-pmdicy-v1.0.0-20261006
1898-05,-2.53,-2.53,index,41413,climdiv-pmdicy-v1.0.0-20261006
1898-06,1.1,1.10,index,41413,climdiv-pmdicy-v1.0.0-20261006
1898-07,2.22,2.22,index,41413,climdiv-pmdicy-v1.0.0-20261006
1898-08,2.59,2.59,index,41413,climdiv-pmdicy-v1.0.0-20261006
1898-09,1.27,1.27,index,41413,climdiv-pmdicy-v1.0.0-20261006
1898-10,-0.05,-0.05,index,41413,climdiv-pmdicy-v1.0.0-20261006
1898-11,-0.43,-0.43,index,41413,climdiv-pmdicy-v1.0.0-20261006
1898-12,0.28,0.28,index,41413,climdiv-pmdicy-v1.0.0-20261006
1899-01,-0.6,-0.60,index,41413,climdiv-pmdicy-v1.0.0-20261006
1899-02,-0.98,-0.98,index,41413,climdiv-pmdicy-v1.0.0-20261006
1899-03,-1.31,-1.31,index,41413,climdiv-pmdicy-v1.0.0-20261006
1899-04,-0.69,-0.69,index,41413,climdiv-pmdicy-v1.0.0-20261006
1899-05,-1.8,-1.80,index,41413,climdiv-pmdicy-v1.0.0-20261006
1899-06,1.32,1.32,index,41413,climdiv-pmdicy-v1.0.0-20261006
1899-07,1.05,1.05,index,41413,climdiv-pmdicy-v1.0.0-20261006
1899-08,-1.04,-1.04,index,41413,climdiv-pmdicy-v1.0.0-20261006
1899-09,-1.48,-1.48,index,41413,climdiv-pmdicy-v1.0.0-20261006
1899-10,-0.72,-0.72,index,41413,climdiv-pmdicy-v1.0.0-20261006
1899-11,0.05,0.05,index,41413,climdiv-pmdicy-v1.0.0-20261006
1899-12,0.97,0.97,index,41413,climdiv-pmdicy-v1.0.0-20261006
1900-01,0.82,0.82,index,41413,climdiv-pmdicy-v1.0.0-20261006
1900-02,0.49,0.49,index,41413,climdiv-pmdicy-v1.0.0-20261006
1900-03,1.1,1.10,index,41413,climdiv-pmdicy-v1.0.0-20261006
1900-04,3.12,3.12,index,41413,climdiv-pmdicy-v1.0.0-20261006
1900-05,3.7,3.70,index,41413,climdiv-pmdicy-v1.0.0-20261006
1900-06,3.44,3.44,index,41413,climdiv-pmdicy-v1.0.0-20261006
1900-07,3.74,3.74,index,41413,climdiv-pmdicy-v1.0.0-20261006
1900-08,3.02,3.02,index,41413,climdiv-pmdicy-v1.0.0-20261006
1900-09,4.37,4.37,index,41413,climdiv-pmdicy-v1.0.0-20261006
1900-10,4.22,4.22,index,41413,climdiv-pmdicy-v1.0.0-20261006
1900-11,4.09,4.09,index,41413,climdiv-pmdicy-v1.0.0-20261006
1900-12,3.56,3.56,index,41413,climdiv-pmdicy-v1.0.0-20261006
1901-01,2.46,2.46,index,41413,climdiv-pmdicy-v1.0.0-20261006
1901-02,2.21,2.21,index,41413,climdiv-pmdicy-v1.0.0-20261006
1901-03,1.39,1.39,index,41413,climdiv-pmdicy-v1.0.0-20261006
1901-04,0.35,0.35,index,41413,climdiv-pmdicy-v1.0.0-20261006
1901-05,0.27,0.27,index,41413,climdiv-pmdicy-v1.0.0-20261006
1901-06,-1.29,-1.29,index,41413,climdiv-pmdicy-v1.0.0-20261006
1901-07,0.06,0.06,index,41413,climdiv-pmdicy-v1.0.0-20261006
1901-08,-0.42,-0.42,index,41413,climdiv-pmdicy-v1.0.0-20261006
1901-09,-0.5,-0.50,index,41413,climdiv-pmdicy-v1.0.0-20261006
1901-10,-1.38,-1.38,index,41413,climdiv-pmdicy-v1.0.0-20261006
1901-11,-0.65,-0.65,index,41413,climdiv-pmdicy-v1.0.0-20261006
1901-12,-1.32,-1.32,index,41413,climdiv-pmdicy-v1.0.0-20261006
1902-01,-1.26,-1.26,index,41413,climdiv-pmdicy-v1.0.0-20261006
1902-02,-1.44,-1.44,index,41413,climdiv-pmdicy-v1.0.0-20261006
1902-03,-1.44,-1.44,index,41413,climdiv-pmdicy-v1.0.0-20261006
1902-04,-1.75,-1.75,index,41413,climdiv-pmdicy-v1.0.0-20261006
1902-05,-0.27,-0.27,index,41413,climdiv-pmdicy-v1.0.0-20261006
1902-06,-1.88,-1.88,index,41413,climdiv-pmdicy-v1.0.0-20261006
1902-07,-0.34,-0.34,index,41413,climdiv-pmdicy-v1.0.0-20261006
1902-08,-2.0,-2.00,index,41413,climdiv-pmdicy-v1.0.0-20261006
1902-09,-1.15,-1.15,index,41413,climdiv-pmdicy-v1.0.0-20261006
1902-10,-1.76,-1.76,index,41413,climdiv-pmdicy-v1.0.0-20261006
1902-11,0.86,0.86,index,41413,climdiv-pmdicy-v1.0.0-20261006
1902-12,0.69,0.69,index,41413,climdiv-pmdicy-v1.0.0-20261006
1903-01,1.48,1.48,index,41413,climdiv-pmdicy-v1.0.0-20261006
1903-02,2.48,2.48,index,41413,climdiv-pmdicy-v1.0.0-20261006
1903-03,2.15,2.15,index,41413,climdiv-pmdicy-v1.0.0-20261006
1903-04,1.36,1.36,index,41413,climdiv-pmdicy-v1.0.0-20261006
1903-05,2.49,2.49,index,41413,climdiv-pmdicy-v1.0.0-20261006
1903-06,3.73,3.73,index,41413,climdiv-pmdicy-v1.0.0-20261006
1903-07,4.6,4.60,index,41413,climdiv-pmdicy-v1.0.0-20261006
1903-08,4.29,4.29,index,41413,climdiv-pmdicy-v1.0.0-20261006
1903-09,4.2,4.20,index,41413,climdiv-pmdicy-v1.0.0-20261006
1903-10,3.21,3.21,index,41413,climdiv-pmdicy-v1.0.0-20261006
1903-11,1.65,1.65,index,41413,climdiv-pmdicy-v1.0.0-20261006
1903-12,0.49,0.49,index,41413,climdiv-pmdicy-v1.0.0-20261006
1904-01,-0.62,-0.62,index,41413,climdiv-pmdicy-v1.0.0-20261006
1904-02,-1.32,-1.32,index,41413,climdiv-pmdicy-v1.0.0-20261006
1904-03,-2.3,-2.30,index,41413,climdiv-pmdicy-v1.0.0-20261006
1904-04,-2.57,-2.57,index,41413,climdiv-pmdicy-v1.0.0-20261006
1904-05,-2.38,-2.38,index,41413,climdiv-pmdicy-v1.0.0-20261006
1904-06,-1.45,-1.45,index,41413,climdiv-pmdicy-v1.0.0-20261006
1904-07,-1.34,-1.34,index,41413,climdiv-pmdicy-v1.0.0-20261006
1904-08,-0.69,-0.69,index,41413,climdiv-pmdicy-v1.0.0-20261006
1904-09,0.62,0.62,index,41413,climdiv-pmdicy-v1.0.0-20261006
1904-10,0.93,0.93,index,41413,climdiv-pmdicy-v1.0.0-20261006
1904-11,0.89,0.89,index,41413,climdiv-pmdicy-v1.0.0-20261006
1904-12,0.54,0.54,index,41413,climdiv-pmdicy-v1.0.0-20261006
1905-01,-0.63,-0.63,index,41413,climdiv-pmdicy-v1.0.0-20261006
1905-02,-0.34,-0.34,index,41413,climdiv-pmdicy-v1.0.0-20261006
1905-03,1.26,1.26,index,41413,climdiv-pmdicy-v1.0.0-20261006
1905-04,2.37,2.37,index,41413,climdiv-pmdicy-v1.0.0-20261006
1905-05,2.55,2.55,index,41413,climdiv-pmdicy-v1.0.0-20261006
1905-06,2.59,2.59,index,41413,climdiv-pmdicy-v1.0.0-20261006
1905-07,2.11,2.11,index,41413,climdiv-pmdicy-v1.0.0-20261006
1905-08,0.33,0.33,index,41413,climdiv-pmdicy-v1.0.0-20261006
1905-09,-0.51,-0.51,index,41413,climdiv-pmdicy-v1.0.0-20261006
1905-10,-0.76,-0.76,index,41413,climdiv-pmdicy-v1.0.0-20261006
1905-11,-0.83,-0.83,index,41413,climdiv-pmdicy-v1.0.0-20261006
1905-12,0.0,0.00,index,41413,climdiv-pmdicy-v1.0.0-20261006
1906-01,-0.72,-0.72,index,41413,climdiv-pmdicy-v1.0.0-20261006
1906-02,-0.83,-0.83,index,41413,climdiv-pmdicy-v1.0.0-20261006
1906-03,-0.78,-0.78,index,41413,climdiv-pmdicy-v1.0.0-20261006
1906-04,-0.63,-0.63,index,41413,climdiv-pmdicy-v1.0.0-20261006
1906-05,0.45,0.45,index,41413,climdiv-pmdicy-v1.0.0-20261006
1906-06,0.52,0.52,index,41413,climdiv-pmdicy-v1.0.0-20261006
1906-07,1.67,1.67,index,41413,climdiv-pmdicy-v1.0.0-20261006
1906-08,2.94,2.94,index,41413,climdiv-pmdicy-v1.0.0-20261006
1906-09,3.63,3.63,index,41413,climdiv-pmdicy-v1.0.0-20261006
1906-10,2.73,2.73,index,41413,climdiv-pmdicy-v1.0.0-20261006
1906-11,2.34,2.34,index,41413,climdiv-pmdicy-v1.0.0-20261006
1906-12,1.48,1.48,index,41413,climdiv-pmdicy-v1.0.0-20261006
1907-01,0.07,0.07,index,41413,climdiv-pmdicy-v1.0.0-20261006
1907-02,-0.67,-0.67,index,41413,climdiv-pmdicy-v1.0.0-20261006
1907-03,-1.57,-1.57,index,41413,climdiv-pmdicy-v1.0.0-20261006
1907-04,-1.99,-1.99,index,41413,climdiv-pmdicy-v1.0.0-20261006
1907-05,-1.35,-1.35,index,41413,climdiv-pmdicy-v1.0.0-20261006
1907-06,-2.06,-2.06,index,41413,climdiv-pmdicy-v1.0.0-20261006
1907-07,0.77,0.77,index,41413,climdiv-pmdicy-v1.0.0-20261006
1907-08,-1.17,-1.17,index,41413,climdiv-pmdicy-v1.0.0-20261006
1907-09,-1.98,-1.98,index,41413,climdiv-pmdicy-v1.0.0-20261006
1907-10,1.32,1.32,index,41413,climdiv-pmdicy-v1.0.0-20261006
1907-11,2.73,2.73,index,41413,climdiv-pmdicy-v1.0.0-20261006
1907-12,1.74,1.74,index,41413,climdiv-pmdicy-v1.0.0-20261006
1908-01,1.01,1.01,index,41413,climdiv-pmdicy-v1.0.0-20261006
1908-02,0.49,0.49,index,41413,climdiv-pmdicy-v1.0.0-20261006
1908-03,0.18,0.18,index,41413,climdiv-pmdicy-v1.0.0-20261006
1908-04,2.58,2.58,index,41413,climdiv-pmdicy-v1.0.0-20261006
1908-05,2.28,2.28,index,41413,climdiv-pmdicy-v1.0.0-20261006
1908-06,1.83,1.83,index,41413,climdiv-pmdicy-v1.0.0-20261006
1908-07,3.15,3.15,index,41413,climdiv-pmdicy-v1.0.0-20261006
1908-08,3.2,3.20,index,41413,climdiv-pmdicy-v1.0.0-20261006
1908-09,2.3,2.30,index,41413,climdiv-pmdicy-v1.0.0-20261006
1908-10,1.11,1.11,index,41413,climdiv-pmdicy-v1.0.0-20261006
1908-11,1.65,1.65,index,41413,climdiv-pmdicy-v1.0.0-20261006
1908-12,0.39,0.39,index,41413,climdiv-pmdicy-v1.0.0-20261006
1909-01,-1.07,-1.07,index,41413,climdiv-pmdicy-v1.0.0-20261006
1909-02,-1.77,-1.77,index,41413,climdiv-pmdicy-v1.0.0-20261006
1909-03,-2.23,-2.23,index,41413,climdiv-pmdicy-v1.0.0-20261006
1909-04,-2.67,-2.67,index,41413,climdiv-pmdicy-v1.0.0-20261006
1909-05,-2.86,-2.86,index,41413,climdiv-pmdicy-v1.0.0-20261006
1909-06,-2.86,-2.86,index,41413,climdiv-pmdicy-v1.0.0-20261006
1909-07,-0.93,-0.93,index,41413,climdiv-pmdicy-v1.0.0-20261006
1909-08,-1.32,-1.32,index,41413,climdiv-pmdicy-v1.0.0-20261006
1909-09,-1.66,-1.66,index,41413,climdiv-pmdicy-v1.0.0-20261006
1909-10,-1.39,-1.39,index,41413,climdiv-pmdicy-v1.0.0-20261006
1909-11,-1.51,-1.51,index,41413,climdiv-pmdicy-v1.0.0-20261006
1909-12,-1.14,-1.14,index,41413,climdiv-pmdicy-v1.0.0-20261006
1910-01,-1.77,-1.77,index,41413,climdiv-pmdicy-v1.0.0-20261006
1910-02,-2.09,-2.09,index,41413,climdiv-pmdicy-v1.0.0-20261006
1910-03,-2.18,-2.18,index,41413,climdiv-pmdicy-v1.0.0-20261006
1910-04,-1.79,-1.79,index,41413,climdiv-pmdicy-v1.0.0-20261006
1910-05,-2.26,-2.26,index,41413,climdiv-pmdicy-v1.0.0-20261006
1910-06,-2.88,-2.88,index,41413,climdiv-pmdicy-v1.0.0-20261006
1910-07,-3.34,-3.34,index,41413,climdiv-pmdicy-v1.0.0-20261006
1910-08,-3.91,-3.91,index,41413,climdiv-pmdicy-v1.0.0-20261006
1910-09,-3.58,-3.58,index,41413,climdiv-pmdicy-v1.0.0-20261006
1910-10,-3.0,-3.00,index,41413,climdiv-pmdicy-v1.0.0-20261006
1910-11,-3.23,-3.23,index,41413,climdiv-pmdicy-v1.0.0-20261006
1910-12,-3.06,-3.06,index,41413,climdiv-pmdicy-v1.0.0-20261006
1911-01,-3.42,-3.42,index,41413,climdiv-pmdicy-v1.0.0-20261006
1911-02,-1.16,-1.16,index,41413,climdiv-pmdicy-v1.0.0-20261006
1911-03,-1.12,-1.12,index,41413,climdiv-pmdicy-v1.0.0-20261006
1911-04,0.59,0.59,index,41413,climdiv-pmdicy-v1.0.0-20261006
1911-05,-0.57,-0.57,index,41413,climdiv-pmdicy-v1.0.0-20261006
1911-06,-2.37,-2.37,index,41413,climdiv-pmdicy-v1.0.0-20261006
1911-07,-1.85,-1.85,index,41413,climdiv-pmdicy-v1.0.0-20261006
1911-08,-1.4,-1.40,index,41413,climdiv-pmdicy-v1.0.0-20261006
1911-09,-2.11,-2.11,index,41413,climdiv-pmdicy-v1.0.0-20261006
1911-10,-1.94,-1.94,index,41413,climdiv-pmdicy-v1.0.0-20261006
1911-11,-1.79,-1.79,index,41413,climdiv-pmdicy-v1.0.0-20261006
1911-12,1.37,1.37,index,41413,climdiv-pmdicy-v1.0.0-20261006
1912-01,0.28,0.28,index,41413,climdiv-pmdicy-v1.0.0-20261006
1912-02,0.2,0.20,index,41413,climdiv-pmdicy-v1.0.0-20261006
1912-03,-0.11,-0.11,index,41413,climdiv-pmdicy-v1.0.0-20261006
1912-04,1.04,1.04,index,41413,climdiv-pmdicy-v1.0.0-20261006
1912-05,-0.62,-0.62,index,41413,climdiv-pmdicy-v1.0.0-20261006
1912-06,-1.2,-1.20,index,41413,climdiv-pmdicy-v1.0.0-20261006
1912-07,-1.88,-1.88,index,41413,climdiv-pmdicy-v1.0.0-20261006
1912-08,-2.55,-2.55,index,41413,climdiv-pmdicy-v1.0.0-20261006
1912-09,-2.97,-2.97,index,41413,climdiv-pmdicy-v1.0.0-20261006
1912-10,-2.83,-2.83,index,41413,climdiv-pmdicy-v1.0.0-20261006
1912-11,-2.39,-2.39,index,41413,climdiv-pmdicy-v1.0.0-20261006
1912-12,-1.62,-1.62,index,41413,climdiv-pmdicy-v1.0.0-20261006
1913-01,-1.57,-1.57,index,41413,climdiv-pmdicy-v1.0.0-20261006
1913-02,-1.16,-1.16,index,41413,climdiv-pmdicy-v1.0.0-20261006
1913-03,-0.53,-0.53,index,41413,climdiv-pmdicy-v1.0.0-20261006
1913-04,-0.24,-0.24,index,41413,climdiv-pmdicy-v1.0.0-20261006
1913-05,-0.36,-0.36,index,41413,climdiv-pmdicy-v1.0.0-20261006
1913-06,1.13,1.13,index,41413,climdiv-pmdicy-v1.0.0-20261006
1913-07,0.87,0.87,index,41413,climdiv-pmdicy-v1.0.0-20261006
1913-08,-0.42,-0.42,index,41413,climdiv-pmdicy-v1.0.0-20261006
1913-09,-0.53,-0.53,index,41413,climdiv-pmdicy-v1.0.0-20261006
1913-10,-0.53,-0.53,index,41413,climdiv-pmdicy-v1.0.0-20261006
1913-11,2.1,2.10,index,41413,climdiv-pmdicy-v1.0.0-20261006
1913-12,2.39,2.39,index,41413,climdiv-pmdicy-v1.0.0-20261006
1914-01,1.22,1.22,index,41413,climdiv-pmdicy-v1.0.0-20261006
1914-02,0.57,0.57,index,41413,climdiv-pmdicy-v1.0.0-20261006
1914-03,-0.23,-0.23,index,41413,climdiv-pmdicy-v1.0.0-20261006
1914-04,1.28,1.28,index,41413,climdiv-pmdicy-v1.0.0-20261006
1914-05,3.28,3.28,index,41413,climdiv-pmdicy-v1.0.0-20261006
1914-06,5.64,5.64,index,41413,climdiv-pmdicy-v1.0.0-20261006
1914-07,6.42,6.42,index,41413,climdiv-pmdicy-v1.0.0-20261006
1914-08,7.28,7.28,index,41413,climdiv-pmdicy-v1.0.0-20261006
1914-09,5.05,5.05,index,41413,climdiv-pmdicy-v1.0.0-20261006
1914-10,6.39,6.39,index,41413,climdiv-pmdicy-v1.0.0-20261006
1914-11,6.31,6.31,index,41413,climdiv-pmdicy-v1.0.0-20261006
1914-12,5.94,5.94,index,41413,climdiv-pmdicy-v1.0.0-20261006
1915-01,5.67,5.67,index,41413,climdiv-pmdicy-v1.0.0-20261006
1915-02,4.91,4.91,index,41413,climdiv-pmdicy-v1.0.0-20261006
1915-03,4.81,4.81,index,41413,climdiv-pmdicy-v1.0.0-20261006
1915-04,6.57,6.57,index,41413,climdiv-pmdicy-v1.0.0-20261006
1915-05,5.39,5.39,index,41413,climdiv-pmdicy-v1.0.0-20261006
1915-06,4.99,4.99,index,41413,climdiv-pmdicy-v1.0.0-20261006
1915-07,5.34,5.34,index,41413,climdiv-pmdicy-v1.0.0-20261006
1915-08,4.47,4.47,index,41413,climdiv-pmdicy-v1.0.0-20261006
1915-09,5.07,5.07,index,41413,climdiv-pmdicy-v1.0.0-20261006
1915-10,3.51,3.51,index,41413,climdiv-pmdicy-v1.0.0-20261006
1915-11,1.88,1.88,index,41413,climdiv-pmdicy-v1.0.0-20261006
1915-12,1.08,1.08,index,41413,climdiv-pmdicy-v1.0.0-20261006
1916-01,0.1,0.10,index,41413,climdiv-pmdicy-v1.0.0-20261006
1916-02,-1.57,-1.57,index,41413,climdiv-pmdicy-v1.0.0-20261006
1916-03,-1.54,-1.54,index,41413,climdiv-pmdicy-v1.0.0-20261006
1916-04,-0.75,-0.75,index,41413,climdiv-pmdicy-v1.0.0-20261006
1916-05,-1.37,-1.37,index,41413,climdiv-pmdicy-v1.0.0-20261006
1916-06,-2.22,-2.22,index,41413,climdiv-pmdicy-v1.0.0-20261006
1916-07,-1.84,-1.84,index,41413,climdiv-pmdicy-v1.0.0-20261006
1916-08,-2.05,-2.05,index,41413,climdiv-pmdicy-v1.0.0-20261006
1916-09,-2.1,-2.10,index,41413,climdiv-pmdicy-v1.0.0-20261006
1916-10,-2.21,-2.21,index,41413,climdiv-pmdicy-v1.0.0-20261006
1916-11,-2.25,-2.25,index,41413,climdiv-pmdicy-v1.0.0-20261006
1916-12,-2.53,-2.53,index,41413,climdiv-pmdicy-v1.0.0-20261006
1917-01,-2.75,-2.75,index,41413,climdiv-pmdicy-v1.0.0-20261006
1917-02,-3.16,-3.16,index,41413,climdiv-pmdicy-v1.0.0-20261006
1917-03,-3.26,-3.26,index,41413,climdiv-pmdicy-v1.0.0-20261006
1917-04,-3.35,-3.35,index,41413,climdiv-pmdicy-v1.0.0-20261006
1917-05,-2.45,-2.45,index,41413,climdiv-pmdicy-v1.0.0-20261006
1917-06,-3.58,-3.58,index,41413,climdiv-pmdicy-v1.0.0-20261006
1917-07,-3.78,-3.78,index,41413,climdiv-pmdicy-v1.0.0-20261006
1917-08,-3.99,-3.99,index,41413,climdiv-pmdicy-v1.0.0-20261006
1917-09,-4.09,-4.09,index,41413,climdiv-pmdicy-v1.0.0-20261006
1917-10,-4.39,-4.39,index,41413,climdiv-pmdicy-v1.0.0-20261006
1917-11,-4.58,-4.58,index,41413,climdiv-pmdicy-v1.0.0-20261006
1917-12,-4.58,-4.58,index,41413,climdiv-pmdicy-v1.0.0-20261006
1918-01,-4.32,-4.32,index,41413,climdiv-pmdicy-v1.0.0-20261006
1918-02,-4.26,-4.26,index,41413,climdiv-pmdicy-v1.0.0-20261006
1918-03,-4.41,-4.41,index,41413,climdiv-pmdicy-v1.0.0-20261006
1918-04,-4.42,-4.42,index,41413,climdiv-pmdicy-v1.0.0-20261006
1918-05,-4.19,-4.19,index,41413,climdiv-pmdicy-v1.0.0-20261006
1918-06,-4.27,-4.27,index,41413,climdiv-pmdicy-v1.0.0-20261006
1918-07,-4.84,-4.84,index,41413,climdiv-pmdicy-v1.0.0-20261006
1918-08,-5.1,-5.10,index,41413,climdiv-pmdicy-v1.0.0-20261006
1918-09,-4.78,-4.78,index,41413,climdiv-pmdicy-v1.0.0-20261006
1918-10,-3.55,-3.55,index,41413,climdiv-pmdicy-v1.0.0-20261006
1918-11,-0.17,-0.17,index,41413,climdiv-pmdicy-v1.0.0-20261006
1918-12,1.44,1.44,index,41413,climdiv-pmdicy-v1.0.0-20261006
1919-01,2.95,2.95,index,41413,climdiv-pmdicy-v1.0.0-20261006
1919-02,2.69,2.69,index,41413,climdiv-pmdicy-v1.0.0-20261006
1919-03,2.88,2.88,index,41413,climdiv-pmdicy-v1.0.0-20261006
1919-04,2.68,2.68,index,41413,climdiv-pmdicy-v1.0.0-20261006
1919-05,3.04,3.04,index,41413,climdiv-pmdicy-v1.0.0-20261006
1919-06,4.91,4.91,index,41413,climdiv-pmdicy-v1.0.0-20261006
1919-07,6.7,6.70,index,41413,climdiv-pmdicy-v1.0.0-20261006
1919-08,7.58,7.58,index,41413,climdiv-pmdicy-v1.0.0-20261006
1919-09,8.44,8.44,index,41413,climdiv-pmdicy-v1.0.0-20261006
1919-10,8.54,8.54,index,41413,climdiv-pmdicy-v1.0.0-20261006
1919-11,8.55,8.55,index,41413,climdiv-pmdicy-v1.0.0-20261006
1919-12,7.3,7.30,index,41413,climdiv-pmdicy-v1.0.0-20261006
1920-01,7.49,7.49,index,41413,climdiv-pmdicy-v1.0.0-20261006
1920-02,6.03,6.03,index,41413,climdiv-pmdicy-v1.0.0-20261006
1920-03,5.12,5.12,index,41413,climdiv-pmdicy-v1.0.0-20261006
1920-04,3.37,3.37,index,41413,climdiv-pmdicy-v1.0.0-20261006
1920-05,2.74,2.74,index,41413,climdiv-pmdicy-v1.0.0-20261006
1920-06,2.01,2.01,index,41413,climdiv-pmdicy-v1.0.0-20261006
1920-07,2.63,2.63,index,41413,climdiv-pmdicy-v1.0.0-20261006
1920-08,5.16,5.16,index,41413,climdiv-pmdicy-v1.0.0-20261006
1920-09,4.8,4.80,index,41413,climdiv-pmdicy-v1.0.0-20261006
1920-10,4.31,4.31,index,41413,climdiv-pmdicy-v1.0.0-20261006
1920-11,4.07,4.07,index,41413,climdiv-pmdicy-v1.0.0-20261006
1920-12,2.67,2.67,index,41413,climdiv-pmdicy-v1.0.0-20261006
1921-01,1.35,1.35,index,41413,climdiv-pmdicy-v1.0.0-20261006
1921-02,0.85,0.85,index,41413,climdiv-pmdicy-v1.0.0-20261006
1921-03,0.89,0.89,index,41413,climdiv-pmdicy-v1.0.0-20261006
1921-04,0.13,0.13,index,41413,climdiv-pmdicy-v1.0.0-20261006
1921-05,-1.47,-1.47,index,41413,climdiv-pmdicy-v1.0.0-20261006
1921-06,-0.72,-0.72,index,41413,climdiv-pmdicy-v1.0.0-20261006
1921-07,-1.63,-1.63,index,41413,climdiv-pmdicy-v1.0.0-20261006
1921-08,-1.46,-1.46,index,41413,climdiv-pmdicy-v1.0.0-20261006
1921-09,-2.1,-2.10,index,41413,climdiv-pmdicy-v1.0.0-20261006
1921-10,-2.67,-2.67,index,41413,climdiv-pmdicy-v1.0.0-20261006
1921-11,-3.02,-3.02,index,41413,climdiv-pmdicy-v1.0.0-20261006
1921-12,-3.27,-3.27,index,41413,climdiv-pmdicy-v1.0.0-20261006
1922-01,-3.25,-3.25,index,41413,climdiv-pmdicy-v1.0.0-20261006
1922-02,-3.57,-3.57,index,41413,climdiv-pmdicy-v1.0.0-20261006
1922-03,-2.99,-2.99,index,41413,climdiv-pmdicy-v1.0.0-20261006
1922-04,1.08,1.08,index,41413,climdiv-pmdicy-v1.0.0-20261006
1922-05,2.04,2.04,index,41413,climdiv-pmdicy-v1.0.0-20261006
1922-06,2.06,2.06,index,41413,climdiv-pmdicy-v1.0.0-20261006
1922-07,2.01,2.01,index,41413,climdiv-pmdicy-v1.0.0-20261006
1922-08,0.49,0.49,index,41413,climdiv-pmdicy-v1.0.0-20261006
1922-09,-0.87,-0.87,index,41413,climdiv-pmdicy-v1.0.0-20261006
1922-10,-0.54,-0.54,index,41413,climdiv-pmdicy-v1.0.0-20261006
1922-11,0.67,0.67,index,41413,climdiv-pmdicy-v1.0.0-20261006
1922-12,-0.52,-0.52,index,41413,climdiv-pmdicy-v1.0.0-20261006
1923-01,-0.45,-0.45,index,41413,climdiv-pmdicy-v1.0.0-20261006
1923-02,2.2,2.20,index,41413,climdiv-pmdicy-v1.0.0-20261006
1923-03,2.31,2.31,index,41413,climdiv-pmdicy-v1.0.0-20261006
1923-04,3.3,3.30,index,41413,climdiv-pmdicy-v1.0.0-20261006
1923-05,2.22,2.22,index,41413,climdiv-pmdicy-v1.0.0-20261006
1923-06,1.06,1.06,index,41413,climdiv-pmdicy-v1.0.0-20261006
1923-07,-0.16,-0.16,index,41413,climdiv-pmdicy-v1.0.0-20261006
1923-08,-0.76,-0.76,index,41413,climdiv-pmdicy-v1.0.0-20261006
1923-09,0.47,0.47,index,41413,climdiv-pmdicy-v1.0.0-20261006
1923-10,2.72,2.72,index,41413,climdiv-pmdicy-v1.0.0-20261006
1923-11,3.36,3.36,index,41413,climdiv-pmdicy-v1.0.0-20261006
1923-12,3.69,3.69,index,41413,climdiv-pmdicy-v1.0.0-20261006
1924-01,3.05,3.05,index,41413,climdiv-pmdicy-v1.0.0-20261006
1924-02,3.24,3.24,index,41413,climdiv-pmdicy-v1.0.0-20261006
1924-03,3.18,3.18,index,41413,climdiv-pmdicy-v1.0.0-20261006
1924-04,2.91,2.91,index,41413,climdiv-pmdicy-v1.0.0-20261006
1924-05,3.38,3.38,index,41413,climdiv-pmdicy-v1.0.0-20261006
1924-06,2.73,2.73,index,41413,climdiv-pmdicy-v1.0.0-20261006
1924-07,0.33,0.33,index,41413,climdiv-pmdicy-v1.0.0-20261006
1924-08,-0.66,-0.66,index,41413,climdiv-pmdicy-v1.0.0-20261006
1924-09,0.06,0.06,index,41413,climdiv-pmdicy-v1.0.0-20261006
1924-10,-1.3,-1.30,index,41413,climdiv-pmdicy-v1.0.0-20261006
1924-11,-1.88,-1.88,index,41413,climdiv-pmdicy-v1.0.0-20261006
1924-12,-2.0,-2.00,index,41413,climdiv-pmdicy-v1.0.0-20261006
1925-01,-2.31,-2.31,index,41413,climdiv-pmdicy-v1.0.0-20261006
1925-02,-2.86,-2.86,index,41413,climdiv-pmdicy-v1.0.0-20261006
1925-03,-3.41,-3.41,index,41413,climdiv-pmdicy-v1.0.0-20261006
1925-04,-2.78,-2.78,index,41413,climdiv-pmdicy-v1.0.0-20261006
1925-05,-1.82,-1.82,index,41413,climdiv-pmdicy-v1.0.0-20261006
1925-06,-3.18,-3.18,index,41413,climdiv-pmdicy-v1.0.0-20261006
1925-07,-3.35,-3.35,index,41413,climdiv-pmdicy-v1.0.0-20261006
1925-08,-1.73,-1.73,index,41413,climdiv-pmdicy-v1.0.0-20261006
1925-09,-1.42,-1.42,index,41413,climdiv-pmdicy-v1.0.0-20261006
1925-10,-0.67,-0.67,index,41413,climdiv-pmdicy-v1.0.0-20261006
1925-11,-0.21,-0.21,index,41413,climdiv-pmdicy-v1.0.0-20261006
1925-12,-0.71,-0.71,index,41413,climdiv-pmdicy-v1.0.0-20261006
1926-01,0.27,0.27,index,41413,climdiv-pmdicy-v1.0.0-20261006
1926-02,-0.88,-0.88,index,41413,climdiv-pmdicy-v1.0.0-20261006
1926-03,1.05,1.05,index,41413,climdiv-pmdicy-v1.0.0-20261006
1926-04,1.49,1.49,index,41413,climdiv-pmdicy-v1.0.0-20261006
1926-05,0.66,0.66,index,41413,climdiv-pmdicy-v1.0.0-20261006
1926-06,1.41,1.41,index,41413,climdiv-pmdicy-v1.0.0-20261006
1926-07,1.75,1.75,index,41413,climdiv-pmdicy-v1.0.0-20261006
1926-08,1.43,1.43,index,41413,climdiv-pmdicy-v1.0.0-20261006
1926-09,-0.59,-0.59,index,41413,climdiv-pmdicy-v1.0.0-20261006
1926-10,0.11,0.11,index,41413,climdiv-pmdicy-v1.0.0-20261006
1926-11,0.12,0.12,index,41413,climdiv-pmdicy-v1.0.0-20261006
1926-12,1.38,1.38,index,41413,climdiv-pmdicy-v1.0.0-20261006
1927-01,0.32,0.32,index,41413,climdiv-pmdicy-v1.0.0-20261006
1927-02,0.76,0.76,index,41413,climdiv-pmdicy-v1.0.0-20261006
1927-03,1.37,1.37,index,41413,climdiv-pmdicy-v1.0.0-20261006
1927-04,0.31,0.31,index,41413,climdiv-pmdicy-v1.0.0-20261006
1927-05,-0.95,-0.95,index,41413,climdiv-pmdicy-v1.0.0-20261006
1927-06,-0.65,-0.65,index,41413,climdiv-pmdicy-v1.0.0-20261006
1927-07,0.45,0.45,index,41413,climdiv-pmdicy-v1.0.0-20261006
1927-08,-0.97,-0.97,index,41413,climdiv-pmdicy-v1.0.0-20261006
1927-09,-0.67,-0.67,index,41413,climdiv-pmdicy-v1.0.0-20261006
1927-10,0.41,0.41,index,41413,climdiv-pmdicy-v1.0.0-20261006
1927-11,-1.01,-1.01,index,41413,climdiv-pmdicy-v1.0.0-20261006
1927-12,-0.53,-0.53,index,41413,climdiv-pmdicy-v1.0.0-20261006
1928-01,-1.13,-1.13,index,41413,climdiv-pmdicy-v1.0.0-20261006
1928-02,-0.31,-0.31,index,41413,climdiv-pmdicy-v1.0.0-20261006
1928-03,-1.11,-1.11,index,41413,climdiv-pmdicy-v1.0.0-20261006
1928-04,-1.32,-1.32,index,41413,climdiv-pmdicy-v1.0.0-20261006
1928-05,-1.52,-1.52,index,41413,climdiv-pmdicy-v1.0.0-20261006
1928-06,-1.21,-1.21,index,41413,climdiv-pmdicy-v1.0.0-20261006
1928-07,-0.22,-0.22,index,41413,climdiv-pmdicy-v1.0.0-20261006
1928-08,0.9,0.90,index,41413,climdiv-pmdicy-v1.0.0-20261006
1928-09,1.34,1.34,index,41413,climdiv-pmdicy-v1.0.0-20261006
1928-10,0.39,0.39,index,41413,climdiv-pmdicy-v1.0.0-20261006
1928-11,-0.25,-0.25,index,41413,climdiv-pmdicy-v1.0.0-20261006
1928-12,-0.6,-0.60,index,41413,climdiv-pmdicy-v1.0.0-20261006
1929-01,-1.03,-1.03,index,41413,climdiv-pmdicy-v1.0.0-20261006
1929-02,-1.0,-1.00,index,41413,climdiv-pmdicy-v1.0.0-20261006
1929-03,0.44,0.44,index,41413,climdiv-pmdicy-v1.0.0-20261006
1929-04,0.21,0.21,index,41413,climdiv-pmdicy-v1.0.0-20261006
1929-05,0.37,0.37,index,41413,climdiv-pmdicy-v1.0.0-20261006
1929-06,-0.92,-0.92,index,41413,climdiv-pmdicy-v1.0.0-20261006
1929-07,-1.33,-1.33,index,41413,climdiv-pmdicy-v1.0.0-20261006
1929-08,-2.16,-2.16,index,41413,climdiv-pmdicy-v1.0.0-20261006
1929-09,-1.71,-1.71,index,41413,climdiv-pmdicy-v1.0.0-20261006
1929-10,-0.39,-0.39,index,41413,climdiv-pmdicy-v1.0.0-20261006
1929-11,-0.6,-0.60,index,41413,climdiv-pmdicy-v1.0.0-20261006
1929-12,-0.26,-0.26,index,41413,climdiv-pmdicy-v1.0.0-20261006
1930-01,-0.62,-0.62,index,41413,climdiv-pmdicy-v1.0.0-20261006
1930-02,-1.72,-1.72,index,41413,climdiv-pmdicy-v1.0.0-20261006
1930-03,-1.74,-1.74,index,41413,climdiv-pmdicy-v1.0.0-20261006
1930-04,-1.92,-1.92,index,41413,climdiv-pmdicy-v1.0.0-20261006
1930-05,-2.05,-2.05,index,41413,climdiv-pmdicy-v1.0.0-20261006
1930-06,-1.64,-1.64,index,41413,climdiv-pmdicy-v1.0.0-20261006
1930-07,-2.4,-2.40,index,41413,climdiv-pmdicy-v1.0.0-20261006
1930-08,-2.77,-2.77,index,41413,climdiv-pmdicy-v1.0.0-20261006
1930-09,-3.36,-3.36,index,41413,climdiv-pmdicy-v1.0.0-20261006
1930-10,2.65,2.65,index,41413,climdiv-pmdicy-v1.0.0-20261006
1930-11,2.92,2.92,index,41413,climdiv-pmdicy-v1.0.0-20261006
1930-12,2.79,2.79,index,41413,climdiv-pmdicy-v1.0.0-20261006
1931-01,3.36,3.36,index,41413,climdiv-pmdicy-v1.0.0-20261006
1931-02,3.59,3.59,index,41413,climdiv-pmdicy-v1.0.0-20261006
1931-03,3.58,3.58,index,41413,climdiv-pmdicy-v1.0.0-20261006
1931-04,4.14,4.14,index,41413,climdiv-pmdicy-v1.0.0-20261006
1931-05,3.55,3.55,index,41413,climdiv-pmdicy-v1.0.0-20261006
1931-06,3.54,3.54,index,41413,climdiv-pmdicy-v1.0.0-20261006
1931-07,3.53,3.53,index,41413,climdiv-pmdicy-v1.0.0-20261006
1931-08,2.55,2.55,index,41413,climdiv-pmdicy-v1.0.0-20261006
1931-09,0.23,0.23,index,41413,climdiv-pmdicy-v1.0.0-20261006
1931-10,0.09,0.09,index,41413,climdiv-pmdicy-v1.0.0-20261006
1931-11,0.06,0.06,index,41413,climdiv-pmdicy-v1.0.0-20261006
1931-12,0.29,0.29,index,41413,climdiv-pmdicy-v1.0.0-20261006
1932-01,0.64,0.64,index,41413,climdiv-pmdicy-v1.0.0-20261006
1932-02,1.68,1.68,index,41413,climdiv-pmdicy-v1.0.0-20261006
1932-03,1.33,1.33,index,41413,climdiv-pmdicy-v1.0.0-20261006
1932-04,1.43,1.43,index,41413,climdiv-pmdicy-v1.0.0-20261006
1932-05,2.33,2.33,index,41413,climdiv-pmdicy-v1.0.0-20261006
1932-06,2.3,2.30,index,41413,climdiv-pmdicy-v1.0.0-20261006
1932-07,2.49,2.49,index,41413,climdiv-pmdicy-v1.0.0-20261006
1932-08,2.94,2.94,index,41413,climdiv-pmdicy-v1.0.0-20261006
1932-09,4.36,4.36,index,41413,climdiv-pmdicy-v1.0.0-20261006
1932-10,2.84,2.84,index,41413,climdiv-pmdicy-v1.0.0-20261006
1932-11,2.3,2.30,index,41413,climdiv-pmdicy-v1.0.0-20261006
1932-12,3.26,3.26,index,41413,climdiv-pmdicy-v1.0.0-20261006
1933-01,3.07,3.07,index,41413,climdiv-pmdicy-v1.0.0-20261006
1933-02,2.9,2.90,index,41413,climdiv-pmdicy-v1.0.0-20261006
1933-03,2.26,2.26,index,41413,climdiv-pmdicy-v1.0.0-20261006
1933-04,1.27,1.27,index,41413,climdiv-pmdicy-v1.0.0-20261006
1933-05,1.14,1.14,index,41413,climdiv-pmdicy-v1.0.0-20261006
1933-06,-0.85,-0.85,index,41413,climdiv-pmdicy-v1.0.0-20261006
1933-07,-1.73,-1.73,index,41413,climdiv-pmdicy-v1.0.0-20261006
1933-08,-2.04,-2.04,index,41413,climdiv-pmdicy-v1.0.0-20261006
1933-09,-2.78,-2.78,index,41413,climdiv-pmdicy-v1.0.0-20261006
1933-10,-3.05,-3.05,index,41413,climdiv-pmdicy-v1.0.0-20261006
1933-11,-3.15,-3.15,index,41413,climdiv-pmdicy-v1.0.0-20261006
1933-12,-3.27,-3.27,index,41413,climdiv-pmdicy-v1.0.0-20261006
1934-01,-2.64,-2.64,index,41413,climdiv-pmdicy-v1.0.0-20261006
1934-02,-2.89,-2.89,index,41413,climdiv-pmdicy-v1.0.0-20261006
1934-03,-1.08,-1.08,index,41413,climdiv-pmdicy-v1.0.0-20261006
1934-04,0.79,0.79,index,41413,climdiv-pmdicy-v1.0.0-20261006
1934-05,0.64,0.64,index,41413,climdiv-pmdicy-v1.0.0-20261006
1934-06,-0.88,-0.88,index,41413,climdiv-pmdicy-v1.0.0-20261006
1934-07,-1.97,-1.97,index,41413,climdiv-pmdicy-v1.0.0-20261006
1934-08,-2.5,-2.50,index,41413,climdiv-pmdicy-v1.0.0-20261006
1934-09,-3.13,-3.13,index,41413,climdiv-pmdicy-v1.0.0-20261006
1934-10,-3.76,-3.76,index,41413,climdiv-pmdicy-v1.0.0-20261006
1934-11,-3.59,-3.59,index,41413,climdiv-pmdicy-v1.0.0-20261006
1934-12,-3.54,-3.54,index,41413,climdiv-pmdicy-v1.0.0-20261006
1935-01,-3.49,-3.49,index,41413,climdiv-pmdicy-v1.0.0-20261006
1935-02,-1.95,-1.95,index,41413,climdiv-pmdicy-v1.0.0-20261006
1935-03,-2.68,-2.68,index,41413,climdiv-pmdicy-v1.0.0-20261006
1935-04,-2.61,-2.61,index,41413,climdiv-pmdicy-v1.0.0-20261006
1935-05,0.28,0.28,index,41413,climdiv-pmdicy-v1.0.0-20261006
1935-06,2.63,2.63,index,41413,climdiv-pmdicy-v1.0.0-20261006
1935-07,3.73,3.73,index,41413,climdiv-pmdicy-v1.0.0-20261006
1935-08,3.6,3.60,index,41413,climdiv-pmdicy-v1.0.0-20261006
1935-09,4.85,4.85,index,41413,climdiv-pmdicy-v1.0.0-20261006
1935-10,4.15,4.15,index,41413,climdiv-pmdicy-v1.0.0-20261006
1935-11,3.96,3.96,index,41413,climdiv-pmdicy-v1.0.0-20261006
1935-12,3.71,3.71,index,41413,climdiv-pmdicy-v1.0.0-20261006
1936-01,2.86,2.86,index,41413,climdiv-pmdicy-v1.0.0-20261006
1936-02,1.94,1.94,index,41413,climdiv-pmdicy-v1.0.0-20261006
1936-03,1.39,1.39,index,41413,climdiv-pmdicy-v1.0.0-20261006
1936-04,0.41,0.41,index,41413,climdiv-pmdicy-v1.0.0-20261006
1936-05,1.97,1.97,index,41413,climdiv-pmdicy-v1.0.0-20261006
1936-06,0.62,0.62,index,41413,climdiv-pmdicy-v1.0.0-20261006
1936-07,0.51,0.51,index,41413,climdiv-pmdicy-v1.0.0-20261006
1936-08,-1.24,-1.24,index,41413,climdiv-pmdicy-v1.0.0-20261006
1936-09,2.54,2.54,index,41413,climdiv-pmdicy-v1.0.0-20261006
1936-10,2.8,2.80,index,41413,climdiv-pmdicy-v1.0.0-20261006
1936-11,2.66,2.66,index,41413,climdiv-pmdicy-v1.0.0-20261006
1936-12,2.31,2.31,index,41413,climdiv-pmdicy-v1.0.0-20261006
1937-01,1.76,1.76,index,41413,climdiv-pmdicy-v1.0.0-20261006
1937-02,0.95,0.95,index,41413,climdiv-pmdicy-v1.0.0-20261006
1937-03,1.61,1.61,index,41413,climdiv-pmdicy-v1.0.0-20261006
1937-04,0.66,0.66,index,41413,climdiv-pmdicy-v1.0.0-20261006
1937-05,1.37,1.37,index,41413,climdiv-pmdicy-v1.0.0-20261006
1937-06,1.9,1.90,index,41413,climdiv-pmdicy-v1.0.0-20261006
1937-07,1.65,1.65,index,41413,climdiv-pmdicy-v1.0.0-20261006
1937-08,-0.15,-0.15,index,41413,climdiv-pmdicy-v1.0.0-20261006
1937-09,-1.17,-1.17,index,41413,climdiv-pmdicy-v1.0.0-20261006
1937-10,-0.79,-0.79,index,41413,climdiv-pmdicy-v1.0.0-20261006
1937-11,-0.59,-0.59,index,41413,climdiv-pmdicy-v1.0.0-20261006
1937-12,1.38,1.38,index,41413,climdiv-pmdicy-v1.0.0-20261006
1938-01,2.02,2.02,index,41413,climdiv-pmdicy-v1.0.0-20261006
1938-02,1.92,1.92,index,41413,climdiv-pmdicy-v1.0.0-20261006
1938-03,1.34,1.34,index,41413,climdiv-pmdicy-v1.0.0-20261006
1938-04,2.0,2.00,index,41413,climdiv-pmdicy-v1.0.0-20261006
1938-05,1.38,1.38,index,41413,climdiv-pmdicy-v1.0.0-20261006
1938-06,0.55,0.55,index,41413,climdiv-pmdicy-v1.0.0-20261006
1938-07,3.77,3.77,index,41413,climdiv-pmdicy-v1.0.0-20261006
1938-08,3.26,3.26,index,41413,climdiv-pmdicy-v1.0.0-20261006
1938-09,1.08,1.08,index,41413,climdiv-pmdicy-v1.0.0-20261006
1938-10,-0.64,-0.64,index,41413,climdiv-pmdicy-v1.0.0-20261006
1938-11,-1.5,-1.50,index,41413,climdiv-pmdicy-v1.0.0-20261006
1938-12,-1.38,-1.38,index,41413,climdiv-pmdicy-v1.0.0-20261006
1939-01,-0.22,-0.22,index,41413,climdiv-pmdicy-v1.0.0-20261006
1939-02,-0.81,-0.81,index,41413,climdiv-pmdicy-v1.0.0-20261006
1939-03,-1.21,-1.21,index,41413,climdiv-pmdicy-v1.0.0-20261006
1939-04,-1.56,-1.56,index,41413,climdiv-pmdicy-v1.0.0-20261006
1939-05,-1.8,-1.80,index,41413,climdiv-pmdicy-v1.0.0-20261006
1939-06,-2.4,-2.40,index,41413,climdiv-pmdicy-v1.0.0-20261006
1939-07,-2.3,-2.30,index,41413,climdiv-pmdicy-v1.0.0-20261006
1939-08,-1.97,-1.97,index,41413,climdiv-pmdicy-v1.0.0-20261006
1939-09,-2.76,-2.76,index,41413,climdiv-pmdicy-v1.0.0-20261006
1939-10,-2.56,-2.56,index,41413,climdiv-pmdicy-v1.0.0-20261006
1939-11,-0.89,-0.89,index,41413,climdiv-pmdicy-v1.0.0-20261006
1939-12,-0.87,-0.87,index,41413,climdiv-pmdicy-v1.0.0-20261006
1940-01,-0.82,-0.82,index,41413,climdiv-pmdicy-v1.0.0-20261006
1940-02,0.03,0.03,index,41413,climdiv-pmdicy-v1.0.0-20261006
1940-03,-0.3,-0.30,index,41413,climdiv-pmdicy-v1.0.0-20261006
1940-04,0.47,0.47,index,41413,climdiv-pmdicy-v1.0.0-20261006
1940-05,0.21,0.21,index,41413,climdiv-pmdicy-v1.0.0-20261006
1940-06,1.63,1.63,index,41413,climdiv-pmdicy-v1.0.0-20261006
1940-07,1.22,1.22,index,41413,climdiv-pmdicy-v1.0.0-20261006
1940-08,1.77,1.77,index,41413,climdiv-pmdicy-v1.0.0-20261006
1940-09,-0.2,-0.20,index,41413,climdiv-pmdicy-v1.0.0-20261006
1940-10,-1.01,-1.01,index,41413,climdiv-pmdicy-v1.0.0-20261006
1940-11,0.64,0.64,index,41413,climdiv-pmdicy-v1.0.0-20261006
1940-12,0.94,0.94,index,41413,climdiv-pmdicy-v1.0.0-20261006
1941-01,1.14,1.14,index,41413,climdiv-pmdicy-v1.0.0-20261006
1941-02,1.22,1.22,index,41413,climdiv-pmdicy-v1.0.0-20261006
1941-03,2.64,2.64,index,41413,climdiv-pmdicy-v1.0.0-20261006
1941-04,3.58,3.58,index,41413,climdiv-pmdicy-v1.0.0-20261006
1941-05,3.57,3.57,index,41413,climdiv-pmdicy-v1.0.0-20261006
1941-06,4.19,4.19,index,41413,climdiv-pmdicy-v1.0.0-20261006
1941-07,4.73,4.73,index,41413,climdiv-pmdicy-v1.0.0-20261006
1941-08,4.76,4.76,index,41413,climdiv-pmdicy-v1.0.0-20261006
1941-09,5.2,5.20,index,41413,climdiv-pmdicy-v1.0.0-20261006
1941-10,5.93,5.93,index,41413,climdiv-pmdicy-v1.0.0-20261006
1941-11,5.27,5.27,index,41413,climdiv-pmdicy-v1.0.0-20261006
1941-12,4.58,4.58,index,41413,climdiv-pmdicy-v1.0.0-20261006
1942-01,3.62,3.62,index,41413,climdiv-pmdicy-v1.0.0-20261006
1942-02,2.62,2.62,index,41413,climdiv-pmdicy-v1.0.0-20261006
1942-03,1.85,1.85,index,41413,climdiv-pmdicy-v1.0.0-20261006
1942-04,2.43,2.43,index,41413,climdiv-pmdicy-v1.0.0-20261006
1942-05,1.3,1.30,index,41413,climdiv-pmdicy-v1.0.0-20261006
1942-06,-0.15,-0.15,index,41413,climdiv-pmdicy-v1.0.0-20261006
1942-07,-1.07,-1.07,index,41413,climdiv-pmdicy-v1.0.0-20261006
1942-08,3.21,3.21,index,41413,climdiv-pmdicy-v1.0.0-20261006
1942-09,3.03,3.03,index,41413,climdiv-pmdicy-v1.0.0-20261006
1942-10,3.35,3.35,index,41413,climdiv-pmdicy-v1.0.0-20261006
1942-11,2.58,2.58,index,41413,climdiv-pmdicy-v1.0.0-20261006
1942-12,2.24,2.24,index,41413,climdiv-pmdicy-v1.0.0-20261006
1943-01,1.66,1.66,index,41413,climdiv-pmdicy-v1.0.0-20261006
1943-02,0.24,0.24,index,41413,climdiv-pmdicy-v1.0.0-20261006
1943-03,0.68,0.68,index,41413,climdiv-pmdicy-v1.0.0-20261006
1943-04,-0.62,-0.62,index,41413,climdiv-pmdicy-v1.0.0-20261006
1943-05,-0.33,-0.33,index,41413,climdiv-pmdicy-v1.0.0-20261006
1943-06,-0.79,-0.79,index,41413,climdiv-pmdicy-v1.0.0-20261006
1943-07,-1.31,-1.31,index,41413,climdiv-pmdicy-v1.0.0-20261006
1943-08,-2.21,-2.21,index,41413,climdiv-pmdicy-v1.0.0-20261006
1943-09,-0.14,-0.14,index,41413,climdiv-pmdicy-v1.0.0-20261006
1943-10,-0.71,-0.71,index,41413,climdiv-pmdicy-v1.0.0-20261006
1943-11,-0.05,-0.05,index,41413,climdiv-pmdicy-v1.0.0-20261006
1943-12,1.1,1.10,index,41413,climdiv-pmdicy-v1.0.0-20261006
1944-01,1.85,1.85,index,41413,climdiv-pmdicy-v1.0.0-20261006
1944-02,2.21,2.21,index,41413,climdiv-pmdicy-v1.0.0-20261006
1944-03,2.03,2.03,index,41413,climdiv-pmdicy-v1.0.0-20261006
1944-04,1.93,1.93,index,41413,climdiv-pmdicy-v1.0.0-20261006
1944-05,2.02,2.02,index,41413,climdiv-pmdicy-v1.0.0-20261006
1944-06,1.81,1.81,index,41413,climdiv-pmdicy-v1.0.0-20261006
1944-07,0.18,0.18,index,41413,climdiv-pmdicy-v1.0.0-20261006
1944-08,0.82,0.82,index,41413,climdiv-pmdicy-v1.0.0-20261006
1944-09,1.7,1.70,index,41413,climdiv-pmdicy-v1.0.0-20261006
1944-10,1.28,1.28,index,41413,climdiv-pmdicy-v1.0.0-20261006
1944-11,1.7,1.70,index,41413,climdiv-pmdicy-v1.0.0-20261006
1944-12,1.96,1.96,index,41413,climdiv-pmdicy-v1.0.0-20261006
1945-01,1.87,1.87,index,41413,climdiv-pmdicy-v1.0.0-20261006
1945-02,1.76,1.76,index,41413,climdiv-pmdicy-v1.0.0-20261006
1945-03,1.91,1.91,index,41413,climdiv-pmdicy-v1.0.0-20261006
1945-04,2.02,2.02,index,41413,climdiv-pmdicy-v1.0.0-20261006
1945-05,0.19,0.19,index,41413,climdiv-pmdicy-v1.0.0-20261006
1945-06,-0.67,-0.67,index,41413,climdiv-pmdicy-v1.0.0-20261006
1945-07,0.64,0.64,index,41413,climdiv-pmdicy-v1.0.0-20261006
1945-08,-0.13,-0.13,index,41413,climdiv-pmdicy-v1.0.0-20261006
1945-09,-0.73,-0.73,index,41413,climdiv-pmdicy-v1.0.0-20261006
1945-10,0.54,0.54,index,41413,climdiv-pmdicy-v1.0.0-20261006
1945-11,-0.55,-0.55,index,41413,climdiv-pmdicy-v1.0.0-20261006
1945-12,-0.72,-0.72,index,41413,climdiv-pmdicy-v1.0.0-20261006
1946-01,0.53,0.53,index,41413,climdiv-pmdicy-v1.0.0-20261006
1946-02,-0.55,-0.55,index,41413,climdiv-pmdicy-v1.0.0-20261006
1946-03,-0.89,-0.89,index,41413,climdiv-pmdicy-v1.0.0-20261006
1946-04,-1.31,-1.31,index,41413,climdiv-pmdicy-v1.0.0-20261006
1946-05,-1.64,-1.64,index,41413,climdiv-pmdicy-v1.0.0-20261006
1946-06,-1.54,-1.54,index,41413,climdiv-pmdicy-v1.0.0-20261006
1946-07,-2.09,-2.09,index,41413,climdiv-pmdicy-v1.0.0-20261006
1946-08,-2.76,-2.76,index,41413,climdiv-pmdicy-v1.0.0-20261006
1946-09,-2.52,-2.52,index,41413,climdiv-pmdicy-v1.0.0-20261006
1946-10,-2.62,-2.62,index,41413,climdiv-pmdicy-v1.0.0-20261006
1946-11,-2.64,-2.64,index,41413,climdiv-pmdicy-v1.0.0-20261006
1946-12,-1.82,-1.82,index,41413,climdiv-pmdicy-v1.0.0-20261006
1947-01,0.2,0.20,index,41413,climdiv-pmdicy-v1.0.0-20261006
1947-02,-0.33,-0.33,index,41413,climdiv-pmdicy-v1.0.0-20261006
1947-03,0.87,0.87,index,41413,climdiv-pmdicy-v1.0.0-20261006
1947-04,0.19,0.19,index,41413,climdiv-pmdicy-v1.0.0-20261006
1947-05,0.41,0.41,index,41413,climdiv-pmdicy-v1.0.0-20261006
1947-06,0.01,0.01,index,41413,climdiv-pmdicy-v1.0.0-20261006
1947-07,-1.45,-1.45,index,41413,climdiv-pmdicy-v1.0.0-20261006
1947-08,-1.99,-1.99,index,41413,climdiv-pmdicy-v1.0.0-20261006
1947-09,-2.46,-2.46,index,41413,climdiv-pmdicy-v1.0.0-20261006
1947-10,-3.01,-3.01,index,41413,climdiv-pmdicy-v1.0.0-20261006
1947-11,-2.77,-2.77,index,41413,climdiv-pmdicy-v1.0.0-20261006
1947-12,-2.14,-2.14,index,41413,climdiv-pmdicy-v1.0.0-20261006
1948-01,-2.41,-2.41,index,41413,climdiv-pmdicy-v1.0.0-20261006
1948-02,-2.35,-2.35,index,41413,climdiv-pmdicy-v1.0.0-20261006
1948-03,-2.37,-2.37,index,41413,climdiv-pmdicy-v1.0.0-20261006
1948-04,-2.69,-2.69,index,41413,climdiv-pmdicy-v1.0.0-20261006
1948-05,-3.16,-3.16,index,41413,climdiv-pmdicy-v1.0.0-20261006
1948-06,-3.38,-3.38,index,41413,climdiv-pmdicy-v1.0.0-20261006
1948-07,-2.97,-2.97,index,41413,climdiv-pmdicy-v1.0.0-20261006
1948-08,-3.49,-3.49,index,41413,climdiv-pmdicy-v1.0.0-20261006
1948-09,-2.07,-2.07,index,41413,climdiv-pmdicy-v1.0.0-20261006
1948-10,-2.66,-2.66,index,41413,climdiv-pmdicy-v1.0.0-20261006
1948-11,-2.75,-2.75,index,41413,climdiv-pmdicy-v1.0.0-20261006
1948-12,-2.91,-2.91,index,41413,climdiv-pmdicy-v1.0.0-20261006
1949-01,-1.36,-1.36,index,41413,climdiv-pmdicy-v1.0.0-20261006
1949-02,0.0,0.00,index,41413,climdiv-pmdicy-v1.0.0-20261006
1949-03,0.34,0.34,index,41413,climdiv-pmdicy-v1.0.0-20261006
1949-04,1.78,1.78,index,41413,climdiv-pmdicy-v1.0.0-20261006
1949-05,2.15,2.15,index,41413,climdiv-pmdicy-v1.0.0-20261006
1949-06,2.59,2.59,index,41413,climdiv-pmdicy-v1.0.0-20261006
1949-07,2.42,2.42,index,41413,climdiv-pmdicy-v1.0.0-20261006
1949-08,1.93,1.93,index,41413,climdiv-pmdicy-v1.0.0-20261006
1949-09,2.13,2.13,index,41413,climdiv-pmdicy-v1.0.0-20261006
1949-10,2.48,2.48,index,41413,climdiv-pmdicy-v1.0.0-20261006
1949-11,1.21,1.21,index,41413,climdiv-pmdicy-v1.0.0-20261006
1949-12,1.37,1.37,index,41413,climdiv-pmdicy-v1.0.0-20261006
1950-01,0.31,0.31,index,41413,climdiv-pmdicy-v1.0.0-20261006
1950-02,-0.52,-0.52,index,41413,climdiv-pmdicy-v1.0.0-20261006
1950-03,-1.24,-1.24,index,41413,climdiv-pmdicy-v1.0.0-20261006
1950-04,-1.16,-1.16,index,41413,climdiv-pmdicy-v1.0.0-20261006
1950-05,-1.01,-1.01,index,41413,climdiv-pmdicy-v1.0.0-20261006
1950-06,-1.26,-1.26,index,41413,climdiv-pmdicy-v1.0.0-20261006
1950-07,0.2,0.20,index,41413,climdiv-pmdicy-v1.0.0-20261006
1950-08,-0.01,-0.01,index,41413,climdiv-pmdicy-v1.0.0-20261006
1950-09,0.43,0.43,index,41413,climdiv-pmdicy-v1.0.0-20261006
1950-10,-0.87,-0.87,index,41413,climdiv-pmdicy-v1.0.0-20261006
1950-11,-1.36,-1.36,index,41413,climdiv-pmdicy-v1.0.0-20261006
1950-12,-1.69,-1.69,index,41413,climdiv-pmdicy-v1.0.0-20261006
1951-01,-2.06,-2.06,index,41413,climdiv-pmdicy-v1.0.0-20261006
1951-02,-2.28,-2.28,index,41413,climdiv-pmdicy-v1.0.0-20261006
1951-03,-2.25,-2.25,index,41413,climdiv-pmdicy-v1.0.0-20261006
1951-04,-2.56,-2.56,index,41413,climdiv-pmdicy-v1.0.0-20261006
1951-05,-3.28,-3.28,index,41413,climdiv-pmdicy-v1.0.0-20261006
1951-06,-3.37,-3.37,index,41413,climdiv-pmdicy-v1.0.0-20261006
1951-07,-3.83,-3.83,index,41413,climdiv-pmdicy-v1.0.0-20261006
1951-08,-4.12,-4.12,index,41413,climdiv-pmdicy-v1.0.0-20261006
1951-09,-4.57,-4.57,index,41413,climdiv-pmdicy-v1.0.0-20261006
1951-10,-4.96,-4.96,index,41413,climdiv-pmdicy-v1.0.0-20261006
1951-11,-4.91,-4.91,index,41413,climdiv-pmdicy-v1.0.0-20261006
1951-12,-4.93,-4.93,index,41413,climdiv-pmdicy-v1.0.0-20261006
1952-01,-5.18,-5.18,index,41413,climdiv-pmdicy-v1.0.0-20261006
1952-02,-5.23,-5.23,index,41413,climdiv-pmdicy-v1.0.0-20261006
1952-03,-4.98,-4.98,index,41413,climdiv-pmdicy-v1.0.0-20261006
1952-04,-4.64,-4.64,index,41413,climdiv-pmdicy-v1.0.0-20261006
1952-05,-4.47,-4.47,index,41413,climdiv-pmdicy-v1.0.0-20261006
1952-06,-5.18,-5.18,index,41413,climdiv-pmdicy-v1.0.0-20261006
1952-07,-5.33,-5.33,index,41413,climdiv-pmdicy-v1.0.0-20261006
1952-08,-5.73,-5.73,index,41413,climdiv-pmdicy-v1.0.0-20261006
1952-09,-5.68,-5.68,index,41413,climdiv-pmdicy-v1.0.0-20261006
1952-10,-5.86,-5.86,index,41413,climdiv-pmdicy-v1.0.0-20261006
1952-11,-4.82,-4.82,index,41413,climdiv-pmdicy-v1.0.0-20261006
1952-12,-4.26,-4.26,index,41413,climdiv-pmdicy-v1.0.0-20261006
1953-01,-4.68,-4.68,index,41413,climdiv-pmdicy-v1.0.0-20261006
1953-02,-4.75,-4.75,index,41413,climdiv-pmdicy-v1.0.0-20261006
1953-03,-4.28,-4.28,index,41413,climdiv-pmdicy-v1.0.0-20261006
1953-04,-4.24,-4.24,index,41413,climdiv-pmdicy-v1.0.0-20261006
1953-05,-4.73,-4.73,index,41413,climdiv-pmdicy-v1.0.0-20261006
1953-06,-5.51,-5.51,index,41413,climdiv-pmdicy-v1.0.0-20261006
1953-07,-5.44,-5.44,index,41413,climdiv-pmdicy-v1.0.0-20261006
1953-08,-4.83,-4.83,index,41413,climdiv-pmdicy-v1.0.0-20261006
1953-09,-5.07,-5.07,index,41413,climdiv-pmdicy-v1.0.0-20261006
1953-10,-4.17,-4.17,index,41413,climdiv-pmdicy-v1.0.0-20261006
1953-11,-4.42,-4.42,index,41413,climdiv-pmdicy-v1.0.0-20261006
1953-12,-4.25,-4.25,index,41413,climdiv-pmdicy-v1.0.0-20261006
1954-01,-4.33,-4.33,index,41413,climdiv-pmdicy-v1.0.0-20261006
1954-02,-4.65,-4.65,index,41413,climdiv-pmdicy-v1.0.0-20261006
1954-03,-4.7,-4.70,index,41413,climdiv-pmdicy-v1.0.0-20261006
1954-04,-4.15,-4.15,index,41413,climdiv-pmdicy-v1.0.0-20261006
1954-05,-4.11,-4.11,index,41413,climdiv-pmdicy-v1.0.0-20261006
1954-06,-4.0,-4.00,index,41413,climdiv-pmdicy-v1.0.0-20261006
1954-07,-4.53,-4.53,index,41413,climdiv-pmdicy-v1.0.0-20261006
1954-08,-4.81,-4.81,index,41413,climdiv-pmdicy-v1.0.0-20261006
1954-09,-5.16,-5.16,index,41413,climdiv-pmdicy-v1.0.0-20261006
1954-10,-5.16,-5.16,index,41413,climdiv-pmdicy-v1.0.0-20261006
1954-11,-5.12,-5.12,index,41413,climdiv-pmdicy-v1.0.0-20261006
1954-12,-5.18,-5.18,index,41413,climdiv-pmdicy-v1.0.0-20261006
1955-01,-4.49,-4.49,index,41413,climdiv-pmdicy-v1.0.0-20261006
1955-02,-4.34,-4.34,index,41413,climdiv-pmdicy-v1.0.0-20261006
1955-03,-4.35,-4.35,index,41413,climdiv-pmdicy-v1.0.0-20261006
1955-04,-4.99,-4.99,index,41413,climdiv-pmdicy-v1.0.0-20261006
1955-05,-4.99,-4.99,index,41413,climdiv-pmdicy-v1.0.0-20261006
1955-06,-4.82,-4.82,index,41413,climdiv-pmdicy-v1.0.0-20261006
1955-07,-3.56,-3.56,index,41413,climdiv-pmdicy-v1.0.0-20261006
1955-08,-2.86,-2.86,index,41413,climdiv-pmdicy-v1.0.0-20261006
1955-09,-2.64,-2.64,index,41413,climdiv-pmdicy-v1.0.0-20261006
1955-10,-3.55,-3.55,index,41413,climdiv-pmdicy-v1.0.0-20261006
1955-11,-3.47,-3.47,index,41413,climdiv-pmdicy-v1.0.0-20261006
1955-12,-3.55,-3.55,index,41413,climdiv-pmdicy-v1.0.0-20261006
1956-01,-3.37,-3.37,index,41413,climdiv-pmdicy-v1.0.0-20261006
1956-02,-3.48,-3.48,index,41413,climdiv-pmdicy-v1.0.0-20261006
1956-03,-3.84,-3.84,index,41413,climdiv-pmdicy-v1.0.0-20261006
1956-04,-3.86,-3.86,index,41413,climdiv-pmdicy-v1.0.0-20261006
1956-05,-3.87,-3.87,index,41413,climdiv-pmdicy-v1.0.0-20261006
1956-06,-4.66,-4.66,index,41413,climdiv-pmdicy-v1.0.0-20261006
1956-07,-4.59,-4.59,index,41413,climdiv-pmdicy-v1.0.0-20261006
1956-08,-4.79,-4.79,index,41413,climdiv-pmdicy-v1.0.0-20261006
1956-09,-5.06,-5.06,index,41413,climdiv-pmdicy-v1.0.0-20261006
1956-10,-4.84,-4.84,index,41413,climdiv-pmdicy-v1.0.0-20261006
1956-11,-4.62,-4.62,index,41413,climdiv-pmdicy-v1.0.0-20261006
1956-12,-4.51,-4.51,index,41413,climdiv-pmdicy-v1.0.0-20261006
1957-01,-4.42,-4.42,index,41413,climdiv-pmdicy-v1.0.0-20261006
1957-02,-3.88,-3.88,index,41413,climdiv-pmdicy-v1.0.0-20261006
1957-03,-3.1,-3.10,index,41413,climdiv-pmdicy-v1.0.0-20261006
1957-04,-0.01,-0.01,index,41413,climdiv-pmdicy-v1.0.0-20261006
1957-05,3.99,3.99,index,41413,climdiv-pmdicy-v1.0.0-20261006
1957-06,3.98,3.98,index,41413,climdiv-pmdicy-v1.0.0-20261006
1957-07,2.88,2.88,index,41413,climdiv-pmdicy-v1.0.0-20261006
1957-08,0.64,0.64,index,41413,climdiv-pmdicy-v1.0.0-20261006
1957-09,-0.02,-0.02,index,41413,climdiv-pmdicy-v1.0.0-20261006
1957-10,2.01,2.01,index,41413,climdiv-pmdicy-v1.0.0-20261006
1957-11,3.27,3.27,index,41413,climdiv-pmdicy-v1.0.0-20261006
1957-12,2.5,2.50,index,41413,climdiv-pmdicy-v1.0.0-20261006
1958-01,3.26,3.26,index,41413,climdiv-pmdicy-v1.0.0-20261006
1958-02,4.1,4.10,index,41413,climdiv-pmdicy-v1.0.0-20261006
1958-03,4.36,4.36,index,41413,climdiv-pmdicy-v1.0.0-20261006
1958-04,3.89,3.89,index,41413,climdiv-pmdicy-v1.0.0-20261006
1958-05,3.73,3.73,index,41413,climdiv-pmdicy-v1.0.0-20261006
1958-06,4.54,4.54,index,41413,climdiv-pmdicy-v1.0.0-20261006
1958-07,3.71,3.71,index,41413,climdiv-pmdicy-v1.0.0-20261006
1958-08,3.81,3.81,index,41413,climdiv-pmdicy-v1.0.0-20261006
1958-09,4.01,4.01,index,41413,climdiv-pmdicy-v1.0.0-20261006
1958-10,3.68,3.68,index,41413,climdiv-pmdicy-v1.0.0-20261006
1958-11,3.39,3.39,index,41413,climdiv-pmdicy-v1.0.0-20261006
1958-12,2.32,2.32,index,41413,climdiv-pmdicy-v1.0.0-20261006
1959-01,0.94,0.94,index,41413,climdiv-pmdicy-v1.0.0-20261006
1959-02,0.57,0.57,index,41413,climdiv-pmdicy-v1.0.0-20261006
1959-03,-0.34,-0.34,index,41413,climdiv-pmdicy-v1.0.0-20261006
1959-04,-0.94,-0.94,index,41413,climdiv-pmdicy-v1.0.0-20261006
1959-05,-1.64,-1.64,index,41413,climdiv-pmdicy-v1.0.0-20261006
1959-06,-0.23,-0.23,index,41413,climdiv-pmdicy-v1.0.0-20261006
1959-07,1.31,1.31,index,41413,climdiv-pmdicy-v1.0.0-20261006
1959-08,-0.46,-0.46,index,41413,climdiv-pmdicy-v1.0.0-20261006
1959-09,-0.99,-0.99,index,41413,climdiv-pmdicy-v1.0.0-20261006
1959-10,0.78,0.78,index,41413,climdiv-pmdicy-v1.0.0-20261006
1959-11,0.88,0.88,index,41413,climdiv-pmdicy-v1.0.0-20261006
1959-12,1.57,1.57,index,41413,climdiv-pmdicy-v1.0.0-20261006
1960-01,2.0,2.00,index,41413,climdiv-pmdicy-v1.0.0-20261006
1960-02,2.05,2.05,index,41413,climdiv-pmdicy-v1.0.0-20261006
1960-03,2.02,2.02,index,41413,climdiv-pmdicy-v1.0.0-20261006
1960-04,0.69,0.69,index,41413,climdiv-pmdicy-v1.0.0-20261006
1960-05,-0.9,-0.90,index,41413,climdiv-pmdicy-v1.0.0-20261006
1960-06,-1.96,-1.96,index,41413,climdiv-pmdicy-v1.0.0-20261006
1960-07,-0.61,-0.61,index,41413,climdiv-pmdicy-v1.0.0-20261006
1960-08,-0.54,-0.54,index,41413,climdiv-pmdicy-v1.0.0-20261006
1960-09,-1.94,-1.94,index,41413,climdiv-pmdicy-v1.0.0-20261006
1960-10,-1.75,-1.75,index,41413,climdiv-pmdicy-v1.0.0-20261006
1960-11,-2.14,-2.14,index,41413,climdiv-pmdicy-v1.0.0-20261006
1960-12,-0.31,-0.31,index,41413,climdiv-pmdicy-v1.0.0-20261006
1961-01,1.47,1.47,index,41413,climdiv-pmdicy-v1.0.0-20261006
1961-02,1.03,1.03,index,41413,climdiv-pmdicy-v1.0.0-20261006
1961-03,-0.04,-0.04,index,41413,climdiv-pmdicy-v1.0.0-20261006
1961-04,-0.81,-0.81,index,41413,climdiv-pmdicy-v1.0.0-20261006
1961-05,-1.1,-1.10,index,41413,climdiv-pmdicy-v1.0.0-20261006
1961-06,1.57,1.57,index,41413,climdiv-pmdicy-v1.0.0-20261006
1961-07,2.36,2.36,index,41413,climdiv-pmdicy-v1.0.0-20261006
1961-08,1.29,1.29,index,41413,climdiv-pmdicy-v1.0.0-20261006
1961-09,1.39,1.39,index,41413,climdiv-pmdicy-v1.0.0-20261006
1961-10,1.45,1.45,index,41413,climdiv-pmdicy-v1.0.0-20261006
1961-11,1.9,1.90,index,41413,climdiv-pmdicy-v1.0.0-20261006
1961-12,0.87,0.87,index,41413,climdiv-pmdicy-v1.0.0-20261006
1962-01,-0.24,-0.24,index,41413,climdiv-pmdicy-v1.0.0-20261006
1962-02,-1.12,-1.12,index,41413,climdiv-pmdicy-v1.0.0-20261006
1962-03,-1.25,-1.25,index,41413,climdiv-pmdicy-v1.0.0-20261006
1962-04,-0.38,-0.38,index,41413,climdiv-pmdicy-v1.0.0-20261006
1962-05,-1.84,-1.84,index,41413,climdiv-pmdicy-v1.0.0-20261006
1962-06,-1.84,-1.84,index,41413,climdiv-pmdicy-v1.0.0-20261006
1962-07,-2.09,-2.09,index,41413,climdiv-pmdicy-v1.0.0-20261006
1962-08,-2.56,-2.56,index,41413,climdiv-pmdicy-v1.0.0-20261006
1962-09,-2.24,-2.24,index,41413,climdiv-pmdicy-v1.0.0-20261006
1962-10,-2.46,-2.46,index,41413,climdiv-pmdicy-v1.0.0-20261006
1962-11,-2.37,-2.37,index,41413,climdiv-pmdicy-v1.0.0-20261006
1962-12,-2.3,-2.30,index,41413,climdiv-pmdicy-v1.0.0-20261006
1963-01,-2.52,-2.52,index,41413,climdiv-pmdicy-v1.0.0-20261006
1963-02,-2.45,-2.45,index,41413,climdiv-pmdicy-v1.0.0-20261006
1963-03,-2.75,-2.75,index,41413,climdiv-pmdicy-v1.0.0-20261006
1963-04,-3.13,-3.13,index,41413,climdiv-pmdicy-v1.0.0-20261006
1963-05,-1.78,-1.78,index,41413,climdiv-pmdicy-v1.0.0-20261006
1963-06,-2.34,-2.34,index,41413,climdiv-pmdicy-v1.0.0-20261006
1963-07,-3.22,-3.22,index,41413,climdiv-pmdicy-v1.0.0-20261006
1963-08,-3.21,-3.21,index,41413,climdiv-pmdicy-v1.0.0-20261006
1963-09,-3.33,-3.33,index,41413,climdiv-pmdicy-v1.0.0-20261006
1963-10,-3.79,-3.79,index,41413,climdiv-pmdicy-v1.0.0-20261006
1963-11,-2.09,-2.09,index,41413,climdiv-pmdicy-v1.0.0-20261006
1963-12,-1.76,-1.76,index,41413,climdiv-pmdicy-v1.0.0-20261006
1964-01,-0.77,-0.77,index,41413,climdiv-pmdicy-v1.0.0-20261006
1964-02,-0.22,-0.22,index,41413,climdiv-pmdicy-v1.0.0-20261006
1964-03,0.33,0.33,index,41413,climdiv-pmdicy-v1.0.0-20261006
1964-04,-0.09,-0.09,index,41413,climdiv-pmdicy-v1.0.0-20261006
1964-05,-1.41,-1.41,index,41413,climdiv-pmdicy-v1.0.0-20261006
1964-06,-2.71,-2.71,index,41413,climdiv-pmdicy-v1.0.0-20261006
1964-07,-2.79,-2.79,index,41413,climdiv-pmdicy-v1.0.0-20261006
1964-08,-2.97,-2.97,index,41413,climdiv-pmdicy-v1.0.0-20261006
1964-09,-0.07,-0.07,index,41413,climdiv-pmdicy-v1.0.0-20261006
1964-10,-0.51,-0.51,index,41413,climdiv-pmdicy-v1.0.0-20261006
1964-11,-0.53,-0.53,index,41413,climdiv-pmdicy-v1.0.0-20261006
1964-12,-1.03,-1.03,index,41413,climdiv-pmdicy-v1.0.0-20261006
1965-01,-1.01,-1.01,index,41413,climdiv-pmdicy-v1.0.0-20261006
1965-02,0.65,0.65,index,41413,climdiv-pmdicy-v1.0.0-20261006
1965-03,0.51,0.51,index,41413,climdiv-pmdicy-v1.0.0-20261006
1965-04,-0.49,-0.49,index,41413,climdiv-pmdicy-v1.0.0-20261006
1965-05,0.58,0.58,index,41413,climdiv-pmdicy-v1.0.0-20261006
1965-06,0.56,0.56,index,41413,climdiv-pmdicy-v1.0.0-20261006
1965-07,-0.67,-0.67,index,41413,climdiv-pmdicy-v1.0.0-20261006
1965-08,-0.81,-0.81,index,41413,climdiv-pmdicy-v1.0.0-20261006
1965-09,-1.41,-1.41,index,41413,climdiv-pmdicy-v1.0.0-20261006
1965-10,-1.49,-1.49,index,41413,climdiv-pmdicy-v1.0.0-20261006
1965-11,-1.97,-1.97,index,41413,climdiv-pmdicy-v1.0.0-20261006
1965-12,-1.88,-1.88,index,41413,climdiv-pmdicy-v1.0.0-20261006
1966-01,-1.87,-1.87,index,41413,climdiv-pmdicy-v1.0.0-20261006
1966-02,-1.48,-1.48,index,41413,climdiv-pmdicy-v1.0.0-20261006
1966-03,-1.53,-1.53,index,41413,climdiv-pmdicy-v1.0.0-20261006
1966-04,0.04,0.04,index,41413,climdiv-pmdicy-v1.0.0-20261006
1966-05,-0.01,-0.01,index,41413,climdiv-pmdicy-v1.0.0-20261006
1966-06,-0.96,-0.96,index,41413,climdiv-pmdicy-v1.0.0-20261006
1966-07,-1.77,-1.77,index,41413,climdiv-pmdicy-v1.0.0-20261006
1966-08,0.66,0.66,index,41413,climdiv-pmdicy-v1.0.0-20261006
1966-09,1.08,1.08,index,41413,climdiv-pmdicy-v1.0.0-20261006
1966-10,-0.05,-0.05,index,41413,climdiv-pmdicy-v1.0.0-20261006
1966-11,-0.97,-0.97,index,41413,climdiv-pmdicy-v1.0.0-20261006
1966-12,-1.32,-1.32,index,41413,climdiv-pmdicy-v1.0.0-20261006
1967-01,-1.77,-1.77,index,41413,climdiv-pmdicy-v1.0.0-20261006
1967-02,-2.01,-2.01,index,41413,climdiv-pmdicy-v1.0.0-20261006
1967-03,-2.38,-2.38,index,41413,climdiv-pmdicy-v1.0.0-20261006
1967-04,-2.79,-2.79,index,41413,climdiv-pmdicy-v1.0.0-20261006
1967-05,-2.76,-2.76,index,41413,climdiv-pmdicy-v1.0.0-20261006
1967-06,-3.33,-3.33,index,41413,climdiv-pmdicy-v1.0.0-20261006
1967-07,-3.36,-3.36,index,41413,climdiv-pmdicy-v1.0.0-20261006
1967-08,-3.45,-3.45,index,41413,climdiv-pmdicy-v1.0.0-20261006
1967-09,-1.13,-1.13,index,41413,climdiv-pmdicy-v1.0.0-20261006
1967-10,-1.45,-1.45,index,41413,climdiv-pmdicy-v1.0.0-20261006
1967-11,-0.08,-0.08,index,41413,climdiv-pmdicy-v1.0.0-20261006
1967-12,0.51,0.51,index,41413,climdiv-pmdicy-v1.0.0-20261006
1968-01,1.68,1.68,index,41413,climdiv-pmdicy-v1.0.0-20261006
1968-02,1.77,1.77,index,41413,climdiv-pmdicy-v1.0.0-20261006
1968-03,2.16,2.16,index,41413,climdiv-pmdicy-v1.0.0-20261006
1968-04,2.68,2.68,index,41413,climdiv-pmdicy-v1.0.0-20261006
1968-05,2.63,2.63,index,41413,climdiv-pmdicy-v1.0.0-20261006
1968-06,2.7,2.70,index,41413,climdiv-pmdicy-v1.0.0-20261006
1968-07,3.38,3.38,index,41413,climdiv-pmdicy-v1.0.0-20261006
1968-08,2.5,2.50,index,41413,climdiv-pmdicy-v1.0.0-20261006
1968-09,1.67,1.67,index,41413,climdiv-pmdicy-v1.0.0-20261006
1968-10,-0.16,-0.16,index,41413,climdiv-pmdicy-v1.0.0-20261006
1968-11,1.44,1.44,index,41413,climdiv-pmdicy-v1.0.0-20261006
1968-12,0.76,0.76,index,41413,climdiv-pmdicy-v1.0.0-20261006
1969-01,-0.38,-0.38,index,41413,climdiv-pmdicy-v1.0.0-20261006
1969-02,-0.38,-0.38,index,41413,climdiv-pmdicy-v1.0.0-20261006
1969-03,0.57,0.57,index,41413,climdiv-pmdicy-v1.0.0-20261006
1969-04,2.26,2.26,index,41413,climdiv-pmdicy-v1.0.0-20261006
1969-05,2.2,2.20,index,41413,climdiv-pmdicy-v1.0.0-20261006
1969-06,1.63,1.63,index,41413,climdiv-pmdicy-v1.0.0-20261006
1969-07,-0.22,-0.22,index,41413,climdiv-pmdicy-v1.0.0-20261006
1969-08,0.87,0.87,index,41413,climdiv-pmdicy-v1.0.0-20261006
1969-09,1.08,1.08,index,41413,climdiv-pmdicy-v1.0.0-20261006
1969-10,2.21,2.21,index,41413,climdiv-pmdicy-v1.0.0-20261006
1969-11,3.1,3.10,index,41413,climdiv-pmdicy-v1.0.0-20261006
1969-12,3.39,3.39,index,41413,climdiv-pmdicy-v1.0.0-20261006
1970-01,2.76,2.76,index,41413,climdiv-pmdicy-v1.0.0-20261006
1970-02,2.92,2.92,index,41413,climdiv-pmdicy-v1.0.0-20261006
1970-03,3.24,3.24,index,41413,climdiv-pmdicy-v1.0.0-20261006
1970-04,3.02,3.02,index,41413,climdiv-pmdicy-v1.0.0-20261006
1970-05,3.18,3.18,index,41413,climdiv-pmdicy-v1.0.0-20261006
1970-06,3.59,3.59,index,41413,climdiv-pmdicy-v1.0.0-20261006
1970-07,2.44,2.44,index,41413,climdiv-pmdicy-v1.0.0-20261006
1970-08,1.61,1.61,index,41413,climdiv-pmdicy-v1.0.0-20261006
1970-09,1.39,1.39,index,41413,climdiv-pmdicy-v1.0.0-20261006
1970-10,0.36,0.36,index,41413,climdiv-pmdicy-v1.0.0-20261006
1970-11,-0.8,-0.80,index,41413,climdiv-pmdicy-v1.0.0-20261006
1970-12,-1.7,-1.70,index,41413,climdiv-pmdicy-v1.0.0-20261006
1971-01,-2.2,-2.20,index,41413,climdiv-pmdicy-v1.0.0-20261006
1971-02,-2.19,-2.19,index,41413,climdiv-pmdicy-v1.0.0-20261006
1971-03,-2.6,-2.60,index,41413,climdiv-pmdicy-v1.0.0-20261006
1971-04,-1.41,-1.41,index,41413,climdiv-pmdicy-v1.0.0-20261006
1971-05,-2.71,-2.71,index,41413,climdiv-pmdicy-v1.0.0-20261006
1971-06,-2.36,-2.36,index,41413,climdiv-pmdicy-v1.0.0-20261006
1971-07,-1.21,-1.21,index,41413,climdiv-pmdicy-v1.0.0-20261006
1971-08,3.16,3.16,index,41413,climdiv-pmdicy-v1.0.0-20261006
1971-09,2.31,2.31,index,41413,climdiv-pmdicy-v1.0.0-20261006
1971-10,3.08,3.08,index,41413,climdiv-pmdicy-v1.0.0-20261006
1971-11,2.43,2.43,index,41413,climdiv-pmdicy-v1.0.0-20261006
1971-12,2.0,2.00,index,41413,climdiv-pmdicy-v1.0.0-20261006
1972-01,1.31,1.31,index,41413,climdiv-pmdicy-v1.0.0-20261006
1972-02,0.35,0.35,index,41413,climdiv-pmdicy-v1.0.0-20261006
1972-03,-0.79,-0.79,index,41413,climdiv-pmdicy-v1.0.0-20261006
1972-04,-1.42,-1.42,index,41413,climdiv-pmdicy-v1.0.0-20261006
1972-05,-0.32,-0.32,index,41413,climdiv-pmdicy-v1.0.0-20261006
1972-06,-0.1,-0.10,index,41413,climdiv-pmdicy-v1.0.0-20261006
1972-07,-1.28,-1.28,index,41413,climdiv-pmdicy-v1.0.0-20261006
1972-08,2.04,2.04,index,41413,climdiv-pmdicy-v1.0.0-20261006
1972-09,1.9,1.90,index,41413,climdiv-pmdicy-v1.0.0-20261006
1972-10,2.07,2.07,index,41413,climdiv-pmdicy-v1.0.0-20261006
1972-11,1.28,1.28,index,41413,climdiv-pmdicy-v1.0.0-20261006
1972-12,0.08,0.08,index,41413,climdiv-pmdicy-v1.0.0-20261006
1973-01,0.96,0.96,index,41413,climdiv-pmdicy-v1.0.0-20261006
1973-02,1.75,1.75,index,41413,climdiv-pmdicy-v1.0.0-20261006
1973-03,1.79,1.79,index,41413,climdiv-pmdicy-v1.0.0-20261006
1973-04,1.82,1.82,index,41413,climdiv-pmdicy-v1.0.0-20261006
1973-05,0.38,0.38,index,41413,climdiv-pmdicy-v1.0.0-20261006
1973-06,0.35,0.35,index,41413,climdiv-pmdicy-v1.0.0-20261006
1973-07,1.12,1.12,index,41413,climdiv-pmdicy-v1.0.0-20261006
1973-08,-0.74,-0.74,index,41413,climdiv-pmdicy-v1.0.0-20261006
1973-09,0.39,0.39,index,41413,climdiv-pmdicy-v1.0.0-20261006
1973-10,1.41,1.41,index,41413,climdiv-pmdicy-v1.0.0-20261006
1973-11,0.1,0.10,index,41413,climdiv-pmdicy-v1.0.0-20261006
1973-12,-0.8,-0.80,index,41413,climdiv-pmdicy-v1.0.0-20261006
1974-01,-1.11,-1.11,index,41413,climdiv-pmdicy-v1.0.0-20261006
1974-02,-1.56,-1.56,index,41413,climdiv-pmdicy-v1.0.0-20261006
1974-03,-1.9,-1.90,index,41413,climdiv-pmdicy-v1.0.0-20261006
1974-04,-1.42,-1.42,index,41413,climdiv-pmdicy-v1.0.0-20261006
1974-05,-0.03,-0.03,index,41413,climdiv-pmdicy-v1.0.0-20261006
1974-06,-1.14,-1.14,index,41413,climdiv-pmdicy-v1.0.0-20261006
1974-07,-1.96,-1.96,index,41413,climdiv-pmdicy-v1.0.0-20261006
1974-08,2.95,2.95,index,41413,climdiv-pmdicy-v1.0.0-20261006
1974-09,4.01,4.01,index,41413,climdiv-pmdicy-v1.0.0-20261006
1974-10,4.86,4.86,index,41413,climdiv-pmdicy-v1.0.0-20261006
1974-11,4.8,4.80,index,41413,climdiv-pmdicy-v1.0.0-20261006
1974-12,4.79,4.79,index,41413,climdiv-pmdicy-v1.0.0-20261006
1975-01,4.25,4.25,index,41413,climdiv-pmdicy-v1.0.0-20261006
1975-02,4.1,4.10,index,41413,climdiv-pmdicy-v1.0.0-20261006
1975-03,3.01,3.01,index,41413,climdiv-pmdicy-v1.0.0-20261006
1975-04,2.77,2.77,index,41413,climdiv-pmdicy-v1.0.0-20261006
1975-05,3.62,3.62,index,41413,climdiv-pmdicy-v1.0.0-20261006
1975-06,3.78,3.78,index,41413,climdiv-pmdicy-v1.0.0-20261006
1975-07,4.35,4.35,index,41413,climdiv-pmdicy-v1.0.0-20261006
1975-08,3.27,3.27,index,41413,climdiv-pmdicy-v1.0.0-20261006
1975-09,2.41,2.41,index,41413,climdiv-pmdicy-v1.0.0-20261006
1975-10,1.99,1.99,index,41413,climdiv-pmdicy-v1.0.0-20261006
1975-11,3.14,3.14,index,41413,climdiv-pmdicy-v1.0.0-20261006
1975-12,2.37,2.37,index,41413,climdiv-pmdicy-v1.0.0-20261006
1976-01,1.17,1.17,index,41413,climdiv-pmdicy-v1.0.0-20261006
1976-02,-0.56,-0.56,index,41413,climdiv-pmdicy-v1.0.0-20261006
1976-03,-1.49,-1.49,index,41413,climdiv-pmdicy-v1.0.0-20261006
1976-04,-0.86,-0.86,index,41413,climdiv-pmdicy-v1.0.0-20261006
1976-05,-1.35,-1.35,index,41413,climdiv-pmdicy-v1.0.0-20261006
1976-06,-1.73,-1.73,index,41413,climdiv-pmdicy-v1.0.0-20261006
1976-07,2.08,2.08,index,41413,climdiv-pmdicy-v1.0.0-20261006
1976-08,2.08,2.08,index,41413,climdiv-pmdicy-v1.0.0-20261006
1976-09,2.97,2.97,index,41413,climdiv-pmdicy-v1.0.0-20261006
1976-10,4.21,4.21,index,41413,climdiv-pmdicy-v1.0.0-20261006
1976-11,3.87,3.87,index,41413,climdiv-pmdicy-v1.0.0-20261006
1976-12,3.27,3.27,index,41413,climdiv-pmdicy-v1.0.0-20261006
1977-01,3.16,3.16,index,41413,climdiv-pmdicy-v1.0.0-20261006
1977-02,2.36,2.36,index,41413,climdiv-pmdicy-v1.0.0-20261006
1977-03,2.85,2.85,index,41413,climdiv-pmdicy-v1.0.0-20261006
1977-04,4.32,4.32,index,41413,climdiv-pmdicy-v1.0.0-20261006
1977-05,4.41,4.41,index,41413,climdiv-pmdicy-v1.0.0-20261006
1977-06,4.41,4.41,index,41413,climdiv-pmdicy-v1.0.0-20261006
1977-07,2.63,2.63,index,41413,climdiv-pmdicy-v1.0.0-20261006
1977-08,0.6,0.60,index,41413,climdiv-pmdicy-v1.0.0-20261006
1977-09,-1.83,-1.83,index,41413,climdiv-pmdicy-v1.0.0-20261006
1977-10,-2.08,-2.08,index,41413,climdiv-pmdicy-v1.0.0-20261006
1977-11,-2.23,-2.23,index,41413,climdiv-pmdicy-v1.0.0-20261006
1977-12,-2.54,-2.54,index,41413,climdiv-pmdicy-v1.0.0-20261006
1978-01,-2.4,-2.40,index,41413,climdiv-pmdicy-v1.0.0-20261006
1978-02,-1.51,-1.51,index,41413,climdiv-pmdicy-v1.0.0-20261006
1978-03,-1.8,-1.80,index,41413,climdiv-pmdicy-v1.0.0-20261006
1978-04,-2.3,-2.30,index,41413,climdiv-pmdicy-v1.0.0-20261006
1978-05,-2.62,-2.62,index,41413,climdiv-pmdicy-v1.0.0-20261006
1978-06,-1.63,-1.63,index,41413,climdiv-pmdicy-v1.0.0-20261006
1978-07,-2.47,-2.47,index,41413,climdiv-pmdicy-v1.0.0-20261006
1978-08,0.85,0.85,index,41413,climdiv-pmdicy-v1.0.0-20261006
1978-09,1.04,1.04,index,41413,climdiv-pmdicy-v1.0.0-20261006
1978-10,-0.04,-0.04,index,41413,climdiv-pmdicy-v1.0.0-20261006
1978-11,1.14,1.14,index,41413,climdiv-pmdicy-v1.0.0-20261006
1978-12,-0.04,-0.04,index,41413,climdiv-pmdicy-v1.0.0-20261006
1979-01,-0.54,-0.54,index,41413,climdiv-pmdicy-v1.0.0-20261006
1979-02,-0.36,-0.36,index,41413,climdiv-pmdicy-v1.0.0-20261006
1979-03,0.6,0.60,index,41413,climdiv-pmdicy-v1.0.0-20261006
1979-04,0.34,0.34,index,41413,climdiv-pmdicy-v1.0.0-20261006
1979-05,-0.66,-0.66,index,41413,climdiv-pmdicy-v1.0.0-20261006
1979-06,0.53,0.53,index,41413,climdiv-pmdicy-v1.0.0-20261006
1979-07,0.66,0.66,index,41413,climdiv-pmdicy-v1.0.0-20261006
1979-08,0.84,0.84,index,41413,climdiv-pmdicy-v1.0.0-20261006
1979-09,-0.83,-0.83,index,41413,climdiv-pmdicy-v1.0.0-20261006
1979-10,-1.6,-1.60,index,41413,climdiv-pmdicy-v1.0.0-20261006
1979-11,-1.84,-1.84,index,41413,climdiv-pmdicy-v1.0.0-20261006
1979-12,-0.41,-0.41,index,41413,climdiv-pmdicy-v1.0.0-20261006
1980-01,-0.72,-0.72,index,41413,climdiv-pmdicy-v1.0.0-20261006
1980-02,-1.13,-1.13,index,41413,climdiv-pmdicy-v1.0.0-20261006
1980-03,-1.27,-1.27,index,41413,climdiv-pmdicy-v1.0.0-20261006
1980-04,-1.83,-1.83,index,41413,climdiv-pmdicy-v1.0.0-20261006
1980-05,-0.8,-0.80,index,41413,climdiv-pmdicy-v1.0.0-20261006
1980-06,-1.69,-1.69,index,41413,climdiv-pmdicy-v1.0.0-20261006
1980-07,-2.51,-2.51,index,41413,climdiv-pmdicy-v1.0.0-20261006
1980-08,-2.65,-2.65,index,41413,climdiv-pmdicy-v1.0.0-20261006
1980-09,1.2,1.20,index,41413,climdiv-pmdicy-v1.0.0-20261006
1980-10,0.46,0.46,index,41413,climdiv-pmdicy-v1.0.0-20261006
1980-11,1.51,1.51,index,41413,climdiv-pmdicy-v1.0.0-20261006
1980-12,1.55,1.55,index,41413,climdiv-pmdicy-v1.0.0-20261006
1981-01,1.53,1.53,index,41413,climdiv-pmdicy-v1.0.0-20261006
1981-02,0.52,0.52,index,41413,climdiv-pmdicy-v1.0.0-20261006
1981-03,2.01,2.01,index,41413,climdiv-pmdicy-v1.0.0-20261006
1981-04,3.21,3.21,index,41413,climdiv-pmdicy-v1.0.0-20261006
1981-05,3.26,3.26,index,41413,climdiv-pmdicy-v1.0.0-20261006
1981-06,3.8,3.80,index,41413,climdiv-pmdicy-v1.0.0-20261006
1981-07,3.18,3.18,index,41413,climdiv-pmdicy-v1.0.0-20261006
1981-08,3.57,3.57,index,41413,climdiv-pmdicy-v1.0.0-20261006
1981-09,2.11,2.11,index,41413,climdiv-pmdicy-v1.0.0-20261006
1981-10,3.63,3.63,index,41413,climdiv-pmdicy-v1.0.0-20261006
1981-11,2.56,2.56,index,41413,climdiv-pmdicy-v1.0.0-20261006
1981-12,1.24,1.24,index,41413,climdiv-pmdicy-v1.0.0-20261006
1982-01,0.88,0.88,index,41413,climdiv-pmdicy-v1.0.0-20261006
1982-02,1.68,1.68,index,41413,climdiv-pmdicy-v1.0.0-20261006
1982-03,0.76,0.76,index,41413,climdiv-pmdicy-v1.0.0-20261006
1982-04,0.28,0.28,index,41413,climdiv-pmdicy-v1.0.0-20261006
1982-05,1.14,1.14,index,41413,climdiv-pmdicy-v1.0.0-20261006
1982-06,1.84,1.84,index,41413,climdiv-pmdicy-v1.0.0-20261006
1982-07,1.22,1.22,index,41413,climdiv-pmdicy-v1.0.0-20261006
1982-08,0.38,0.38,index,41413,climdiv-pmdicy-v1.0.0-20261006
1982-09,-1.12,-1.12,index,41413,climdiv-pmdicy-v1.0.0-20261006
1982-10,-1.45,-1.45,index,41413,climdiv-pmdicy-v1.0.0-20261006
1982-11,-0.89,-0.89,index,41413,climdiv-pmdicy-v1.0.0-20261006
1982-12,-0.27,-0.27,index,41413,climdiv-pmdicy-v1.0.0-20261006
1983-01,0.64,0.64,index,41413,climdiv-pmdicy-v1.0.0-20261006
1983-02,0.46,0.46,index,41413,climdiv-pmdicy-v1.0.0-20261006
1983-03,0.65,0.65,index,41413,climdiv-pmdicy-v1.0.0-20261006
1983-04,0.3,0.30,index,41413,climdiv-pmdicy-v1.0.0-20261006
1983-05,-0.93,-0.93,index,41413,climdiv-pmdicy-v1.0.0-20261006
1983-06,0.52,0.52,index,41413,climdiv-pmdicy-v1.0.0-20261006
1983-07,-0.92,-0.92,index,41413,climdiv-pmdicy-v1.0.0-20261006
1983-08,-1.53,-1.53,index,41413,climdiv-pmdicy-v1.0.0-20261006
1983-09,-2.15,-2.15,index,41413,climdiv-pmdicy-v1.0.0-20261006
1983-10,-0.55,-0.55,index,41413,climdiv-pmdicy-v1.0.0-20261006
1983-11,0.04,0.04,index,41413,climdiv-pmdicy-v1.0.0-20261006
1983-12,-0.47,-0.47,index,41413,climdiv-pmdicy-v1.0.0-20261006
1984-01,0.83,0.83,index,41413,climdiv-pmdicy-v1.0.0-20261006
1984-02,0.21,0.21,index,41413,climdiv-pmdicy-v1.0.0-20261006
1984-03,-0.08,-0.08,index,41413,climdiv-pmdicy-v1.0.0-20261006
1984-04,-1.07,-1.07,index,41413,climdiv-pmdicy-v1.0.0-20261006
1984-05,-2.14,-2.14,index,41413,climdiv-pmdicy-v1.0.0-20261006
1984-06,-2.25,-2.25,index,41413,climdiv-pmdicy-v1.0.0-20261006
1984-07,-2.58,-2.58,index,41413,climdiv-pmdicy-v1.0.0-20261006
1984-08,-3.18,-3.18,index,41413,climdiv-pmdicy-v1.0.0-20261006
1984-09,-3.14,-3.14,index,41413,climdiv-pmdicy-v1.0.0-20261006
1984-10,-1.0,-1.00,index,41413,climdiv-pmdicy-v1.0.0-20261006
1984-11,0.04,0.04,index,41413,climdiv-pmdicy-v1.0.0-20261006
1984-12,2.46,2.46,index,41413,climdiv-pmdicy-v1.0.0-20261006
1985-01,2.52,2.52,index,41413,climdiv-pmdicy-v1.0.0-20261006
1985-02,2.11,2.11,index,41413,climdiv-pmdicy-v1.0.0-20261006
1985-03,2.5,2.50,index,41413,climdiv-pmdicy-v1.0.0-20261006
1985-04,1.99,1.99,index,41413,climdiv-pmdicy-v1.0.0-20261006
1985-05,2.47,2.47,index,41413,climdiv-pmdicy-v1.0.0-20261006
1985-06,3.37,3.37,index,41413,climdiv-pmdicy-v1.0.0-20261006
1985-07,3.84,3.84,index,41413,climdiv-pmdicy-v1.0.0-20261006
1985-08,2.29,2.29,index,41413,climdiv-pmdicy-v1.0.0-20261006
1985-09,2.24,2.24,index,41413,climdiv-pmdicy-v1.0.0-20261006
1985-10,1.36,1.36,index,41413,climdiv-pmdicy-v1.0.0-20261006
1985-11,0.26,0.26,index,41413,climdiv-pmdicy-v1.0.0-20261006
1985-12,-0.65,-0.65,index,41413,climdiv-pmdicy-v1.0.0-20261006
1986-01,-1.57,-1.57,index,41413,climdiv-pmdicy-v1.0.0-20261006
1986-02,-1.78,-1.78,index,41413,climdiv-pmdicy-v1.0.0-20261006
1986-03,-2.11,-2.11,index,41413,climdiv-pmdicy-v1.0.0-20261006
1986-04,-3.04,-3.04,index,41413,climdiv-pmdicy-v1.0.0-20261006
1986-05,-0.96,-0.96,index,41413,climdiv-pmdicy-v1.0.0-20261006
1986-06,0.81,0.81,index,41413,climdiv-pmdicy-v1.0.0-20261006
1986-07,-0.08,-0.08,index,41413,climdiv-pmdicy-v1.0.0-20261006
1986-08,1.56,1.56,index,41413,climdiv-pmdicy-v1.0.0-20261006
1986-09,0.69,0.69,index,41413,climdiv-pmdicy-v1.0.0-20261006
1986-10,2.85,2.85,index,41413,climdiv-pmdicy-v1.0.0-20261006
1986-11,3.25,3.25,index,41413,climdiv-pmdicy-v1.0.0-20261006
1986-12,4.05,4.05,index,41413,climdiv-pmdicy-v1.0.0-20261006
1987-01,3.54,3.54,index,41413,climdiv-pmdicy-v1.0.0-20261006
1987-02,4.27,4.27,index,41413,climdiv-pmdicy-v1.0.0-20261006
1987-03,4.38,4.38,index,41413,climdiv-pmdicy-v1.0.0-20261006
1987-04,4.19,4.19,index,41413,climdiv-pmdicy-v1.0.0-20261006
1987-05,5.01,5.01,index,41413,climdiv-pmdicy-v1.0.0-20261006
1987-06,6.36,6.36,index,41413,climdiv-pmdicy-v1.0.0-20261006
1987-07,6.87,6.87,index,41413,climdiv-pmdicy-v1.0.0-20261006
1987-08,6.4,6.40,index,41413,climdiv-pmdicy-v1.0.0-20261006
1987-09,5.9,5.90,index,41413,climdiv-pmdicy-v1.0.0-20261006
1987-10,3.89,3.89,index,41413,climdiv-pmdicy-v1.0.0-20261006
1987-11,2.94,2.94,index,41413,climdiv-pmdicy-v1.0.0-20261006
1987-12,2.88,2.88,index,41413,climdiv-pmdicy-v1.0.0-20261006
1988-01,1.61,1.61,index,41413,climdiv-pmdicy-v1.0.0-20261006
1988-02,0.52,0.52,index,41413,climdiv-pmdicy-v1.0.0-20261006
1988-03,-0.51,-0.51,index,41413,climdiv-pmdicy-v1.0.0-20261006
1988-04,-1.56,-1.56,index,41413,climdiv-pmdicy-v1.0.0-20261006
1988-05,-2.02,-2.02,index,41413,climdiv-pmdicy-v1.0.0-20261006
1988-06,-2.17,-2.17,index,41413,climdiv-pmdicy-v1.0.0-20261006
1988-07,-1.25,-1.25,index,41413,climdiv-pmdicy-v1.0.0-20261006
1988-08,-1.54,-1.54,index,41413,climdiv-pmdicy-v1.0.0-20261006
1988-09,-1.13,-1.13,index,41413,climdiv-pmdicy-v1.0.0-20261006
1988-10,-2.02,-2.02,index,41413,climdiv-pmdicy-v1.0.0-20261006
1988-11,-2.51,-2.51,index,41413,climdiv-pmdicy-v1.0.0-20261006
1988-12,-2.38,-2.38,index,41413,climdiv-pmdicy-v1.0.0-20261006
1989-01,-2.3,-2.30,index,41413,climdiv-pmdicy-v1.0.0-20261006
1989-02,1.29,1.29,index,41413,climdiv-pmdicy-v1.0.0-20261006
1989-03,1.69,1.69,index,41413,climdiv-pmdicy-v1.0.0-20261006
1989-04,0.55,0.55,index,41413,climdiv-pmdicy-v1.0.0-20261006
1989-05,-0.94,-0.94,index,41413,climdiv-pmdicy-v1.0.0-20261006
1989-06,-1.19,-1.19,index,41413,climdiv-pmdicy-v1.0.0-20261006
1989-07,-1.91,-1.91,index,41413,climdiv-pmdicy-v1.0.0-20261006
1989-08,-2.08,-2.08,index,41413,climdiv-pmdicy-v1.0.0-20261006
1989-09,-2.21,-2.21,index,41413,climdiv-pmdicy-v1.0.0-20261006
1989-10,-1.81,-1.81,index,41413,climdiv-pmdicy-v1.0.0-20261006
1989-11,-2.07,-2.07,index,41413,climdiv-pmdicy-v1.0.0-20261006
1989-12,-2.06,-2.06,index,41413,climdiv-pmdicy-v1.0.0-20261006
1990-01,-2.12,-2.12,index,41413,climdiv-pmdicy-v1.0.0-20261006
1990-02,-0.62,-0.62,index,41413,climdiv-pmdicy-v1.0.0-20261006
1990-03,0.39,0.39,index,41413,climdiv-pmdicy-v1.0.0-20261006
1990-04,1.14,1.14,index,41413,climdiv-pmdicy-v1.0.0-20261006
1990-05,1.28,1.28,index,41413,climdiv-pmdicy-v1.0.0-20261006
1990-06,-1.03,-1.03,index,41413,climdiv-pmdicy-v1.0.0-20261006
1990-07,2.43,2.43,index,41413,climdiv-pmdicy-v1.0.0-20261006
1990-08,3.39,3.39,index,41413,climdiv-pmdicy-v1.0.0-20261006
1990-09,4.39,4.39,index,41413,climdiv-pmdicy-v1.0.0-20261006
1990-10,4.38,4.38,index,41413,climdiv-pmdicy-v1.0.0-20261006
1990-11,4.39,4.39,index,41413,climdiv-pmdicy-v1.0.0-20261006
1990-12,3.41,3.41,index,41413,climdiv-pmdicy-v1.0.0-20261006
1991-01,4.22,4.22,index,41413,climdiv-pmdicy-v1.0.0-20261006
1991-02,3.26,3.26,index,41413,climdiv-pmdicy-v1.0.0-20261006
1991-03,2.36,2.36,index,41413,climdiv-pmdicy-v1.0.0-20261006
1991-04,2.06,2.06,index,41413,climdiv-pmdicy-v1.0.0-20261006
1991-05,0.64,0.64,index,41413,climdiv-pmdicy-v1.0.0-20261006
1991-06,1.99,1.99,index,41413,climdiv-pmdicy-v1.0.0-20261006
1991-07,2.21,2.21,index,41413,climdiv-pmdicy-v1.0.0-20261006
1991-08,1.66,1.66,index,41413,climdiv-pmdicy-v1.0.0-20261006
1991-09,2.46,2.46,index,41413,climdiv-pmdicy-v1.0.0-20261006
1991-10,1.59,1.59,index,41413,climdiv-pmdicy-v1.0.0-20261006
1991-11,0.74,0.74,index,41413,climdiv-pmdicy-v1.0.0-20261006
1991-12,2.81,2.81,index,41413,climdiv-pmdicy-v1.0.0-20261006
1992-01,3.29,3.29,index,41413,climdiv-pmdicy-v1.0.0-20261006
1992-02,4.28,4.28,index,41413,climdiv-pmdicy-v1.0.0-20261006
1992-03,3.96,3.96,index,41413,climdiv-pmdicy-v1.0.0-20261006
1992-04,3.64,3.64,index,41413,climdiv-pmdicy-v1.0.0-20261006
1992-05,3.87,3.87,index,41413,climdiv-pmdicy-v1.0.0-20261006
1992-06,4.81,4.81,index,41413,climdiv-pmdicy-v1.0.0-20261006
1992-07,5.03,5.03,index,41413,climdiv-pmdicy-v1.0.0-20261006
1992-08,4.15,4.15,index,41413,climdiv-pmdicy-v1.0.0-20261006
1992-09,2.33,2.33,index,41413,climdiv-pmdicy-v1.0.0-20261006
1992-10,0.58,0.58,index,41413,climdiv-pmdicy-v1.0.0-20261006
1992-11,0.54,0.54,index,41413,climdiv-pmdicy-v1.0.0-20261006
1992-12,0.57,0.57,index,41413,climdiv-pmdicy-v1.0.0-20261006
1993-01,0.2,0.20,index,41413,climdiv-pmdicy-v1.0.0-20261006
1993-02,-0.02,-0.02,index,41413,climdiv-pmdicy-v1.0.0-20261006
1993-03,0.03,0.03,index,41413,climdiv-pmdicy-v1.0.0-20261006
1993-04,0.3,0.30,index,41413,climdiv-pmdicy-v1.0.0-20261006
1993-05,-0.11,-0.11,index,41413,climdiv-pmdicy-v1.0.0-20261006
1993-06,-0.13,-0.13,index,41413,climdiv-pmdicy-v1.0.0-20261006
1993-07,-0.76,-0.76,index,41413,climdiv-pmdicy-v1.0.0-20261006
1993-08,-0.67,-0.67,index,41413,climdiv-pmdicy-v1.0.0-20261006
1993-09,-0.32,-0.32,index,41413,climdiv-pmdicy-v1.0.0-20261006
1993-10,-0.76,-0.76,index,41413,climdiv-pmdicy-v1.0.0-20261006
1993-11,-1.08,-1.08,index,41413,climdiv-pmdicy-v1.0.0-20261006
1993-12,-1.16,-1.16,index,41413,climdiv-pmdicy-v1.0.0-20261006
1994-01,0.04,0.04,index,41413,climdiv-pmdicy-v1.0.0-20261006
1994-02,-0.32,-0.32,index,41413,climdiv-pmdicy-v1.0.0-20261006
1994-03,-1.08,-1.08,index,41413,climdiv-pmdicy-v1.0.0-20261006
1994-04,-1.34,-1.34,index,41413,climdiv-pmdicy-v1.0.0-20261006
1994-05,-1.38,-1.38,index,41413,climdiv-pmdicy-v1.0.0-20261006
1994-06,-1.98,-1.98,index,41413,climdiv-pmdicy-v1.0.0-20261006
1994-07,-2.51,-2.51,index,41413,climdiv-pmdicy-v1.0.0-20261006
1994-08,-2.68,-2.68,index,41413,climdiv-pmdicy-v1.0.0-20261006
1994-09,-2.08,-2.08,index,41413,climdiv-pmdicy-v1.0.0-20261006
1994-10,-1.52,-1.52,index,41413,climdiv-pmdicy-v1.0.0-20261006
1994-11,-0.2,-0.20,index,41413,climdiv-pmdicy-v1.0.0-20261006
1994-12,1.17,1.17,index,41413,climdiv-pmdicy-v1.0.0-20261006
1995-01,0.63,0.63,index,41413,climdiv-pmdicy-v1.0.0-20261006
1995-02,0.86,0.86,index,41413,climdiv-pmdicy-v1.0.0-20261006
1995-03,1.0,1.00,index,41413,climdiv-pmdicy-v1.0.0-20261006
1995-04,1.16,1.16,index,41413,climdiv-pmdicy-v1.0.0-20261006
1995-05,2.27,2.27,index,41413,climdiv-pmdicy-v1.0.0-20261006
1995-06,2.51,2.51,index,41413,climdiv-pmdicy-v1.0.0-20261006
1995-07,1.61,1.61,index,41413,climdiv-pmdicy-v1.0.0-20261006
1995-08,0.17,0.17,index,41413,climdiv-pmdicy-v1.0.0-20261006
1995-09,0.31,0.31,index,41413,climdiv-pmdicy-v1.0.0-20261006
1995-10,-0.62,-0.62,index,41413,climdiv-pmdicy-v1.0.0-20261006
1995-11,-0.14,-0.14,index,41413,climdiv-pmdicy-v1.0.0-20261006
1995-12,-0.88,-0.88,index,41413,climdiv-pmdicy-v1.0.0-20261006
1996-01,-1.32,-1.32,index,41413,climdiv-pmdicy-v1.0.0-20261006
1996-02,-1.81,-1.81,index,41413,climdiv-pmdicy-v1.0.0-20261006
1996-03,-1.99,-1.99,index,41413,climdiv-pmdicy-v1.0.0-20261006
1996-04,-2.08,-2.08,index,41413,climdiv-pmdicy-v1.0.0-20261006
1996-05,-2.84,-2.84,index,41413,climdiv-pmdicy-v1.0.0-20261006
1996-06,-3.42,-3.42,index,41413,climdiv-pmdicy-v1.0.0-20261006
1996-07,-3.68,-3.68,index,41413,climdiv-pmdicy-v1.0.0-20261006
1996-08,-1.32,-1.32,index,41413,climdiv-pmdicy-v1.0.0-20261006
1996-09,-0.86,-0.86,index,41413,climdiv-pmdicy-v1.0.0-20261006
1996-10,-1.1,-1.10,index,41413,climdiv-pmdicy-v1.0.0-20261006
1996-11,0.57,0.57,index,41413,climdiv-pmdicy-v1.0.0-20261006
1996-12,-0.18,-0.18,index,41413,climdiv-pmdicy-v1.0.0-20261006
1997-01,-0.57,-0.57,index,41413,climdiv-pmdicy-v1.0.0-20261006
1997-02,1.51,1.51,index,41413,climdiv-pmdicy-v1.0.0-20261006
1997-03,2.09,2.09,index,41413,climdiv-pmdicy-v1.0.0-20261006
1997-04,2.46,2.46,index,41413,climdiv-pmdicy-v1.0.0-20261006
1997-05,2.62,2.62,index,41413,climdiv-pmdicy-v1.0.0-20261006
1997-06,3.6,3.60,index,41413,climdiv-pmdicy-v1.0.0-20261006
1997-07,3.33,3.33,index,41413,climdiv-pmdicy-v1.0.0-20261006
1997-08,2.01,2.01,index,41413,climdiv-pmdicy-v1.0.0-20261006
1997-09,0.15,0.15,index,41413,climdiv-pmdicy-v1.0.0-20261006
1997-10,-1.09,-1.09,index,41413,climdiv-pmdicy-v1.0.0-20261006
1997-11,-1.16,-1.16,index,41413,climdiv-pmdicy-v1.0.0-20261006
1997-12,-0.53,-0.53,index,41413,climdiv-pmdicy-v1.0.0-20261006
1998-01,-0.98,-0.98,index,41413,climdiv-pmdicy-v1.0.0-20261006
1998-02,-1.0,-1.00,index,41413,climdiv-pmdicy-v1.0.0-20261006
1998-03,0.2,0.20,index,41413,climdiv-pmdicy-v1.0.0-20261006
1998-04,-0.79,-0.79,index,41413,climdiv-pmdicy-v1.0.0-20261006
1998-05,-1.83,-1.83,index,41413,climdiv-pmdicy-v1.0.0-20261006
1998-06,-2.34,-2.34,index,41413,climdiv-pmdicy-v1.0.0-20261006
1998-07,-3.02,-3.02,index,41413,climdiv-pmdicy-v1.0.0-20261006
1998-08,1.96,1.96,index,41413,climdiv-pmdicy-v1.0.0-20261006
1998-09,0.13,0.13,index,41413,climdiv-pmdicy-v1.0.0-20261006
1998-10,-0.72,-0.72,index,41413,climdiv-pmdicy-v1.0.0-20261006
1998-11,0.1,0.10,index,41413,climdiv-pmdicy-v1.0.0-20261006
1998-12,-0.12,-0.12,index,41413,climdiv-pmdicy-v1.0.0-20261006
1999-01,-0.65,-0.65,index,41413,climdiv-pmdicy-v1.0.0-20261006
1999-02,-1.6,-1.60,index,41413,climdiv-pmdicy-v1.0.0-20261006
1999-03,0.41,0.41,index,41413,climdiv-pmdicy-v1.0.0-20261006
1999-04,0.59,0.59,index,41413,climdiv-pmdicy-v1.0.0-20261006
1999-05,-0.28,-0.28,index,41413,climdiv-pmdicy-v1.0.0-20261006
1999-06,0.67,0.67,index,41413,climdiv-pmdicy-v1.0.0-20261006
1999-07,-0.17,-0.17,index,41413,climdiv-pmdicy-v1.0.0-20261006
1999-08,-1.33,-1.33,index,41413,climdiv-pmdicy-v1.0.0-20261006
1999-09,-2.35,-2.35,index,41413,climdiv-pmdicy-v1.0.0-20261006
1999-10,-2.48,-2.48,index,41413,climdiv-pmdicy-v1.0.0-20261006
1999-11,-2.93,-2.93,index,41413,climdiv-pmdicy-v1.0.0-20261006
1999-12,-3.04,-3.04,index,41413,climdiv-pmdicy-v1.0.0-20261006
2000-01,-3.42,-3.42,index,41413,climdiv-pmdicy-v1.0.0-20261006
2000-02,-3.76,-3.76,index,41413,climdiv-pmdicy-v1.0.0-20261006
2000-03,-3.99,-3.99,index,41413,climdiv-pmdicy-v1.0.0-20261006
2000-04,-4.17,-4.17,index,41413,climdiv-pmdicy-v1.0.0-20261006
2000-05,-5.04,-5.04,index,41413,climdiv-pmdicy-v1.0.0-20261006
2000-06,-2.29,-2.29,index,41413,climdiv-pmdicy-v1.0.0-20261006
2000-07,-3.46,-3.46,index,41413,climdiv-pmdicy-v1.0.0-20261006
2000-08,-4.43,-4.43,index,41413,climdiv-pmdicy-v1.0.0-20261006
2000-09,-4.59,-4.59,index,41413,climdiv-pmdicy-v1.0.0-20261006
2000-10,-1.87,-1.87,index,41413,climdiv-pmdicy-v1.0.0-20261006
2000-11,2.84,2.84,index,41413,climdiv-pmdicy-v1.0.0-20261006
2000-12,2.77,2.77,index,41413,climdiv-pmdicy-v1.0.0-20261006
2001-01,3.02,3.02,index,41413,climdiv-pmdicy-v1.0.0-20261006
2001-02,2.86,2.86,index,41413,climdiv-pmdicy-v1.0.0-20261006
2001-03,3.08,3.08,index,41413,climdiv-pmdicy-v1.0.0-20261006
2001-04,2.53,2.53,index,41413,climdiv-pmdicy-v1.0.0-20261006
2001-05,2.42,2.42,index,41413,climdiv-pmdicy-v1.0.0-20261006
2001-06,0.68,0.68,index,41413,climdiv-pmdicy-v1.0.0-20261006
2001-07,-1.16,-1.16,index,41413,climdiv-pmdicy-v1.0.0-20261006
2001-08,-0.96,-0.96,index,41413,climdiv-pmdicy-v1.0.0-20261006
2001-09,-1.28,-1.28,index,41413,climdiv-pmdicy-v1.0.0-20261006
2001-10,-1.71,-1.71,index,41413,climdiv-pmdicy-v1.0.0-20261006
2001-11,0.27,0.27,index,41413,climdiv-pmdicy-v1.0.0-20261006
2001-12,-0.38,-0.38,index,41413,climdiv-pmdicy-v1.0.0-20261006
2002-01,-1.32,-1.32,index,41413,climdiv-pmdicy-v1.0.0-20261006
2002-02,-1.25,-1.25,index,41413,climdiv-pmdicy-v1.0.0-20261006
2002-03,-0.35,-0.35,index,41413,climdiv-pmdicy-v1.0.0-20261006
2002-04,-1.29,-1.29,index,41413,climdiv-pmdicy-v1.0.0-20261006
2002-05,-2.39,-2.39,index,41413,climdiv-pmdicy-v1.0.0-20261006
2002-06,-2.85,-2.85,index,41413,climdiv-pmdicy-v1.0.0-20261006
2002-07,-0.02,-0.02,index,41413,climdiv-pmdicy-v1.0.0-20261006
2002-08,-1.29,-1.29,index,41413,climdiv-pmdicy-v1.0.0-20261006
2002-09,-1.38,-1.38,index,41413,climdiv-pmdicy-v1.0.0-20261006
2002-10,1.79,1.79,index,41413,climdiv-pmdicy-v1.0.0-20261006
2002-11,1.72,1.72,index,41413,climdiv-pmdicy-v1.0.0-20261006
2002-12,1.7,1.70,index,41413,climdiv-pmdicy-v1.0.0-20261006
2003-01,0.9,0.90,index,41413,climdiv-pmdicy-v1.0.0-20261006
2003-02,1.97,1.97,index,41413,climdiv-pmdicy-v1.0.0-20261006
2003-03,1.9,1.90,index,41413,climdiv-pmdicy-v1.0.0-20261006
2003-04,0.33,0.33,index,41413,climdiv-pmdicy-v1.0.0-20261006
2003-05,-0.74,-0.74,index,41413,climdiv-pmdicy-v1.0.0-20261006
2003-06,-0.25,-0.25,index,41413,climdiv-pmdicy-v1.0.0-20261006
2003-07,-0.74,-0.74,index,41413,climdiv-pmdicy-v1.0.0-20261006
2003-08,-0.89,-0.89,index,41413,climdiv-pmdicy-v1.0.0-20261006
2003-09,-0.8,-0.80,index,41413,climdiv-pmdicy-v1.0.0-20261006
2003-10,0.38,0.38,index,41413,climdiv-pmdicy-v1.0.0-20261006
2003-11,-0.48,-0.48,index,41413,climdiv-pmdicy-v1.0.0-20261006
2003-12,-0.95,-0.95,index,41413,climdiv-pmdicy-v1.0.0-20261006
2004-01,-1.01,-1.01,index,41413,climdiv-pmdicy-v1.0.0-20261006
2004-02,-0.07,-0.07,index,41413,climdiv-pmdicy-v1.0.0-20261006
2004-03,0.68,0.68,index,41413,climdiv-pmdicy-v1.0.0-20261006
2004-04,1.59,1.59,index,41413,climdiv-pmdicy-v1.0.0-20261006
2004-05,0.39,0.39,index,41413,climdiv-pmdicy-v1.0.0-20261006
2004-06,2.02,2.02,index,41413,climdiv-pmdicy-v1.0.0-20261006
2004-07,1.98,1.98,index,41413,climdiv-pmdicy-v1.0.0-20261006
2004-08,3.32,3.32,index,41413,climdiv-pmdicy-v1.0.0-20261006
2004-09,2.06,2.06,index,41413,climdiv-pmdicy-v1.0.0-20261006
2004-10,3.19,3.19,index,41413,climdiv-pmdicy-v1.0.0-20261006
2004-11,4.84,4.84,index,41413,climdiv-pmdicy-v1.0.0-20261006
2004-12,4.05,4.05,index,41413,climdiv-pmdicy-v1.0.0-20261006
2005-01,3.46,3.46,index,41413,climdiv-pmdicy-v1.0.0-20261006
2005-02,3.79,3.79,index,41413,climdiv-pmdicy-v1.0.0-20261006
2005-03,3.76,3.76,index,41413,climdiv-pmdicy-v1.0.0-20261006
2005-04,2.42,2.42,index,41413,climdiv-pmdicy-v1.0.0-20261006
2005-05,3.55,3.55,index,41413,climdiv-pmdicy-v1.0.0-20261006
2005-06,3.27,3.27,index,41413,climdiv-pmdicy-v1.0.0-20261006
2005-07,3.55,3.55,index,41413,climdiv-pmdicy-v1.0.0-20261006
2005-08,4.28,4.28,index,41413,climdiv-pmdicy-v1.0.0-20261006
2005-09,1.88,1.88,index,41413,climdiv-pmdicy-v1.0.0-20261006
2005-10,3.13,3.13,index,41413,climdiv-pmdicy-v1.0.0-20261006
2005-11,1.77,1.77,index,41413,climdiv-pmdicy-v1.0.0-20261006
2005-12,0.79,0.79,index,41413,climdiv-pmdicy-v1.0.0-20261006
2006-01,-0.46,-0.46,index,41413,climdiv-pmdicy-v1.0.0-20261006
2006-02,-1.18,-1.18,index,41413,climdiv-pmdicy-v1.0.0-20261006
2006-03,-1.18,-1.18,index,41413,climdiv-pmdicy-v1.0.0-20261006
2006-04,-1.77,-1.77,index,41413,climdiv-pmdicy-v1.0.0-20261006
2006-05,-2.65,-2.65,index,41413,climdiv-pmdicy-v1.0.0-20261006
2006-06,-3.09,-3.09,index,41413,climdiv-pmdicy-v1.0.0-20261006
2006-07,-3.4,-3.40,index,41413,climdiv-pmdicy-v1.0.0-20261006
2006-08,-3.1,-3.10,index,41413,climdiv-pmdicy-v1.0.0-20261006
2006-09,-3.13,-3.13,index,41413,climdiv-pmdicy-v1.0.0-20261006
2006-10,-2.87,-2.87,index,41413,climdiv-pmdicy-v1.0.0-20261006
2006-11,-3.3,-3.30,index,41413,climdiv-pmdicy-v1.0.0-20261006
2006-12,-3.07,-3.07,index,41413,climdiv-pmdicy-v1.0.0-20261006
2007-01,-1.71,-1.71,index,41413,climdiv-pmdicy-v1.0.0-20261006
2007-02,-1.81,-1.81,index,41413,climdiv-pmdicy-v1.0.0-20261006
2007-03,1.5,1.50,index,41413,climdiv-pmdicy-v1.0.0-20261006
2007-04,1.84,1.84,index,41413,climdiv-pmdicy-v1.0.0-20261006
2007-05,3.12,3.12,index,41413,climdiv-pmdicy-v1.0.0-20261006
2007-06,4.87,4.87,index,41413,climdiv-pmdicy-v1.0.0-20261006
2007-07,6.21,6.21,index,41413,climdiv-pmdicy-v1.0.0-20261006
2007-08,7.42,7.42,index,41413,climdiv-pmdicy-v1.0.0-20261006
2007-09,6.2,6.20,index,41413,climdiv-pmdicy-v1.0.0-20261006
2007-10,4.15,4.15,index,41413,climdiv-pmdicy-v1.0.0-20261006
2007-11,3.22,3.22,index,41413,climdiv-pmdicy-v1.0.0-20261006
2007-12,1.95,1.95,index,41413,climdiv-pmdicy-v1.0.0-20261006
2008-01,0.7,0.70,index,41413,climdiv-pmdicy-v1.0.0-20261006
2008-02,-0.74,-0.74,index,41413,climdiv-pmdicy-v1.0.0-20261006
2008-03,0.3,0.30,index,41413,climdiv-pmdicy-v1.0.0-20261006
2008-04,-0.57,-0.57,index,41413,climdiv-pmdicy-v1.0.0-20261006
2008-05,-2.35,-2.35,index,41413,climdiv-pmdicy-v1.0.0-20261006
2008-06,-2.2,-2.20,index,41413,climdiv-pmdicy-v1.0.0-20261006
2008-07,-2.74,-2.74,index,41413,climdiv-pmdicy-v1.0.0-20261006
2008-08,-1.01,-1.01,index,41413,climdiv-pmdicy-v1.0.0-20261006
2008-09,-1.34,-1.34,index,41413,climdiv-pmdicy-v1.0.0-20261006
2008-10,-0.97,-0.97,index,41413,climdiv-pmdicy-v1.0.0-20261006
2008-11,-1.86,-1.86,index,41413,climdiv-pmdicy-v1.0.0-20261006
2008-12,-2.26,-2.26,index,41413,climdiv-pmdicy-v1.0.0-20261006
2009-01,-2.62,-2.62,index,41413,climdiv-pmdicy-v1.0.0-20261006
2009-02,-2.94,-2.94,index,41413,climdiv-pmdicy-v1.0.0-20261006
2009-03,-2.22,-2.22,index,41413,climdiv-pmdicy-v1.0.0-20261006
2009-04,0.29,0.29,index,41413,climdiv-pmdicy-v1.0.0-20261006
2009-05,-0.73,-0.73,index,41413,climdiv-pmdicy-v1.0.0-20261006
2009-06,-1.68,-1.68,index,41413,climdiv-pmdicy-v1.0.0-20261006
2009-07,-0.04,-0.04,index,41413,climdiv-pmdicy-v1.0.0-20261006
2009-08,-1.25,-1.25,index,41413,climdiv-pmdicy-v1.0.0-20261006
2009-09,-0.36,-0.36,index,41413,climdiv-pmdicy-v1.0.0-20261006
2009-10,0.69,0.69,index,41413,climdiv-pmdicy-v1.0.0-20261006
2009-11,0.22,0.22,index,41413,climdiv-pmdicy-v1.0.0-20261006
2009-12,0.88,0.88,index,41413,climdiv-pmdicy-v1.0.0-20261006
2010-01,1.52,1.52,index,41413,climdiv-pmdicy-v1.0.0-20261006
2010-02,2.0,2.00,index,41413,climdiv-pmdicy-v1.0.0-20261006
2010-03,2.2,2.20,index,41413,climdiv-pmdicy-v1.0.0-20261006
2010-04,2.48,2.48,index,41413,climdiv-pmdicy-v1.0.0-20261006
2010-05,1.42,1.42,index,41413,climdiv-pmdicy-v1.0.0-20261006
2010-06,0.8,0.80,index,41413,climdiv-pmdicy-v1.0.0-20261006
2010-07,1.26,1.26,index,41413,climdiv-pmdicy-v1.0.0-20261006
2010-08,-0.25,-0.25,index,41413,climdiv-pmdicy-v1.0.0-20261006
2010-09,-1.11,-1.11,index,41413,climdiv-pmdicy-v1.0.0-20261006
2010-10,-1.54,-1.54,index,41413,climdiv-pmdicy-v1.0.0-20261006
2010-11,-2.04,-2.04,index,41413,climdiv-pmdicy-v1.0.0-20261006
2010-12,-1.96,-1.96,index,41413,climdiv-pmdicy-v1.0.0-20261006
2011-01,-1.95,-1.95,index,41413,climdiv-pmdicy-v1.0.0-20261006
2011-02,-2.07,-2.07,index,41413,climdiv-pmdicy-v1.0.0-20261006
2011-03,-2.63,-2.63,index,41413,climdiv-pmdicy-v1.0.0-20261006
2011-04,-3.42,-3.42,index,41413,climdiv-pmdicy-v1.0.0-20261006
2011-05,-4.21,-4.21,index,41413,climdiv-pmdicy-v1.0.0-20261006
2011-06,-5.01,-5.01,index,41413,climdiv-pmdicy-v1.0.0-20261006
2011-07,-5.41,-5.41,index,41413,climdiv-pmdicy-v1.0.0-20261006
2011-08,-5.65,-5.65,index,41413,climdiv-pmdicy-v1.0.0-20261006
2011-09,-5.67,-5.67,index,41413,climdiv-pmdicy-v1.0.0-20261006
2011-10,-4.85,-4.85,index,41413,climdiv-pmdicy-v1.0.0-20261006
2011-11,-4.96,-4.96,index,41413,climdiv-pmdicy-v1.0.0-20261006
2011-12,-3.36,-3.36,index,41413,climdiv-pmdicy-v1.0.0-20261006
2012-01,-2.07,-2.07,index,41413,climdiv-pmdicy-v1.0.0-20261006
2012-02,-0.53,-0.53,index,41413,climdiv-pmdicy-v1.0.0-20261006
2012-03,0.06,0.06,index,41413,climdiv-pmdicy-v1.0.0-20261006
2012-04,-0.8,-0.80,index,41413,climdiv-pmdicy-v1.0.0-20261006
2012-05,-0.31,-0.31,index,41413,climdiv-pmdicy-v1.0.0-20261006
2012-06,-1.68,-1.68,index,41413,climdiv-pmdicy-v1.0.0-20261006
2012-07,-2.31,-2.31,index,41413,climdiv-pmdicy-v1.0.0-20261006
2012-08,-2.96,-2.96,index,41413,climdiv-pmdicy-v1.0.0-20261006
2012-09,-1.91,-1.91,index,41413,climdiv-pmdicy-v1.0.0-20261006
2012-10,-2.79,-2.79,index,41413,climdiv-pmdicy-v1.0.0-20261006
2012-11,-3.2,-3.20,index,41413,climdiv-pmdicy-v1.0.0-20261006
2012-12,-3.39,-3.39,index,41413,climdiv-pmdicy-v1.0.0-20261006
2013-01,-2.81,-2.81,index,41413,climdiv-pmdicy-v1.0.0-20261006
2013-02,-3.04,-3.04,index,41413,climdiv-pmdicy-v1.0.0-20261006
2013-03,-3.3,-3.30,index,41413,climdiv-pmdicy-v1.0.0-20261006
2013-04,-3.14,-3.14,index,41413,climdiv-pmdicy-v1.0.0-20261006
2013-05,-2.89,-2.89,index,41413,climdiv-pmdicy-v1.0.0-20261006
2013-06,-3.33,-3.33,index,41413,climdiv-pmdicy-v1.0.0-20261006
2013-07,-1.91,-1.91,index,41413,climdiv-pmdicy-v1.0.0-20261006
2013-08,-2.92,-2.92,index,41413,climdiv-pmdicy-v1.0.0-20261006
2013-09,-1.24,-1.24,index,41413,climdiv-pmdicy-v1.0.0-20261006
2013-10,-0.16,-0.16,index,41413,climdiv-pmdicy-v1.0.0-20261006
2013-11,0.53,0.53,index,41413,climdiv-pmdicy-v1.0.0-20261006
2013-12,0.66,0.66,index,41413,climdiv-pmdicy-v1.0.0-20261006
2014-01,-0.13,-0.13,index,41413,climdiv-pmdicy-v1.0.0-20261006
2014-02,-0.88,-0.88,index,41413,climdiv-pmdicy-v1.0.0-20261006
2014-03,-1.44,-1.44,index,41413,climdiv-pmdicy-v1.0.0-20261006
2014-04,-2.35,-2.35,index,41413,climdiv-pmdicy-v1.0.0-20261006
2014-05,-0.95,-0.95,index,41413,climdiv-pmdicy-v1.0.0-20261006
2014-06,-1.1,-1.10,index,41413,climdiv-pmdicy-v1.0.0-20261006
2014-07,-1.96,-1.96,index,41413,climdiv-pmdicy-v1.0.0-20261006
2014-08,-1.45,-1.45,index,41413,climdiv-pmdicy-v1.0.0-20261006
2014-09,-1.69,-1.69,index,41413,climdiv-pmdicy-v1.0.0-20261006
2014-10,-2.26,-2.26,index,41413,climdiv-pmdicy-v1.0.0-20261006
2014-11,-0.24,-0.24,index,41413,climdiv-pmdicy-v1.0.0-20261006
2014-12,-0.66,-0.66,index,41413,climdiv-pmdicy-v1.0.0-20261006
2015-01,0.12,0.12,index,41413,climdiv-pmdicy-v1.0.0-20261006
2015-02,-0.35,-0.35,index,41413,climdiv-pmdicy-v1.0.0-20261006
2015-03,0.96,0.96,index,41413,climdiv-pmdicy-v1.0.0-20261006
2015-04,0.73,0.73,index,41413,climdiv-pmdicy-v1.0.0-20261006
2015-05,2.13,2.13,index,41413,climdiv-pmdicy-v1.0.0-20261006
2015-06,3.14,3.14,index,41413,climdiv-pmdicy-v1.0.0-20261006
2015-07,3.51,3.51,index,41413,climdiv-pmdicy-v1.0.0-20261006
2015-08,1.58,1.58,index,41413,climdiv-pmdicy-v1.0.0-20261006
2015-09,-0.53,-0.53,index,41413,climdiv-pmdicy-v1.0.0-20261006
2015-10,0.85,0.85,index,41413,climdiv-pmdicy-v1.0.0-20261006
2015-11,1.54,1.54,index,41413,climdiv-pmdicy-v1.0.0-20261006
2015-12,2.32,2.32,index,41413,climdiv-pmdicy-v1.0.0-20261006
2016-01,1.52,1.52,index,41413,climdiv-pmdicy-v1.0.0-20261006
2016-02,1.28,1.28,index,41413,climdiv-pmdicy-v1.0.0-20261006
2016-03,2.29,2.29,index,41413,climdiv-pmdicy-v1.0.0-20261006
2016-04,2.75,2.75,index,41413,climdiv-pmdicy-v1.0.0-20261006
2016-05,3.25,3.25,index,41413,climdiv-pmdicy-v1.0.0-20261006
2016-06,4.42,4.42,index,41413,climdiv-pmdicy-v1.0.0-20261006
2016-07,4.15,4.15,index,41413,climdiv-pmdicy-v1.0.0-20261006
2016-08,3.91,3.91,index,41413,climdiv-pmdicy-v1.0.0-20261006
2016-09,4.06,4.06,index,41413,climdiv-pmdicy-v1.0.0-20261006
2016-10,1.9,1.90,index,41413,climdiv-pmdicy-v1.0.0-20261006
2016-11,2.42,2.42,index,41413,climdiv-pmdicy-v1.0.0-20261006
2016-12,2.34,2.34,index,41413,climdiv-pmdicy-v1.0.0-20261006
2017-01,2.52,2.52,index,41413,climdiv-pmdicy-v1.0.0-20261006
2017-02,2.36,2.36,index,41413,climdiv-pmdicy-v1.0.0-20261006
2017-03,1.35,1.35,index,41413,climdiv-pmdicy-v1.0.0-20261006
2017-04,0.56,0.56,index,41413,climdiv-pmdicy-v1.0.0-20261006
2017-05,-0.13,-0.13,index,41413,climdiv-pmdicy-v1.0.0-20261006
2017-06,-1.2,-1.20,index,41413,climdiv-pmdicy-v1.0.0-20261006
2017-07,-0.22,-0.22,index,41413,climdiv-pmdicy-v1.0.0-20261006
2017-08,0.64,0.64,index,41413,climdiv-pmdicy-v1.0.0-20261006
2017-09,0.39,0.39,index,41413,climdiv-pmdicy-v1.0.0-20261006
2017-10,-0.82,-0.82,index,41413,climdiv-pmdicy-v1.0.0-20261006
2017-11,-1.3,-1.30,index,41413,climdiv-pmdicy-v1.0.0-20261006
2017-12,-0.47,-0.47,index,41413,climdiv-pmdicy-v1.0.0-20261006
2018-01,-1.3,-1.30,index,41413,climdiv-pmdicy-v1.0.0-20261006
2018-02,-1.25,-1.25,index,41413,climdiv-pmdicy-v1.0.0-20261006
2018-03,-1.45,-1.45,index,41413,climdiv-pmdicy-v1.0.0-20261006
2018-04,-2.08,-2.08,index,41413,climdiv-pmdicy-v1.0.0-20261006
2018-05,-2.6,-2.60,index,41413,climdiv-pmdicy-v1.0.0-20261006
2018-06,-3.36,-3.36,index,41413,climdiv-pmdicy-v1.0.0-20261006
2018-07,-3.3,-3.30,index,41413,climdiv-pmdicy-v1.0.0-20261006
2018-08,-1.76,-1.76,index,41413,climdiv-pmdicy-v1.0.0-20261006
2018-09,2.09,2.09,index,41413,climdiv-pmdicy-v1.0.0-20261006
2018-10,5.08,5.08,index,41413,climdiv-pmdicy-v1.0.0-20261006
2018-11,4.38,4.38,index,41413,climdiv-pmdicy-v1.0.0-20261006
2018-12,5.06,5.06,index,41413,climdiv-pmdicy-v1.0.0-20261006
2019-01,4.18,4.18,index,41413,climdiv-pmdicy-v1.0.0-20261006
2019-02,2.87,2.87,index,41413,climdiv-pmdicy-v1.0.0-20261006
2019-03,2.56,2.56,index,41413,climdiv-pmdicy-v1.0.0-20261006
2019-04,3.24,3.24,index,41413,climdiv-pmdicy-v1.0.0-20261006
2019-05,4.0,4.00,index,41413,climdiv-pmdicy-v1.0.0-20261006
2019-06,4.73,4.73,index,41413,climdiv-pmdicy-v1.0.0-20261006
2019-07,4.44,4.44,index,41413,climdiv-pmdicy-v1.0.0-20261006
2019-08,2.93,2.93,index,41413,climdiv-pmdicy-v1.0.0-20261006
2019-09,0.42,0.42,index,41413,climdiv-pmdicy-v1.0.0-20261006
2019-10,-0.4,-0.40,index,41413,climdiv-pmdicy-v1.0.0-20261006
2019-11,-0.8,-0.80,index,41413,climdiv-pmdicy-v1.0.0-20261006
2019-12,-0.99,-0.99,index,41413,climdiv-pmdicy-v1.0.0-20261006
2020-01,-1.19,-1.19,index,41413,climdiv-pmdicy-v1.0.0-20261006
2020-02,-0.65,-0.65,index,41413,climdiv-pmdicy-v1.0.0-20261006
2020-03,1.02,1.02,index,41413,climdiv-pmdicy-v1.0.0-20261006
2020-04,0.3,0.30,index,41413,climdiv-pmdicy-v1.0.0-20261006
2020-05,-0.5,-0.50,index,41413,climdiv-pmdicy-v1.0.0-20261006
2020-06,-1.46,-1.46,index,41413,climdiv-pmdicy-v1.0.0-20261006
2020-07,-1.81,-1.81,index,41413,climdiv-pmdicy-v1.0.0-20261006
2020-08,-2.4,-2.40,index,41413,climdiv-pmdicy-v1.0.0-20261006
2020-09,-0.72,-0.72,index,41413,climdiv-pmdicy-v1.0.0-20261006
2020-10,-1.95,-1.95,index,41413,climdiv-pmdicy-v1.0.0-20261006
2020-11,-2.53,-2.53,index,41413,climdiv-pmdicy-v1.0.0-20261006
2020-12,-2.51,-2.51,index,41413,climdiv-pmdicy-v1.0.0-20261006
2021-01,-2.18,-2.18,index,41413,climdiv-pmdicy-v1.0.0-20261006
2021-02,-2.15,-2.15,index,41413,climdiv-pmdicy-v1.0.0-20261006
2021-03,-2.05,-2.05,index,41413,climdiv-pmdicy-v1.0.0-20261006
2021-04,-2.1,-2.10,index,41413,climdiv-pmdicy-v1.0.0-20261006
2021-05,-2.07,-2.07,index,41413,climdiv-pmdicy-v1.0.0-20261006
2021-06,-1.82,-1.82,index,41413,climdiv-pmdicy-v1.0.0-20261006
2021-07,0.04,0.04,index,41413,climdiv-pmdicy-v1.0.0-20261006
2021-08,1.64,1.64,index,41413,climdiv-pmdicy-v1.0.0-20261006
2021-09,-0.74,-0.74,index,41413,climdiv-pmdicy-v1.0.0-20261006
2021-10,0.28,0.28,index,41413,climdiv-pmdicy-v1.0.0-20261006
2021-11,-0.24,-0.24,index,41413,climdiv-pmdicy-v1.0.0-20261006
2021-12,-1.28,-1.28,index,41413,climdiv-pmdicy-v1.0.0-20261006
2022-01,-1.51,-1.51,index,41413,climdiv-pmdicy-v1.0.0-20261006
2022-02,-1.58,-1.58,index,41413,climdiv-pmdicy-v1.0.0-20261006
2022-03,-1.92,-1.92,index,41413,climdiv-pmdicy-v1.0.0-20261006
2022-04,-2.72,-2.72,index,41413,climdiv-pmdicy-v1.0.0-20261006
2022-05,-3.86,-3.86,index,41413,climdiv-pmdicy-v1.0.0-20261006
2022-06,-4.46,-4.46,index,41413,climdiv-pmdicy-v1.0.0-20261006
2022-07,-4.93,-4.93,index,41413,climdiv-pmdicy-v1.0.0-20261006
2022-08,-4.13,-4.13,index,41413,climdiv-pmdicy-v1.0.0-20261006
2022-09,-4.41,-4.41,index,41413,climdiv-pmdicy-v1.0.0-20261006
2022-10,-4.23,-4.23,index,41413,climdiv-pmdicy-v1.0.0-20261006
2022-11,-2.4,-2.40,index,41413,climdiv-pmdicy-v1.0.0-20261006
2022-12,-2.6,-2.60,index,41413,climdiv-pmdicy-v1.0.0-20261006
2023-01,-2.96,-2.96,index,41413,climdiv-pmdicy-v1.0.0-20261006
2023-02,-3.08,-3.08,index,41413,climdiv-pmdicy-v1.0.0-20261006
2023-03,-3.22,-3.22,index,41413,climdiv-pmdicy-v1.0.0-20261006
2023-04,-3.68,-3.68,index,41413,climdiv-pmdicy-v1.0.0-20261006
2023-05,-2.61,-2.61,index,41413,climdiv-pmdicy-v1.0.0-20261006
2023-06,-3.46,-3.46,index,41413,climdiv-pmdicy-v1.0.0-20261006
2023-07,-3.67,-3.67,index,41413,climdiv-pmdicy-v1.0.0-20261006
2023-08,-4.13,-4.13,index,41413,climdiv-pmdicy-v1.0.0-20261006
2023-09,-3.28,-3.28,index,41413,climdiv-pmdicy-v1.0.0-20261006
2023-10,-2.13,-2.13,index,41413,climdiv-pmdicy-v1.0.0-20261006
2023-11,-2.06,-2.06,index,41413,climdiv-pmdicy-v1.0.0-20261006
2023-12,-1.16,-1.16,index,41413,climdiv-pmdicy-v1.0.0-20261006
2024-01,-1.32,-1.32,index,41413,climdiv-pmdicy-v1.0.0-20261006
2024-02,-1.62,-1.62,index,41413,climdiv-pmdicy-v1.0.0-20261006
2024-03,-1.29,-1.29,index,41413,climdiv-pmdicy-v1.0.0-20261006
2024-04,-2.36,-2.36,index,41413,climdiv-pmdicy-v1.0.0-20261006
2024-05,-2.61,-2.61,index,41413,climdiv-pmdicy-v1.0.0-20261006
2024-06,-3.2,-3.20,index,41413,climdiv-pmdicy-v1.0.0-20261006
2024-07,-1.58,-1.58,index,41413,climdiv-pmdicy-v1.0.0-20261006
2024-08,-2.88,-2.88,index,41413,climdiv-pmdicy-v1.0.0-20261006
2024-09,-2.45,-2.45,index,41413,climdiv-pmdicy-v1.0.0-20261006
2024-10,-3.33,-3.33,index,41413,climdiv-pmdicy-v1.0.0-20261006
2024-11,-2.92,-2.92,index,41413,climdiv-pmdicy-v1.0.0-20261006
2024-12,-3.28,-3.28,index,41413,climdiv-pmdicy-v1.0.0-20261006
2025-01,-3.21,-3.21,index,41413,climdiv-pmdicy-v1.0.0-20261006
2025-02,-3.42,-3.42,index,41413,climdiv-pmdicy-v1.0.0-20261006
2025-03,-3.82,-3.82,index,41413,climdiv-pmdicy-v1.0.0-20261006
2025-04,-3.18,-3.18,index,41413,climdiv-pmdicy-v1.0.0-20261006
2025-05,-3.44,-3.44,index,41413,climdiv-pmdicy-v1.0.0-20261006
2025-06,-2.96,-2.96,index,41413,climdiv-pmdicy-v1.0.0-20261006
2025-07,2.42,2.42,index,41413,climdiv-pmdicy-v1.0.0-20261006
2025-08,2.56,2.56,index,41413,climdiv-pmdicy-v1.0.0-20261006
2025-09,1.2,1.20,index,41413,climdiv-pmdicy-v1.0.0-20261006
2025-10,-0.09,-0.09,index,41413,climdiv-pmdicy-v1.0.0-20261006
2025-11,0.13,0.13,index,41413,climdiv-pmdicy-v1.0.0-20261006
2025-12,-1.21,-1.21,index,41413,climdiv-pmdicy-v1.0.0-20261006
2026-01,-1.41,-1.41,index,41413,climdiv-pmdicy-v1.0.0-20261006
2026-02,-1.88,-1.88,index,41413,climdiv-pmdicy-v1.0.0-20261006
2026-03,-2.31,-2.31,index,41413,climdiv-pmdicy-v1.0.0-20261006
2026-04,-0.93,-0.93,index,41413,climdiv-pmdicy-v1.0.0-20261006
2026-05,-0.55,-0.55,index,41413,climdiv-pmdicy-v1.0.0-20261006
2026-06,-1.93,-1.93,index,41413,climdiv-pmdicy-v1.0.0-20261006
2026-07,1.53,1.53,index,41413,climdiv-pmdicy-v1.0.0-20261006
2026-08,-0.92,-0.92,index,41413,climdiv-pmdicy-v1.0.0-20261006
2026-09,-1.67,-1.67,index,41413,climdiv-pmdicy-v1.0.0-20261006
