date,station,hours_reported,hours_with_precip_value,precip_in,wet_descriptions
2026-09-28,KATT,18,0,0.0,0
2026-09-28,KAUS,236,1,0.0,1
2026-09-29,KATT,28,0,0.0,0
2026-09-29,KAUS,294,1,0.0,1
2026-09-30,KATT,37,3,0.0,0
2026-09-30,KAUS,318,4,0.197,18
2026-10-01,KATT,62,36,3.697,17
2026-10-01,KAUS,316,18,1.803,123
2026-10-02,KATT,57,34,1.969,22
2026-10-02,KAUS,323,13,0.449,68
2026-10-03,KATT,40,0,0.0,0
2026-10-03,KAUS,314,2,0.0,8
2026-10-04,KATT,49,18,0.11,6
2026-10-04,KAUS,320,10,0.087,49
2026-10-05,KATT,24,0,0.0,0
2026-10-05,KAUS,308,0,0.0,0
2026-10-06,KATT,24,0,0.0,0
2026-10-06,KAUS,312,0,0.0,0
2026-10-07,KATT,21,0,0.0,0
2026-10-07,KAUS,285,0,0.0,0
2026-10-08,KATT,24,0,0.0,0
2026-10-08,KAUS,310,0,0.0,0
2026-10-09,KATT,24,0,0.0,0
2026-10-09,KAUS,310,0,0.0,0
2026-10-10,KATT,7,0,0.0,0
2026-10-10,KAUS,92,0,0.0,0
