year,aquifer,use,count,source_file,type_of_work
1984,,"Domestic",1,SDRDownload.zip:SDRDownload/WellData.txt,"New Well"
1997,,"Domestic",1,SDRDownload.zip:SDRDownload/WellData.txt,"New Well"
1998,,"Domestic",1,SDRDownload.zip:SDRDownload/WellData.txt,"New Well"
2000,,"Domestic",7,SDRDownload.zip:SDRDownload/WellData.txt,"New Well"
2000,,"Public Supply",1,SDRDownload.zip:SDRDownload/WellData.txt,"New Well"
2001,,"Domestic",24,SDRDownload.zip:SDRDownload/WellData.txt,"New Well"
2001,,"Environmental Soil Boring",10,SDRDownload.zip:SDRDownload/WellData.txt,"New Well"
2001,,"Monitor",1,SDRDownload.zip:SDRDownload/WellData.txt,"New Well"
2001,,"Public Supply",1,SDRDownload.zip:SDRDownload/WellData.txt,"New Well"
2002,,"Domestic",59,SDRDownload.zip:SDRDownload/WellData.txt,"New Well"
2002,,"Injection",1,SDRDownload.zip:SDRDownload/WellData.txt,"New Well"
2002,,"Monitor",3,SDRDownload.zip:SDRDownload/WellData.txt,"New Well"
2002,,"Public Supply",1,SDRDownload.zip:SDRDownload/WellData.txt,"New Well"
2002,,"Test Well",1,SDRDownload.zip:SDRDownload/WellData.txt,"New Well"
2003,,"Closed-Loop Geothermal",1,SDRDownload.zip:SDRDownload/WellData.txt,"New Well"
2003,,"Domestic",103,SDRDownload.zip:SDRDownload/WellData.txt,"New Well"
2003,,"Domestic",4,SDRDownload.zip:SDRDownload/WellData.txt,"Replacement"
2003,,"Environmental Soil Boring",3,SDRDownload.zip:SDRDownload/WellData.txt,"New Well"
2003,,"Environmental Soil Boring",2,SDRDownload.zip:SDRDownload/WellData.txt,"Unknown"
2003,,"Industrial",1,SDRDownload.zip:SDRDownload/WellData.txt,"New Well"
2003,,"Irrigation",10,SDRDownload.zip:SDRDownload/WellData.txt,"New Well"
2003,,"Irrigation",5,SDRDownload.zip:SDRDownload/WellData.txt,"Replacement"
2003,,"Monitor",14,SDRDownload.zip:SDRDownload/WellData.txt,"New Well"
2003,,"Public Supply",2,SDRDownload.zip:SDRDownload/WellData.txt,"New Well"
2003,,"Public Supply",1,SDRDownload.zip:SDRDownload/WellData.txt,"Reconditioning"
2003,,"Test Well",1,SDRDownload.zip:SDRDownload/WellData.txt,"New Well"
2004,,"Closed-Loop Geothermal",1,SDRDownload.zip:SDRDownload/WellData.txt,"New Well"
2004,,"Domestic",117,SDRDownload.zip:SDRDownload/WellData.txt,"New Well"
2004,,"Domestic",2,SDRDownload.zip:SDRDownload/WellData.txt,"Reconditioning"
2004,,"Domestic",5,SDRDownload.zip:SDRDownload/WellData.txt,"Replacement"
2004,,"Environmental Soil Boring",1,SDRDownload.zip:SDRDownload/WellData.txt,"New Well"
2004,,"Industrial",6,SDRDownload.zip:SDRDownload/WellData.txt,"New Well"
2004,,"Irrigation",19,SDRDownload.zip:SDRDownload/WellData.txt,"New Well"
2004,,"Irrigation",4,SDRDownload.zip:SDRDownload/WellData.txt,"Replacement"
2004,,"Monitor",14,SDRDownload.zip:SDRDownload/WellData.txt,"New Well"
2004,,"Public Supply",1,SDRDownload.zip:SDRDownload/WellData.txt,"Reconditioning"
2004,,"Stock",2,SDRDownload.zip:SDRDownload/WellData.txt,"New Well"
2004,,"Test Well",3,SDRDownload.zip:SDRDownload/WellData.txt,"New Well"
2005,,"Closed-Loop Geothermal",2,SDRDownload.zip:SDRDownload/WellData.txt,"New Well"
2005,,"Domestic",1,SDRDownload.zip:SDRDownload/WellData.txt,"Deepening"
2005,,"Domestic",130,SDRDownload.zip:SDRDownload/WellData.txt,"New Well"
2005,,"Domestic",2,SDRDownload.zip:SDRDownload/WellData.txt,"Reconditioning"
2005,,"Domestic",3,SDRDownload.zip:SDRDownload/WellData.txt,"Replacement"
2005,,"Environmental Soil Boring",7,SDRDownload.zip:SDRDownload/WellData.txt,"New Well"
2005,,"Industrial",3,SDRDownload.zip:SDRDownload/WellData.txt,"New Well"
2005,,"Irrigation",8,SDRDownload.zip:SDRDownload/WellData.txt,"New Well"
2005,,"Monitor",6,SDRDownload.zip:SDRDownload/WellData.txt,"New Well"
2005,,"Public Supply",3,SDRDownload.zip:SDRDownload/WellData.txt,"New Well"
2005,,"Stock",2,SDRDownload.zip:SDRDownload/WellData.txt,"New Well"
2005,,"Stock",1,SDRDownload.zip:SDRDownload/WellData.txt,"Reconditioning"
2005,,"Test Well",10,SDRDownload.zip:SDRDownload/WellData.txt,"New Well"
2006,,"Closed-Loop Geothermal",2,SDRDownload.zip:SDRDownload/WellData.txt,"New Well"
2006,,"Domestic",1,SDRDownload.zip:SDRDownload/WellData.txt,"Deepening"
2006,,"Domestic",161,SDRDownload.zip:SDRDownload/WellData.txt,"New Well"
2006,,"Domestic",2,SDRDownload.zip:SDRDownload/WellData.txt,"Reconditioning"
2006,,"Domestic",8,SDRDownload.zip:SDRDownload/WellData.txt,"Replacement"
2006,,"Environmental Soil Boring",79,SDRDownload.zip:SDRDownload/WellData.txt,"New Well"
2006,,"Industrial",7,SDRDownload.zip:SDRDownload/WellData.txt,"New Well"
2006,,"Irrigation",16,SDRDownload.zip:SDRDownload/WellData.txt,"New Well"
2006,,"Monitor",11,SDRDownload.zip:SDRDownload/WellData.txt,"New Well"
2006,,"Public Supply",5,SDRDownload.zip:SDRDownload/WellData.txt,"New Well"
2006,,"Public Supply",1,SDRDownload.zip:SDRDownload/WellData.txt,"Reconditioning"
2006,,"Stock",3,SDRDownload.zip:SDRDownload/WellData.txt,"New Well"
2006,,"Stock",1,SDRDownload.zip:SDRDownload/WellData.txt,"Replacement"
2006,,"Test Well",11,SDRDownload.zip:SDRDownload/WellData.txt,"New Well"
2007,,"Closed-Loop Geothermal",2,SDRDownload.zip:SDRDownload/WellData.txt,"New Well"
2007,,"Domestic",92,SDRDownload.zip:SDRDownload/WellData.txt,"New Well"
2007,,"Domestic",1,SDRDownload.zip:SDRDownload/WellData.txt,"Reconditioning"
2007,,"Domestic",1,SDRDownload.zip:SDRDownload/WellData.txt,"Replacement"
2007,,"Environmental Soil Boring",64,SDRDownload.zip:SDRDownload/WellData.txt,"New Well"
2007,,"Industrial",2,SDRDownload.zip:SDRDownload/WellData.txt,"New Well"
2007,,"Irrigation",4,SDRDownload.zip:SDRDownload/WellData.txt,"New Well"
2007,,"Monitor",40,SDRDownload.zip:SDRDownload/WellData.txt,"New Well"
2007,,"Public Supply",1,SDRDownload.zip:SDRDownload/WellData.txt,"New Well"
2007,,"Rig Supply",1,SDRDownload.zip:SDRDownload/WellData.txt,"New Well"
2007,,"Stock",2,SDRDownload.zip:SDRDownload/WellData.txt,"New Well"
2007,,"Stock",3,SDRDownload.zip:SDRDownload/WellData.txt,"Replacement"
2008,,"Closed-Loop Geothermal",2,SDRDownload.zip:SDRDownload/WellData.txt,"New Well"
2008,,"Domestic",1,SDRDownload.zip:SDRDownload/WellData.txt,"Deepening"
2008,,"Domestic",88,SDRDownload.zip:SDRDownload/WellData.txt,"New Well"
2008,,"Domestic",1,SDRDownload.zip:SDRDownload/WellData.txt,"Reconditioning"
2008,,"Environmental Soil Boring",16,SDRDownload.zip:SDRDownload/WellData.txt,"New Well"
2008,,"Industrial",3,SDRDownload.zip:SDRDownload/WellData.txt,"New Well"
2008,,"Irrigation",12,SDRDownload.zip:SDRDownload/WellData.txt,"New Well"
2008,,"Monitor",23,SDRDownload.zip:SDRDownload/WellData.txt,"New Well"
2008,,"Public Supply",2,SDRDownload.zip:SDRDownload/WellData.txt,"New Well"
2008,,"Rig Supply",1,SDRDownload.zip:SDRDownload/WellData.txt,"New Well"
2009,,"Closed-Loop Geothermal",3,SDRDownload.zip:SDRDownload/WellData.txt,"New Well"
2009,,"Domestic",2,SDRDownload.zip:SDRDownload/WellData.txt,"Deepening"
2009,,"Domestic",87,SDRDownload.zip:SDRDownload/WellData.txt,"New Well"
2009,,"Environmental Soil Boring",30,SDRDownload.zip:SDRDownload/WellData.txt,"New Well"
2009,,"Industrial",2,SDRDownload.zip:SDRDownload/WellData.txt,"New Well"
2009,,"Irrigation",1,SDRDownload.zip:SDRDownload/WellData.txt,"Deepening"
2009,,"Irrigation",12,SDRDownload.zip:SDRDownload/WellData.txt,"New Well"
2009,,"Monitor",28,SDRDownload.zip:SDRDownload/WellData.txt,"New Well"
2009,,"Public Supply",1,SDRDownload.zip:SDRDownload/WellData.txt,"New Well"
2009,,"Stock",4,SDRDownload.zip:SDRDownload/WellData.txt,"New Well"
2009,,"Test Well",3,SDRDownload.zip:SDRDownload/WellData.txt,"New Well"
2010,,"Closed-Loop Geothermal",3,SDRDownload.zip:SDRDownload/WellData.txt,"New Well"
2010,,"Domestic",75,SDRDownload.zip:SDRDownload/WellData.txt,"New Well"
2010,,"Domestic",1,SDRDownload.zip:SDRDownload/WellData.txt,"Reconditioning"
2010,,"Environmental Soil Boring",22,SDRDownload.zip:SDRDownload/WellData.txt,"New Well"
2010,,"Industrial",1,SDRDownload.zip:SDRDownload/WellData.txt,"New Well"
2010,,"Irrigation",18,SDRDownload.zip:SDRDownload/WellData.txt,"New Well"
2010,,"Monitor",16,SDRDownload.zip:SDRDownload/WellData.txt,"New Well"
2010,,"Monitor",1,SDRDownload.zip:SDRDownload/WellData.txt,"Reconditioning"
2010,,"Public Supply",2,SDRDownload.zip:SDRDownload/WellData.txt,"New Well"
2010,,"Stock",2,SDRDownload.zip:SDRDownload/WellData.txt,"New Well"
2010,,"Test Well",3,SDRDownload.zip:SDRDownload/WellData.txt,"New Well"
2011,,"Closed-Loop Geothermal",3,SDRDownload.zip:SDRDownload/WellData.txt,"New Well"
2011,,"Domestic",3,SDRDownload.zip:SDRDownload/WellData.txt,"Deepening"
2011,,"Domestic",93,SDRDownload.zip:SDRDownload/WellData.txt,"New Well"
2011,,"Domestic",4,SDRDownload.zip:SDRDownload/WellData.txt,"Replacement"
2011,,"Environmental Soil Boring",14,SDRDownload.zip:SDRDownload/WellData.txt,"New Well"
2011,,"Industrial",2,SDRDownload.zip:SDRDownload/WellData.txt,"New Well"
2011,,"Irrigation",24,SDRDownload.zip:SDRDownload/WellData.txt,"New Well"
2011,,"Monitor",20,SDRDownload.zip:SDRDownload/WellData.txt,"New Well"
2011,,"Stock",4,SDRDownload.zip:SDRDownload/WellData.txt,"New Well"
2011,,"Test Well",9,SDRDownload.zip:SDRDownload/WellData.txt,"New Well"
2012,,"Closed-Loop Geothermal",7,SDRDownload.zip:SDRDownload/WellData.txt,"New Well"
2012,,"Domestic",3,SDRDownload.zip:SDRDownload/WellData.txt,"Deepening"
2012,,"Domestic",104,SDRDownload.zip:SDRDownload/WellData.txt,"New Well"
2012,,"Domestic",4,SDRDownload.zip:SDRDownload/WellData.txt,"Replacement"
2012,,"Environmental Soil Boring",25,SDRDownload.zip:SDRDownload/WellData.txt,"New Well"
2012,,"Irrigation",19,SDRDownload.zip:SDRDownload/WellData.txt,"New Well"
2012,,"Monitor",30,SDRDownload.zip:SDRDownload/WellData.txt,"New Well"
2012,,"Public Supply",2,SDRDownload.zip:SDRDownload/WellData.txt,"New Well"
2012,,"Stock",4,SDRDownload.zip:SDRDownload/WellData.txt,"New Well"
2012,,"Test Well",2,SDRDownload.zip:SDRDownload/WellData.txt,"New Well"
2013,,"Closed-Loop Geothermal",1,SDRDownload.zip:SDRDownload/WellData.txt,"New Well"
2013,,"Domestic",94,SDRDownload.zip:SDRDownload/WellData.txt,"New Well"
2013,,"Domestic",1,SDRDownload.zip:SDRDownload/WellData.txt,"Reconditioning"
2013,,"Domestic",12,SDRDownload.zip:SDRDownload/WellData.txt,"Replacement"
2013,,"Environmental Soil Boring",41,SDRDownload.zip:SDRDownload/WellData.txt,"New Well"
2013,,"Industrial",4,SDRDownload.zip:SDRDownload/WellData.txt,"New Well"
2013,,"Irrigation",22,SDRDownload.zip:SDRDownload/WellData.txt,"New Well"
2013,,"Monitor",20,SDRDownload.zip:SDRDownload/WellData.txt,"New Well"
2013,,"Public Supply",2,SDRDownload.zip:SDRDownload/WellData.txt,"New Well"
2013,,"Stock",1,SDRDownload.zip:SDRDownload/WellData.txt,"New Well"
2013,,"Test Well",1,SDRDownload.zip:SDRDownload/WellData.txt,"New Well"
2014,,"Closed-Loop Geothermal",3,SDRDownload.zip:SDRDownload/WellData.txt,"New Well"
2014,,"Domestic",99,SDRDownload.zip:SDRDownload/WellData.txt,"New Well"
2014,,"Domestic",2,SDRDownload.zip:SDRDownload/WellData.txt,"Replacement"
2014,,"Environmental Soil Boring",14,SDRDownload.zip:SDRDownload/WellData.txt,"New Well"
2014,,"Industrial",2,SDRDownload.zip:SDRDownload/WellData.txt,"New Well"
2014,,"Irrigation",1,SDRDownload.zip:SDRDownload/WellData.txt,"Deepening"
2014,,"Irrigation",25,SDRDownload.zip:SDRDownload/WellData.txt,"New Well"
2014,,"Monitor",19,SDRDownload.zip:SDRDownload/WellData.txt,"New Well"
2014,,"Public Supply",2,SDRDownload.zip:SDRDownload/WellData.txt,"New Well"
2014,,"Stock",2,SDRDownload.zip:SDRDownload/WellData.txt,"New Well"
2014,,"Stock",3,SDRDownload.zip:SDRDownload/WellData.txt,"Replacement"
2014,,"Test Well",8,SDRDownload.zip:SDRDownload/WellData.txt,"New Well"
2015,,"Closed-Loop Geothermal",2,SDRDownload.zip:SDRDownload/WellData.txt,"New Well"
2015,,"Domestic",95,SDRDownload.zip:SDRDownload/WellData.txt,"New Well"
2015,,"Domestic",4,SDRDownload.zip:SDRDownload/WellData.txt,"Replacement"
2015,,"Environmental Soil Boring",27,SDRDownload.zip:SDRDownload/WellData.txt,"New Well"
2015,,"Industrial",1,SDRDownload.zip:SDRDownload/WellData.txt,"New Well"
2015,,"Irrigation",11,SDRDownload.zip:SDRDownload/WellData.txt,"New Well"
2015,,"Monitor",28,SDRDownload.zip:SDRDownload/WellData.txt,"New Well"
2015,,"Public Supply",1,SDRDownload.zip:SDRDownload/WellData.txt,"New Well"
2015,,"Stock",1,SDRDownload.zip:SDRDownload/WellData.txt,"New Well"
2015,,"Stock",1,SDRDownload.zip:SDRDownload/WellData.txt,"Replacement"
2015,,"Test Well",5,SDRDownload.zip:SDRDownload/WellData.txt,"New Well"
2016,,"Closed-Loop Geothermal",5,SDRDownload.zip:SDRDownload/WellData.txt,"New Well"
2016,,"Domestic",95,SDRDownload.zip:SDRDownload/WellData.txt,"New Well"
2016,,"Domestic",1,SDRDownload.zip:SDRDownload/WellData.txt,"Other"
2016,,"Environmental Soil Boring",2,SDRDownload.zip:SDRDownload/WellData.txt,"Deepening"
2016,,"Environmental Soil Boring",38,SDRDownload.zip:SDRDownload/WellData.txt,"New Well"
2016,,"Irrigation",12,SDRDownload.zip:SDRDownload/WellData.txt,"New Well"
2016,,"Monitor",1,SDRDownload.zip:SDRDownload/WellData.txt,"Deepening"
2016,,"Monitor",20,SDRDownload.zip:SDRDownload/WellData.txt,"New Well"
2016,,"Other",3,SDRDownload.zip:SDRDownload/WellData.txt,"New Well"
2016,,"Public Supply",1,SDRDownload.zip:SDRDownload/WellData.txt,"New Well"
2016,,"Stock",7,SDRDownload.zip:SDRDownload/WellData.txt,"New Well"
2016,,"Stock",1,SDRDownload.zip:SDRDownload/WellData.txt,"Unknown"
2016,,"Unknown",1,SDRDownload.zip:SDRDownload/WellData.txt,"Unknown"
2017,,"Closed-Loop Geothermal",2,SDRDownload.zip:SDRDownload/WellData.txt,"New Well"
2017,,"Domestic",74,SDRDownload.zip:SDRDownload/WellData.txt,"New Well"
2017,,"Domestic",6,SDRDownload.zip:SDRDownload/WellData.txt,"Replacement"
2017,,"Environmental Soil Boring",21,SDRDownload.zip:SDRDownload/WellData.txt,"New Well"
2017,,"Industrial",1,SDRDownload.zip:SDRDownload/WellData.txt,"Deepening"
2017,,"Industrial",1,SDRDownload.zip:SDRDownload/WellData.txt,"New Well"
2017,,"Irrigation",13,SDRDownload.zip:SDRDownload/WellData.txt,"New Well"
2017,,"Irrigation",1,SDRDownload.zip:SDRDownload/WellData.txt,"Replacement"
2017,,"Monitor",15,SDRDownload.zip:SDRDownload/WellData.txt,"New Well"
2017,,"Other",8,SDRDownload.zip:SDRDownload/WellData.txt,"New Well"
2017,,"Public Supply",5,SDRDownload.zip:SDRDownload/WellData.txt,"New Well"
2017,,"Stock",2,SDRDownload.zip:SDRDownload/WellData.txt,"New Well"
2018,,"Domestic",148,SDRDownload.zip:SDRDownload/WellData.txt,"New Well"
2018,,"Domestic",4,SDRDownload.zip:SDRDownload/WellData.txt,"Replacement"
2018,,"Environmental Soil Boring",28,SDRDownload.zip:SDRDownload/WellData.txt,"New Well"
2018,,"Industrial",7,SDRDownload.zip:SDRDownload/WellData.txt,"New Well"
2018,,"Irrigation",14,SDRDownload.zip:SDRDownload/WellData.txt,"New Well"
2018,,"Monitor",14,SDRDownload.zip:SDRDownload/WellData.txt,"New Well"
2018,,"Other",10,SDRDownload.zip:SDRDownload/WellData.txt,"New Well"
2018,,"Public Supply",1,SDRDownload.zip:SDRDownload/WellData.txt,"New Well"
2018,,"Stock",3,SDRDownload.zip:SDRDownload/WellData.txt,"New Well"
2018,,"Test Well",18,SDRDownload.zip:SDRDownload/WellData.txt,"New Well"
2018,,"Test Well",3,SDRDownload.zip:SDRDownload/WellData.txt,"Other"
2018,,"Unknown",1,SDRDownload.zip:SDRDownload/WellData.txt,"New Well"
2019,,"Closed-Loop Geothermal",7,SDRDownload.zip:SDRDownload/WellData.txt,"New Well"
2019,,"Domestic",1,SDRDownload.zip:SDRDownload/WellData.txt,"Deepening"
2019,,"Domestic",134,SDRDownload.zip:SDRDownload/WellData.txt,"New Well"
2019,,"Domestic",1,SDRDownload.zip:SDRDownload/WellData.txt,"Replacement"
2019,,"Environmental Soil Boring",9,SDRDownload.zip:SDRDownload/WellData.txt,"New Well"
2019,,"Industrial",2,SDRDownload.zip:SDRDownload/WellData.txt,"New Well"
2019,,"Irrigation",20,SDRDownload.zip:SDRDownload/WellData.txt,"New Well"
2019,,"Monitor",21,SDRDownload.zip:SDRDownload/WellData.txt,"New Well"
2019,,"Other",3,SDRDownload.zip:SDRDownload/WellData.txt,"New Well"
2019,,"Public Supply",1,SDRDownload.zip:SDRDownload/WellData.txt,"Replacement"
2019,,"Stock",4,SDRDownload.zip:SDRDownload/WellData.txt,"New Well"
2019,,"Test Well",3,SDRDownload.zip:SDRDownload/WellData.txt,"New Well"
2020,,"Closed-Loop Geothermal",3,SDRDownload.zip:SDRDownload/WellData.txt,"New Well"
2020,,"Domestic",158,SDRDownload.zip:SDRDownload/WellData.txt,"New Well"
2020,,"Domestic",1,SDRDownload.zip:SDRDownload/WellData.txt,"Replacement"
2020,,"Environmental Soil Boring",13,SDRDownload.zip:SDRDownload/WellData.txt,"New Well"
2020,,"Industrial",2,SDRDownload.zip:SDRDownload/WellData.txt,"New Well"
2020,,"Irrigation",13,SDRDownload.zip:SDRDownload/WellData.txt,"New Well"
2020,,"Irrigation",1,SDRDownload.zip:SDRDownload/WellData.txt,"Replacement"
2020,,"Monitor",14,SDRDownload.zip:SDRDownload/WellData.txt,"New Well"
2020,,"Monitor",1,SDRDownload.zip:SDRDownload/WellData.txt,"Replacement"
2020,,"Other",10,SDRDownload.zip:SDRDownload/WellData.txt,"New Well"
2020,,"Public Supply",1,SDRDownload.zip:SDRDownload/WellData.txt,"New Well"
2020,,"Stock",2,SDRDownload.zip:SDRDownload/WellData.txt,"New Well"
2020,,"Test Well",3,SDRDownload.zip:SDRDownload/WellData.txt,"New Well"
2021,,"Domestic",167,SDRDownload.zip:SDRDownload/WellData.txt,"New Well"
2021,,"Domestic",1,SDRDownload.zip:SDRDownload/WellData.txt,"Reconditioning"
2021,,"Environmental Soil Boring",7,SDRDownload.zip:SDRDownload/WellData.txt,"New Well"
2021,,"Industrial",7,SDRDownload.zip:SDRDownload/WellData.txt,"New Well"
2021,,"Irrigation",13,SDRDownload.zip:SDRDownload/WellData.txt,"New Well"
2021,,"Monitor",20,SDRDownload.zip:SDRDownload/WellData.txt,"New Well"
2021,,"Public Supply",2,SDRDownload.zip:SDRDownload/WellData.txt,"New Well"
2021,,"Stock",1,SDRDownload.zip:SDRDownload/WellData.txt,"New Well"
2022,,"Closed-Loop Geothermal",3,SDRDownload.zip:SDRDownload/WellData.txt,"New Well"
2022,,"Domestic",193,SDRDownload.zip:SDRDownload/WellData.txt,"New Well"
2022,,"Domestic",1,SDRDownload.zip:SDRDownload/WellData.txt,"Replacement"
2022,,"Environmental Soil Boring",27,SDRDownload.zip:SDRDownload/WellData.txt,"New Well"
2022,,"Industrial",5,SDRDownload.zip:SDRDownload/WellData.txt,"New Well"
2022,,"Irrigation",17,SDRDownload.zip:SDRDownload/WellData.txt,"New Well"
2022,,"Irrigation",1,SDRDownload.zip:SDRDownload/WellData.txt,"Other"
2022,,"Monitor",18,SDRDownload.zip:SDRDownload/WellData.txt,"New Well"
2022,,"Public Supply",2,SDRDownload.zip:SDRDownload/WellData.txt,"New Well"
2022,,"Stock",4,SDRDownload.zip:SDRDownload/WellData.txt,"New Well"
2022,,"Test Well",10,SDRDownload.zip:SDRDownload/WellData.txt,"New Well"
2023,,"Closed-Loop Geothermal",6,SDRDownload.zip:SDRDownload/WellData.txt,"New Well"
2023,,"Domestic",111,SDRDownload.zip:SDRDownload/WellData.txt,"New Well"
2023,,"Domestic",2,SDRDownload.zip:SDRDownload/WellData.txt,"Replacement"
2023,,"Environmental Soil Boring",1,SDRDownload.zip:SDRDownload/WellData.txt,"New Well"
2023,,"Industrial",8,SDRDownload.zip:SDRDownload/WellData.txt,"New Well"
2023,,"Injection",2,SDRDownload.zip:SDRDownload/WellData.txt,"New Well"
2023,,"Irrigation",20,SDRDownload.zip:SDRDownload/WellData.txt,"New Well"
2023,,"Monitor",17,SDRDownload.zip:SDRDownload/WellData.txt,"New Well"
2023,,"Public Supply",12,SDRDownload.zip:SDRDownload/WellData.txt,"New Well"
2023,,"Stock",7,SDRDownload.zip:SDRDownload/WellData.txt,"New Well"
2023,,"Test Well",10,SDRDownload.zip:SDRDownload/WellData.txt,"New Well"
2024,,"Closed-Loop Geothermal",4,SDRDownload.zip:SDRDownload/WellData.txt,"New Well"
2024,,"Domestic",88,SDRDownload.zip:SDRDownload/WellData.txt,"New Well"
2024,,"Domestic",4,SDRDownload.zip:SDRDownload/WellData.txt,"Replacement"
2024,,"Environmental Soil Boring",24,SDRDownload.zip:SDRDownload/WellData.txt,"New Well"
2024,,"Industrial",7,SDRDownload.zip:SDRDownload/WellData.txt,"New Well"
2024,,"Irrigation",25,SDRDownload.zip:SDRDownload/WellData.txt,"New Well"
2024,,"Irrigation",1,SDRDownload.zip:SDRDownload/WellData.txt,"Reconditioning"
2024,,"Irrigation",1,SDRDownload.zip:SDRDownload/WellData.txt,"Replacement"
2024,,"Monitor",16,SDRDownload.zip:SDRDownload/WellData.txt,"New Well"
2024,,"Other",1,SDRDownload.zip:SDRDownload/WellData.txt,"New Well"
2024,,"Public Supply",7,SDRDownload.zip:SDRDownload/WellData.txt,"New Well"
2024,,"Stock",2,SDRDownload.zip:SDRDownload/WellData.txt,"New Well"
2024,,"Test Well",2,SDRDownload.zip:SDRDownload/WellData.txt,"New Well"
2025,,"Domestic",77,SDRDownload.zip:SDRDownload/WellData.txt,"New Well"
2025,,"Domestic",3,SDRDownload.zip:SDRDownload/WellData.txt,"Replacement"
2025,,"Environmental Soil Boring",70,SDRDownload.zip:SDRDownload/WellData.txt,"New Well"
2025,,"Industrial",5,SDRDownload.zip:SDRDownload/WellData.txt,"New Well"
2025,,"Irrigation",20,SDRDownload.zip:SDRDownload/WellData.txt,"New Well"
2025,,"Monitor",21,SDRDownload.zip:SDRDownload/WellData.txt,"New Well"
2025,,"Other",2,SDRDownload.zip:SDRDownload/WellData.txt,"New Well"
2025,,"Public Supply",8,SDRDownload.zip:SDRDownload/WellData.txt,"New Well"
2025,,"Stock",4,SDRDownload.zip:SDRDownload/WellData.txt,"New Well"
2025,,"Test Well",4,SDRDownload.zip:SDRDownload/WellData.txt,"New Well"
2026,,"Closed-Loop Geothermal",1,SDRDownload.zip:SDRDownload/WellData.txt,"New Well"
2026,,"Domestic",28,SDRDownload.zip:SDRDownload/WellData.txt,"New Well"
2026,,"Domestic",1,SDRDownload.zip:SDRDownload/WellData.txt,"Replacement"
2026,,"Environmental Soil Boring",24,SDRDownload.zip:SDRDownload/WellData.txt,"New Well"
2026,,"Industrial",1,SDRDownload.zip:SDRDownload/WellData.txt,"New Well"
2026,,"Irrigation",5,SDRDownload.zip:SDRDownload/WellData.txt,"New Well"
2026,,"Monitor",19,SDRDownload.zip:SDRDownload/WellData.txt,"New Well"
2026,,"Other",8,SDRDownload.zip:SDRDownload/WellData.txt,"New Well"
2026,,"Public Supply",9,SDRDownload.zip:SDRDownload/WellData.txt,"New Well"
2026,,"Test Well",4,SDRDownload.zip:SDRDownload/WellData.txt,"Other"
